configuration,id,seed,context,arm,draw,valid,setting,fallback,gain_per_round,S3_selected
DeepSeek/OFF,s206-rank6-d1-pos0,206,s206-rank6,cooperation,1,True,default,False,0.11670833333333319,True
DeepSeek/OFF,s206-rank6-d1-pos0,206,s206-rank6,cooperation,1,True,noise01,False,0.09433333333333294,True
DeepSeek/OFF,s206-rank6-d1-pos0,206,s206-rank6,cooperation,1,True,long,False,0.06441666666666701,True
DeepSeek/OFF,s206-rank6-d1-pos1,206,s206-rank6,background,1,True,default,False,0.016666666666666385,False
DeepSeek/OFF,s206-rank6-d1-pos1,206,s206-rank6,background,1,True,noise01,False,0.0007916666666663019,False
DeepSeek/OFF,s206-rank6-d1-pos1,206,s206-rank6,background,1,True,long,False,-0.004604166666666298,False
DeepSeek/OFF,s206-rank6-d1-pos2,206,s206-rank6,accurate,1,True,default,False,0.06849999999999978,False
DeepSeek/OFF,s206-rank6-d1-pos2,206,s206-rank6,accurate,1,True,noise01,False,0.06812499999999955,False
DeepSeek/OFF,s206-rank6-d1-pos2,206,s206-rank6,accurate,1,True,long,False,0.04229166666666684,False
DeepSeek/OFF,s206-rank6-d1-pos3,206,s206-rank6,mismatched,1,True,default,False,0.029166666666666563,False
DeepSeek/OFF,s206-rank6-d1-pos3,206,s206-rank6,mismatched,1,True,noise01,False,0.012541666666666451,False
DeepSeek/OFF,s206-rank6-d1-pos3,206,s206-rank6,mismatched,1,True,long,False,-0.033583333333333076,False
DeepSeek/OFF,s206-rank6-d1-pos4,206,s206-rank6,score,1,True,default,False,0.07866666666666666,True
DeepSeek/OFF,s206-rank6-d1-pos4,206,s206-rank6,score,1,True,noise01,False,0.07558333333333289,True
DeepSeek/OFF,s206-rank6-d1-pos4,206,s206-rank6,score,1,True,long,False,0.039875000000000105,True
DeepSeek/OFF,s205-rank6-d0-pos0,205,s205-rank6,mismatched,0,True,default,False,-0.06333333333333369,True
DeepSeek/OFF,s205-rank6-d0-pos0,205,s205-rank6,mismatched,0,True,noise01,False,-0.055333333333333234,True
DeepSeek/OFF,s205-rank6-d0-pos0,205,s205-rank6,mismatched,0,True,long,False,-0.07006249999999992,True
DeepSeek/OFF,s205-rank6-d0-pos1,205,s205-rank6,score,0,True,default,False,-0.05166666666666675,True
DeepSeek/OFF,s205-rank6-d0-pos1,205,s205-rank6,score,0,True,noise01,False,-0.04320833333333329,True
DeepSeek/OFF,s205-rank6-d0-pos1,205,s205-rank6,score,0,True,long,False,-0.04439583333333341,True
DeepSeek/OFF,s205-rank6-d0-pos2,205,s205-rank6,background,0,True,default,False,-0.04100000000000015,False
DeepSeek/OFF,s205-rank6-d0-pos2,205,s205-rank6,background,0,True,noise01,False,-0.0315833333333333,False
DeepSeek/OFF,s205-rank6-d0-pos2,205,s205-rank6,background,0,True,long,False,-0.0691666666666666,False
DeepSeek/OFF,s205-rank6-d0-pos3,205,s205-rank6,accurate,0,True,default,False,-0.05791666666666684,True
DeepSeek/OFF,s205-rank6-d0-pos3,205,s205-rank6,accurate,0,True,noise01,False,-0.04724999999999979,True
DeepSeek/OFF,s205-rank6-d0-pos3,205,s205-rank6,accurate,0,True,long,False,-0.06914583333333324,True
DeepSeek/OFF,s205-rank6-d0-pos4,205,s205-rank6,cooperation,0,True,default,False,-0.03633333333333333,True
DeepSeek/OFF,s205-rank6-d0-pos4,205,s205-rank6,cooperation,0,True,noise01,False,-0.017291666666666483,True
DeepSeek/OFF,s205-rank6-d0-pos4,205,s205-rank6,cooperation,0,True,long,False,-0.02285416666666662,True
DeepSeek/OFF,s209-rank3-d1-pos0,209,s209-rank3,mismatched,1,True,default,False,-0.055749999999999966,False
DeepSeek/OFF,s209-rank3-d1-pos0,209,s209-rank3,mismatched,1,True,noise01,False,-0.04604166666666698,False
DeepSeek/OFF,s209-rank3-d1-pos0,209,s209-rank3,mismatched,1,True,long,False,-0.0742499999999997,False
DeepSeek/OFF,s209-rank3-d1-pos1,209,s209-rank3,background,1,True,default,False,-0.03225000000000011,False
DeepSeek/OFF,s209-rank3-d1-pos1,209,s209-rank3,background,1,True,noise01,False,-0.026541666666666686,False
DeepSeek/OFF,s209-rank3-d1-pos1,209,s209-rank3,background,1,True,long,False,-0.017291666666666483,False
DeepSeek/OFF,s209-rank3-d1-pos2,209,s209-rank3,accurate,1,True,default,False,-0.02129166666666671,False
DeepSeek/OFF,s209-rank3-d1-pos2,209,s209-rank3,accurate,1,True,noise01,False,-0.018750000000000044,False
DeepSeek/OFF,s209-rank3-d1-pos2,209,s209-rank3,accurate,1,True,long,False,-0.015479166666666488,False
DeepSeek/OFF,s209-rank3-d1-pos3,209,s209-rank3,score,1,True,default,False,0.008583333333333387,False
DeepSeek/OFF,s209-rank3-d1-pos3,209,s209-rank3,score,1,True,noise01,False,0.009499999999999842,False
DeepSeek/OFF,s209-rank3-d1-pos3,209,s209-rank3,score,1,True,long,False,-0.033020833333333055,False
DeepSeek/OFF,s209-rank3-d1-pos4,209,s209-rank3,cooperation,1,True,default,False,-0.0006666666666665932,True
DeepSeek/OFF,s209-rank3-d1-pos4,209,s209-rank3,cooperation,1,True,noise01,False,0.01458333333333317,True
DeepSeek/OFF,s209-rank3-d1-pos4,209,s209-rank3,cooperation,1,True,long,False,0.012062500000000309,True
DeepSeek/OFF,s206-rank6-d0-pos0,206,s206-rank6,cooperation,0,True,default,False,0.04724999999999979,False
DeepSeek/OFF,s206-rank6-d0-pos0,206,s206-rank6,cooperation,0,True,noise01,False,0.05204166666666632,False
DeepSeek/OFF,s206-rank6-d0-pos0,206,s206-rank6,cooperation,0,True,long,False,0.04287500000000022,False
DeepSeek/OFF,s206-rank6-d0-pos1,206,s206-rank6,background,0,True,default,False,0.05816666666666648,True
DeepSeek/OFF,s206-rank6-d0-pos1,206,s206-rank6,background,0,True,noise01,False,0.03974999999999973,True
DeepSeek/OFF,s206-rank6-d0-pos1,206,s206-rank6,background,0,True,long,False,0.02866666666666684,True
DeepSeek/OFF,s206-rank6-d0-pos2,206,s206-rank6,accurate,0,True,default,False,0.09991666666666665,True
DeepSeek/OFF,s206-rank6-d0-pos2,206,s206-rank6,accurate,0,True,noise01,False,0.0908333333333331,True
DeepSeek/OFF,s206-rank6-d0-pos2,206,s206-rank6,accurate,0,True,long,False,0.046520833333333345,True
DeepSeek/OFF,s206-rank6-d0-pos3,206,s206-rank6,mismatched,0,True,default,False,0.06458333333333321,True
DeepSeek/OFF,s206-rank6-d0-pos3,206,s206-rank6,mismatched,0,True,noise01,False,0.050666666666666416,True
DeepSeek/OFF,s206-rank6-d0-pos3,206,s206-rank6,mismatched,0,True,long,False,0.04810416666666684,True
DeepSeek/OFF,s206-rank6-d0-pos4,206,s206-rank6,score,0,True,default,False,-0.015500000000000291,False
DeepSeek/OFF,s206-rank6-d0-pos4,206,s206-rank6,score,0,True,noise01,False,-0.012208333333333599,False
DeepSeek/OFF,s206-rank6-d0-pos4,206,s206-rank6,score,0,True,long,False,-0.04527083333333293,False
DeepSeek/OFF,s202-rank1-d1-pos0,202,s202-rank1,mismatched,1,True,default,False,4.166666666671759e-05,False
DeepSeek/OFF,s202-rank1-d1-pos0,202,s202-rank1,mismatched,1,True,noise01,False,0.001874999999999849,False
DeepSeek/OFF,s202-rank1-d1-pos0,202,s202-rank1,mismatched,1,True,long,False,0.019145833333333417,False
DeepSeek/OFF,s202-rank1-d1-pos1,202,s202-rank1,cooperation,1,True,default,False,-0.002083333333333437,True
DeepSeek/OFF,s202-rank1-d1-pos1,202,s202-rank1,cooperation,1,True,noise01,False,-0.006999999999999895,True
DeepSeek/OFF,s202-rank1-d1-pos1,202,s202-rank1,cooperation,1,True,long,False,0.005125000000000046,True
DeepSeek/OFF,s202-rank1-d1-pos2,202,s202-rank1,background,1,True,default,False,-0.13154166666666667,False
DeepSeek/OFF,s202-rank1-d1-pos2,202,s202-rank1,background,1,True,noise01,False,-0.09412500000000001,False
DeepSeek/OFF,s202-rank1-d1-pos2,202,s202-rank1,background,1,True,long,False,-0.10597916666666674,False
DeepSeek/OFF,s202-rank1-d1-pos3,202,s202-rank1,score,1,True,default,False,-0.009166666666666767,True
DeepSeek/OFF,s202-rank1-d1-pos3,202,s202-rank1,score,1,True,noise01,False,0.0007500000000000284,True
DeepSeek/OFF,s202-rank1-d1-pos3,202,s202-rank1,score,1,True,long,False,-0.009729166666666567,True
DeepSeek/OFF,s202-rank1-d1-pos4,202,s202-rank1,accurate,1,True,default,False,-0.01550000000000007,False
DeepSeek/OFF,s202-rank1-d1-pos4,202,s202-rank1,accurate,1,True,noise01,False,-0.001583333333333492,False
DeepSeek/OFF,s202-rank1-d1-pos4,202,s202-rank1,accurate,1,True,long,False,-8.333333333321313e-05,False
DeepSeek/OFF,s201-rank1-d1-pos0,201,s201-rank1,accurate,1,True,default,False,-0.006041666666666501,False
DeepSeek/OFF,s201-rank1-d1-pos0,201,s201-rank1,accurate,1,True,noise01,False,-0.00158333333333327,False
DeepSeek/OFF,s201-rank1-d1-pos0,201,s201-rank1,accurate,1,True,long,False,-0.026666666666666616,False
DeepSeek/OFF,s201-rank1-d1-pos1,201,s201-rank1,cooperation,1,True,default,False,0.027541666666666575,True
DeepSeek/OFF,s201-rank1-d1-pos1,201,s201-rank1,cooperation,1,True,noise01,False,-0.0013333333333331865,True
DeepSeek/OFF,s201-rank1-d1-pos1,201,s201-rank1,cooperation,1,True,long,False,0.02385416666666651,True
DeepSeek/OFF,s201-rank1-d1-pos2,201,s201-rank1,score,1,True,default,False,-0.11708333333333343,False
DeepSeek/OFF,s201-rank1-d1-pos2,201,s201-rank1,score,1,True,noise01,False,-0.09162499999999985,False
DeepSeek/OFF,s201-rank1-d1-pos2,201,s201-rank1,score,1,True,long,False,-0.08354166666666663,False
DeepSeek/OFF,s201-rank1-d1-pos3,201,s201-rank1,mismatched,1,True,default,False,-0.018999999999999906,False
DeepSeek/OFF,s201-rank1-d1-pos3,201,s201-rank1,mismatched,1,True,noise01,False,-0.01791666666666658,False
DeepSeek/OFF,s201-rank1-d1-pos3,201,s201-rank1,mismatched,1,True,long,False,-0.07339583333333333,False
DeepSeek/OFF,s201-rank1-d1-pos4,201,s201-rank1,background,1,True,default,False,-0.05595833333333333,False
DeepSeek/OFF,s201-rank1-d1-pos4,201,s201-rank1,background,1,True,noise01,False,-0.06524999999999959,False
DeepSeek/OFF,s201-rank1-d1-pos4,201,s201-rank1,background,1,True,long,False,-0.02910416666666671,False
DeepSeek/OFF,s211-rank1-d0-pos0,211,s211-rank1,mismatched,0,True,default,False,0.008291666666666808,True
DeepSeek/OFF,s211-rank1-d0-pos0,211,s211-rank1,mismatched,0,True,noise01,False,0.026374999999999815,True
DeepSeek/OFF,s211-rank1-d0-pos0,211,s211-rank1,mismatched,0,True,long,False,0.008937500000000043,True
DeepSeek/OFF,s211-rank1-d0-pos1,211,s211-rank1,accurate,0,True,default,False,0.0015416666666665524,False
DeepSeek/OFF,s211-rank1-d0-pos1,211,s211-rank1,accurate,0,True,noise01,False,0.058541666666666714,False
DeepSeek/OFF,s211-rank1-d0-pos1,211,s211-rank1,accurate,0,True,long,False,-0.005458333333333343,False
DeepSeek/OFF,s211-rank1-d0-pos2,211,s211-rank1,cooperation,0,True,default,False,0.06645833333333329,True
DeepSeek/OFF,s211-rank1-d0-pos2,211,s211-rank1,cooperation,0,True,noise01,False,0.0628333333333333,True
DeepSeek/OFF,s211-rank1-d0-pos2,211,s211-rank1,cooperation,0,True,long,False,0.054937500000000083,True
DeepSeek/OFF,s211-rank1-d0-pos3,211,s211-rank1,score,0,True,default,False,-0.024916666666666476,False
DeepSeek/OFF,s211-rank1-d0-pos3,211,s211-rank1,score,0,True,noise01,False,0.016666666666666607,False
DeepSeek/OFF,s211-rank1-d0-pos3,211,s211-rank1,score,0,True,long,False,-0.0037916666666666377,False
DeepSeek/OFF,s211-rank1-d0-pos4,211,s211-rank1,background,0,True,default,False,0.027125000000000066,False
DeepSeek/OFF,s211-rank1-d0-pos4,211,s211-rank1,background,0,True,noise01,False,0.07295833333333324,False
DeepSeek/OFF,s211-rank1-d0-pos4,211,s211-rank1,background,0,True,long,False,0.05170833333333347,False
DeepSeek/OFF,s205-rank1-d0-pos0,205,s205-rank1,mismatched,0,True,default,False,0.003375000000000128,False
DeepSeek/OFF,s205-rank1-d0-pos0,205,s205-rank1,mismatched,0,True,noise01,False,0.0044999999999997264,False
DeepSeek/OFF,s205-rank1-d0-pos0,205,s205-rank1,mismatched,0,True,long,False,-0.02224999999999988,False
DeepSeek/OFF,s205-rank1-d0-pos1,205,s205-rank1,score,0,True,default,False,-0.0002083333333333659,True
DeepSeek/OFF,s205-rank1-d0-pos1,205,s205-rank1,score,0,True,noise01,False,0.008833333333333249,True
DeepSeek/OFF,s205-rank1-d0-pos1,205,s205-rank1,score,0,True,long,False,-0.042062500000000114,True
DeepSeek/OFF,s205-rank1-d0-pos2,205,s205-rank1,background,0,True,default,False,-0.003458333333333341,False
DeepSeek/OFF,s205-rank1-d0-pos2,205,s205-rank1,background,0,True,noise01,False,-0.008208333333333373,False
DeepSeek/OFF,s205-rank1-d0-pos2,205,s205-rank1,background,0,True,long,False,-0.027312500000000073,False
DeepSeek/OFF,s205-rank1-d0-pos3,205,s205-rank1,accurate,0,True,default,False,-0.0023333333333335204,False
DeepSeek/OFF,s205-rank1-d0-pos3,205,s205-rank1,accurate,0,True,noise01,False,-0.005041666666666611,False
DeepSeek/OFF,s205-rank1-d0-pos3,205,s205-rank1,accurate,0,True,long,False,-0.030395833333333178,False
DeepSeek/OFF,s205-rank1-d0-pos4,205,s205-rank1,cooperation,0,True,default,False,-0.009374999999999911,True
DeepSeek/OFF,s205-rank1-d0-pos4,205,s205-rank1,cooperation,0,True,noise01,False,0.0006666666666665932,True
DeepSeek/OFF,s205-rank1-d0-pos4,205,s205-rank1,cooperation,0,True,long,False,-0.05495833333333344,True
DeepSeek/OFF,s205-rank3-d1-pos0,205,s205-rank3,mismatched,1,True,default,False,0.008541666666666448,False
DeepSeek/OFF,s205-rank3-d1-pos0,205,s205-rank3,mismatched,1,True,noise01,False,-0.003375000000000128,False
DeepSeek/OFF,s205-rank3-d1-pos0,205,s205-rank3,mismatched,1,True,long,False,-0.008687500000000181,False
DeepSeek/OFF,s205-rank3-d1-pos1,205,s205-rank3,score,1,True,default,False,0.009499999999999842,True
DeepSeek/OFF,s205-rank3-d1-pos1,205,s205-rank3,score,1,True,noise01,False,0.001874999999999849,True
DeepSeek/OFF,s205-rank3-d1-pos1,205,s205-rank3,score,1,True,long,False,-0.009645833333333353,True
DeepSeek/OFF,s205-rank3-d1-pos2,205,s205-rank3,background,1,True,default,False,0.020208333333333384,False
DeepSeek/OFF,s205-rank3-d1-pos2,205,s205-rank3,background,1,True,noise01,False,0.0013750000000001261,False
DeepSeek/OFF,s205-rank3-d1-pos2,205,s205-rank3,background,1,True,long,False,-0.013791666666666647,False
DeepSeek/OFF,s205-rank3-d1-pos3,205,s205-rank3,accurate,1,True,default,False,8.333333333321313e-05,False
DeepSeek/OFF,s205-rank3-d1-pos3,205,s205-rank3,accurate,1,True,noise01,False,-0.006000000000000005,False
DeepSeek/OFF,s205-rank3-d1-pos3,205,s205-rank3,accurate,1,True,long,False,-0.007145833333333407,False
DeepSeek/OFF,s205-rank3-d1-pos4,205,s205-rank3,cooperation,1,True,default,False,0.01079166666666631,False
DeepSeek/OFF,s205-rank3-d1-pos4,205,s205-rank3,cooperation,1,True,noise01,False,-0.0020000000000000018,False
DeepSeek/OFF,s205-rank3-d1-pos4,205,s205-rank3,cooperation,1,True,long,False,0.013125000000000053,False
DeepSeek/OFF,s209-rank1-d0-pos0,209,s209-rank1,mismatched,0,True,default,False,0.0043333333333333,True
DeepSeek/OFF,s209-rank1-d0-pos0,209,s209-rank1,mismatched,0,True,noise01,False,-0.0003750000000000142,True
DeepSeek/OFF,s209-rank1-d0-pos0,209,s209-rank1,mismatched,0,True,long,False,-0.03631249999999997,True
DeepSeek/OFF,s209-rank1-d0-pos1,209,s209-rank1,background,0,True,default,False,0.009208333333333263,False
DeepSeek/OFF,s209-rank1-d0-pos1,209,s209-rank1,background,0,True,noise01,False,0.012166666666666659,False
DeepSeek/OFF,s209-rank1-d0-pos1,209,s209-rank1,background,0,True,long,False,0.004229166666666728,False
DeepSeek/OFF,s209-rank1-d0-pos2,209,s209-rank1,accurate,0,True,default,False,0.01949999999999985,True
DeepSeek/OFF,s209-rank1-d0-pos2,209,s209-rank1,accurate,0,True,noise01,False,0.011083333333333334,True
DeepSeek/OFF,s209-rank1-d0-pos2,209,s209-rank1,accurate,0,True,long,False,0.03931249999999986,True
DeepSeek/OFF,s209-rank1-d0-pos3,209,s209-rank1,score,0,True,default,False,-0.07525000000000004,False
DeepSeek/OFF,s209-rank1-d0-pos3,209,s209-rank1,score,0,True,noise01,False,-0.0817083333333335,False
DeepSeek/OFF,s209-rank1-d0-pos3,209,s209-rank1,score,0,True,long,False,-0.16064583333333338,False
DeepSeek/OFF,s209-rank1-d0-pos4,209,s209-rank1,cooperation,0,True,default,False,0.02558333333333329,True
DeepSeek/OFF,s209-rank1-d0-pos4,209,s209-rank1,cooperation,0,True,noise01,False,0.025541666666666574,True
DeepSeek/OFF,s209-rank1-d0-pos4,209,s209-rank1,cooperation,0,True,long,False,0.023062499999999986,True
DeepSeek/OFF,s214-rank6-d1-pos0,214,s214-rank6,mismatched,1,True,default,False,0.06483333333333352,False
DeepSeek/OFF,s214-rank6-d1-pos0,214,s214-rank6,mismatched,1,True,noise01,False,0.05266666666666664,False
DeepSeek/OFF,s214-rank6-d1-pos0,214,s214-rank6,mismatched,1,True,long,False,0.05731249999999988,False
DeepSeek/OFF,s214-rank6-d1-pos1,214,s214-rank6,background,1,True,default,False,0.10099999999999998,True
DeepSeek/OFF,s214-rank6-d1-pos1,214,s214-rank6,background,1,True,noise01,False,0.05883333333333329,True
DeepSeek/OFF,s214-rank6-d1-pos1,214,s214-rank6,background,1,True,long,False,0.072125,True
DeepSeek/OFF,s214-rank6-d1-pos2,214,s214-rank6,accurate,1,True,default,False,-0.049708333333333465,False
DeepSeek/OFF,s214-rank6-d1-pos2,214,s214-rank6,accurate,1,True,noise01,False,-0.04462500000000014,False
DeepSeek/OFF,s214-rank6-d1-pos2,214,s214-rank6,accurate,1,True,long,False,-0.004687500000000178,False
DeepSeek/OFF,s214-rank6-d1-pos3,214,s214-rank6,score,1,True,default,False,-0.01616666666666644,False
DeepSeek/OFF,s214-rank6-d1-pos3,214,s214-rank6,score,1,True,noise01,False,-0.01229166666666659,False
DeepSeek/OFF,s214-rank6-d1-pos3,214,s214-rank6,score,1,True,long,False,0.02547916666666672,False
DeepSeek/OFF,s214-rank6-d1-pos4,214,s214-rank6,cooperation,1,True,default,False,0.045208333333333295,False
DeepSeek/OFF,s214-rank6-d1-pos4,214,s214-rank6,cooperation,1,True,noise01,False,0.04574999999999996,False
DeepSeek/OFF,s214-rank6-d1-pos4,214,s214-rank6,cooperation,1,True,long,False,-0.007645833333333352,False
DeepSeek/OFF,s213-rank3-d1-pos0,213,s213-rank3,accurate,1,True,default,False,0.03316666666666701,False
DeepSeek/OFF,s213-rank3-d1-pos0,213,s213-rank3,accurate,1,True,noise01,False,0.0009999999999998899,False
DeepSeek/OFF,s213-rank3-d1-pos0,213,s213-rank3,accurate,1,True,long,False,0.005479166666666702,False
DeepSeek/OFF,s213-rank3-d1-pos1,213,s213-rank3,cooperation,1,True,default,False,-0.009624999999999773,False
DeepSeek/OFF,s213-rank3-d1-pos1,213,s213-rank3,cooperation,1,True,noise01,False,-0.011708333333333654,False
DeepSeek/OFF,s213-rank3-d1-pos1,213,s213-rank3,cooperation,1,True,long,False,-0.013083333333333114,False
DeepSeek/OFF,s213-rank3-d1-pos2,213,s213-rank3,background,1,True,default,False,0.01895833333333341,True
DeepSeek/OFF,s213-rank3-d1-pos2,213,s213-rank3,background,1,True,noise01,False,0.013708333333333211,True
DeepSeek/OFF,s213-rank3-d1-pos2,213,s213-rank3,background,1,True,long,False,0.00491666666666668,True
DeepSeek/OFF,s213-rank3-d1-pos3,213,s213-rank3,score,1,True,default,False,0.006916666666666904,False
DeepSeek/OFF,s213-rank3-d1-pos3,213,s213-rank3,score,1,True,noise01,False,-0.001875000000000071,False
DeepSeek/OFF,s213-rank3-d1-pos3,213,s213-rank3,score,1,True,long,False,6.250000000029843e-05,False
DeepSeek/OFF,s213-rank3-d1-pos4,213,s213-rank3,mismatched,1,True,default,False,0.00550000000000006,False
DeepSeek/OFF,s213-rank3-d1-pos4,213,s213-rank3,mismatched,1,True,noise01,False,-0.007041666666666613,False
DeepSeek/OFF,s213-rank3-d1-pos4,213,s213-rank3,mismatched,1,True,long,False,-0.004645833333333016,False
DeepSeek/OFF,s203-rank6-d1-pos0,203,s203-rank6,score,1,True,default,False,-0.0943750000000001,False
DeepSeek/OFF,s203-rank6-d1-pos0,203,s203-rank6,score,1,True,noise01,False,-0.05862500000000015,False
DeepSeek/OFF,s203-rank6-d1-pos0,203,s203-rank6,score,1,True,long,False,-0.0569791666666668,False
DeepSeek/OFF,s203-rank6-d1-pos1,203,s203-rank6,mismatched,1,True,default,False,-0.07200000000000029,False
DeepSeek/OFF,s203-rank6-d1-pos1,203,s203-rank6,mismatched,1,True,noise01,False,-0.033208333333333506,False
DeepSeek/OFF,s203-rank6-d1-pos1,203,s203-rank6,mismatched,1,True,long,False,-0.028187500000000254,False
DeepSeek/OFF,s203-rank6-d1-pos2,203,s203-rank6,background,1,True,default,False,-0.08991666666666687,False
DeepSeek/OFF,s203-rank6-d1-pos2,203,s203-rank6,background,1,True,noise01,False,-0.08583333333333343,False
DeepSeek/OFF,s203-rank6-d1-pos2,203,s203-rank6,background,1,True,long,False,-0.03202083333333361,False
DeepSeek/OFF,s203-rank6-d1-pos3,203,s203-rank6,cooperation,1,True,default,False,-0.07266666666666688,False
DeepSeek/OFF,s203-rank6-d1-pos3,203,s203-rank6,cooperation,1,True,noise01,False,-0.06400000000000006,False
DeepSeek/OFF,s203-rank6-d1-pos3,203,s203-rank6,cooperation,1,True,long,False,-0.1436875000000002,False
DeepSeek/OFF,s203-rank6-d1-pos4,203,s203-rank6,accurate,1,True,default,False,-0.0910833333333334,False
DeepSeek/OFF,s203-rank6-d1-pos4,203,s203-rank6,accurate,1,True,noise01,False,-0.07600000000000029,False
DeepSeek/OFF,s203-rank6-d1-pos4,203,s203-rank6,accurate,1,True,long,False,-0.050583333333333425,False
DeepSeek/OFF,s203-rank1-d1-pos0,203,s203-rank1,score,1,True,default,False,-0.09891666666666676,False
DeepSeek/OFF,s203-rank1-d1-pos0,203,s203-rank1,score,1,True,noise01,False,-0.10404166666666681,False
DeepSeek/OFF,s203-rank1-d1-pos0,203,s203-rank1,score,1,True,long,False,-0.11195833333333316,False
DeepSeek/OFF,s203-rank1-d1-pos1,203,s203-rank1,mismatched,1,True,default,False,-0.02358333333333351,True
DeepSeek/OFF,s203-rank1-d1-pos1,203,s203-rank1,mismatched,1,True,noise01,False,-0.029999999999999805,True
DeepSeek/OFF,s203-rank1-d1-pos1,203,s203-rank1,mismatched,1,True,long,False,-0.042999999999999705,True
DeepSeek/OFF,s203-rank1-d1-pos2,203,s203-rank1,background,1,True,default,False,-0.039124999999999854,True
DeepSeek/OFF,s203-rank1-d1-pos2,203,s203-rank1,background,1,True,noise01,False,-0.0535416666666666,True
DeepSeek/OFF,s203-rank1-d1-pos2,203,s203-rank1,background,1,True,long,False,-0.08406249999999993,True
DeepSeek/OFF,s203-rank1-d1-pos3,203,s203-rank1,cooperation,1,True,default,False,-0.06441666666666657,False
DeepSeek/OFF,s203-rank1-d1-pos3,203,s203-rank1,cooperation,1,True,noise01,False,-0.07491666666666652,False
DeepSeek/OFF,s203-rank1-d1-pos3,203,s203-rank1,cooperation,1,True,long,False,-0.09281249999999996,False
DeepSeek/OFF,s203-rank1-d1-pos4,203,s203-rank1,accurate,1,False,default,True,0.0,False
DeepSeek/OFF,s203-rank1-d1-pos4,203,s203-rank1,accurate,1,False,noise01,True,0.0,False
DeepSeek/OFF,s203-rank1-d1-pos4,203,s203-rank1,accurate,1,False,long,True,0.0,False
DeepSeek/OFF,s214-rank1-d1-pos0,214,s214-rank1,mismatched,1,False,default,True,0.0,False
DeepSeek/OFF,s214-rank1-d1-pos0,214,s214-rank1,mismatched,1,False,noise01,True,0.0,False
DeepSeek/OFF,s214-rank1-d1-pos0,214,s214-rank1,mismatched,1,False,long,True,0.0,False
DeepSeek/OFF,s214-rank1-d1-pos1,214,s214-rank1,background,1,True,default,False,0.052166666666666694,True
DeepSeek/OFF,s214-rank1-d1-pos1,214,s214-rank1,background,1,True,noise01,False,0.027083333333333126,True
DeepSeek/OFF,s214-rank1-d1-pos1,214,s214-rank1,background,1,True,long,False,-0.00764583333333313,True
DeepSeek/OFF,s214-rank1-d1-pos2,214,s214-rank1,accurate,1,True,default,False,-0.05695833333333322,False
DeepSeek/OFF,s214-rank1-d1-pos2,214,s214-rank1,accurate,1,True,noise01,False,-0.028708333333333336,False
DeepSeek/OFF,s214-rank1-d1-pos2,214,s214-rank1,accurate,1,True,long,False,-0.05393749999999975,False
DeepSeek/OFF,s214-rank1-d1-pos3,214,s214-rank1,score,1,True,default,False,0.03141666666666665,False
DeepSeek/OFF,s214-rank1-d1-pos3,214,s214-rank1,score,1,True,noise01,False,0.014833333333333032,False
DeepSeek/OFF,s214-rank1-d1-pos3,214,s214-rank1,score,1,True,long,False,-0.015520833333333206,False
DeepSeek/OFF,s214-rank1-d1-pos4,214,s214-rank1,cooperation,1,True,default,False,0.07450000000000023,True
DeepSeek/OFF,s214-rank1-d1-pos4,214,s214-rank1,cooperation,1,True,noise01,False,0.056208333333333194,True
DeepSeek/OFF,s214-rank1-d1-pos4,214,s214-rank1,cooperation,1,True,long,False,-0.0014999999999998348,True
DeepSeek/OFF,s211-rank3-d1-pos0,211,s211-rank3,mismatched,1,True,default,False,-0.01345833333333335,False
DeepSeek/OFF,s211-rank3-d1-pos0,211,s211-rank3,mismatched,1,True,noise01,False,-0.0017499999999999183,False
DeepSeek/OFF,s211-rank3-d1-pos0,211,s211-rank3,mismatched,1,True,long,False,-0.01145833333333357,False
DeepSeek/OFF,s211-rank3-d1-pos1,211,s211-rank3,accurate,1,True,default,False,-0.0038333333333333552,False
DeepSeek/OFF,s211-rank3-d1-pos1,211,s211-rank3,accurate,1,True,noise01,False,0.03037499999999982,False
DeepSeek/OFF,s211-rank3-d1-pos1,211,s211-rank3,accurate,1,True,long,False,-0.03141666666666687,False
DeepSeek/OFF,s211-rank3-d1-pos2,211,s211-rank3,cooperation,1,True,default,False,0.026583333333333403,True
DeepSeek/OFF,s211-rank3-d1-pos2,211,s211-rank3,cooperation,1,True,noise01,False,0.06174999999999997,True
DeepSeek/OFF,s211-rank3-d1-pos2,211,s211-rank3,cooperation,1,True,long,False,0.06802083333333298,True
DeepSeek/OFF,s211-rank3-d1-pos3,211,s211-rank3,score,1,True,default,False,-0.11083333333333312,False
DeepSeek/OFF,s211-rank3-d1-pos3,211,s211-rank3,score,1,True,noise01,False,-0.04612499999999997,False
DeepSeek/OFF,s211-rank3-d1-pos3,211,s211-rank3,score,1,True,long,False,-0.09062500000000018,False
DeepSeek/OFF,s211-rank3-d1-pos4,211,s211-rank3,background,1,True,default,False,0.00275000000000003,True
DeepSeek/OFF,s211-rank3-d1-pos4,211,s211-rank3,background,1,True,noise01,False,0.024083333333333234,True
DeepSeek/OFF,s211-rank3-d1-pos4,211,s211-rank3,background,1,True,long,False,0.005312499999999831,True
DeepSeek/OFF,s209-rank1-d1-pos0,209,s209-rank1,mismatched,1,True,default,False,0.03287499999999999,False
DeepSeek/OFF,s209-rank1-d1-pos0,209,s209-rank1,mismatched,1,True,noise01,False,0.025916666666666588,False
DeepSeek/OFF,s209-rank1-d1-pos0,209,s209-rank1,mismatched,1,True,long,False,-0.009458333333333346,False
DeepSeek/OFF,s209-rank1-d1-pos1,209,s209-rank1,background,1,True,default,False,0.03579166666666689,True
DeepSeek/OFF,s209-rank1-d1-pos1,209,s209-rank1,background,1,True,noise01,False,0.007208333333333261,True
DeepSeek/OFF,s209-rank1-d1-pos1,209,s209-rank1,background,1,True,long,False,0.003583333333333494,True
DeepSeek/OFF,s209-rank1-d1-pos2,209,s209-rank1,accurate,1,True,default,False,0.00012500000000015277,False
DeepSeek/OFF,s209-rank1-d1-pos2,209,s209-rank1,accurate,1,True,noise01,False,0.007416666666666627,False
DeepSeek/OFF,s209-rank1-d1-pos2,209,s209-rank1,accurate,1,True,long,False,-0.0047916666666667496,False
DeepSeek/OFF,s209-rank1-d1-pos3,209,s209-rank1,score,1,True,default,False,-0.005374999999999908,True
DeepSeek/OFF,s209-rank1-d1-pos3,209,s209-rank1,score,1,True,noise01,False,-0.006416666666666959,True
DeepSeek/OFF,s209-rank1-d1-pos3,209,s209-rank1,score,1,True,long,False,-0.02662500000000012,True
DeepSeek/OFF,s209-rank1-d1-pos4,209,s209-rank1,cooperation,1,True,default,False,-0.006166666666666654,False
DeepSeek/OFF,s209-rank1-d1-pos4,209,s209-rank1,cooperation,1,True,noise01,False,-0.003541666666666776,False
DeepSeek/OFF,s209-rank1-d1-pos4,209,s209-rank1,cooperation,1,True,long,False,-0.026791666666666547,False
DeepSeek/OFF,s210-rank1-d0-pos0,210,s210-rank1,background,0,True,default,False,0.02008333333333323,True
DeepSeek/OFF,s210-rank1-d0-pos0,210,s210-rank1,background,0,True,noise01,False,0.011458333333333348,True
DeepSeek/OFF,s210-rank1-d0-pos0,210,s210-rank1,background,0,True,long,False,0.0014375000000002025,True
DeepSeek/OFF,s210-rank1-d0-pos1,210,s210-rank1,score,0,True,default,False,0.1502916666666665,True
DeepSeek/OFF,s210-rank1-d0-pos1,210,s210-rank1,score,0,True,noise01,False,0.11645833333333333,True
DeepSeek/OFF,s210-rank1-d0-pos1,210,s210-rank1,score,0,True,long,False,0.05889583333333337,True
DeepSeek/OFF,s210-rank1-d0-pos2,210,s210-rank1,cooperation,0,True,default,False,-0.00275000000000003,False
DeepSeek/OFF,s210-rank1-d0-pos2,210,s210-rank1,cooperation,0,True,noise01,False,-0.038958333333333206,False
DeepSeek/OFF,s210-rank1-d0-pos2,210,s210-rank1,cooperation,0,True,long,False,-0.026708333333333334,False
DeepSeek/OFF,s210-rank1-d0-pos3,210,s210-rank1,accurate,0,True,default,False,-0.06008333333333349,False
DeepSeek/OFF,s210-rank1-d0-pos3,210,s210-rank1,accurate,0,True,noise01,False,-0.07387499999999991,False
DeepSeek/OFF,s210-rank1-d0-pos3,210,s210-rank1,accurate,0,True,long,False,-0.036395833333333405,False
DeepSeek/OFF,s210-rank1-d0-pos4,210,s210-rank1,mismatched,0,True,default,False,8.333333333321313e-05,False
DeepSeek/OFF,s210-rank1-d0-pos4,210,s210-rank1,mismatched,0,True,noise01,False,-0.0012499999999999734,False
DeepSeek/OFF,s210-rank1-d0-pos4,210,s210-rank1,mismatched,0,True,long,False,0.004229166666666506,False
DeepSeek/OFF,s216-rank3-d0-pos0,216,s216-rank3,mismatched,0,True,default,False,0.09525000000000006,True
DeepSeek/OFF,s216-rank3-d0-pos0,216,s216-rank3,mismatched,0,True,noise01,False,0.07233333333333358,True
DeepSeek/OFF,s216-rank3-d0-pos0,216,s216-rank3,mismatched,0,True,long,False,0.03191666666666659,True
DeepSeek/OFF,s216-rank3-d0-pos1,216,s216-rank3,accurate,0,True,default,False,0.05270833333333336,False
DeepSeek/OFF,s216-rank3-d0-pos1,216,s216-rank3,accurate,0,True,noise01,False,0.029333333333333433,False
DeepSeek/OFF,s216-rank3-d0-pos1,216,s216-rank3,accurate,0,True,long,False,0.020062499999999872,False
DeepSeek/OFF,s216-rank3-d0-pos2,216,s216-rank3,score,0,False,default,True,0.0,False
DeepSeek/OFF,s216-rank3-d0-pos2,216,s216-rank3,score,0,False,noise01,True,0.0,False
DeepSeek/OFF,s216-rank3-d0-pos2,216,s216-rank3,score,0,False,long,True,0.0,False
DeepSeek/OFF,s216-rank3-d0-pos3,216,s216-rank3,background,0,True,default,False,0.06104166666666666,False
DeepSeek/OFF,s216-rank3-d0-pos3,216,s216-rank3,background,0,True,noise01,False,0.04320833333333329,False
DeepSeek/OFF,s216-rank3-d0-pos3,216,s216-rank3,background,0,True,long,False,0.050999999999999934,False
DeepSeek/OFF,s216-rank3-d0-pos4,216,s216-rank3,cooperation,0,True,default,False,0.08425000000000016,False
DeepSeek/OFF,s216-rank3-d0-pos4,216,s216-rank3,cooperation,0,True,noise01,False,0.043500000000000094,False
DeepSeek/OFF,s216-rank3-d0-pos4,216,s216-rank3,cooperation,0,True,long,False,-0.0660833333333335,False
DeepSeek/OFF,s206-rank3-d1-pos0,206,s206-rank3,cooperation,1,True,default,False,0.009749999999999925,False
DeepSeek/OFF,s206-rank3-d1-pos0,206,s206-rank3,cooperation,1,True,noise01,False,0.024375000000000036,False
DeepSeek/OFF,s206-rank3-d1-pos0,206,s206-rank3,cooperation,1,True,long,False,-0.010687499999999961,False
DeepSeek/OFF,s206-rank3-d1-pos1,206,s206-rank3,background,1,True,default,False,0.05466666666666664,True
DeepSeek/OFF,s206-rank3-d1-pos1,206,s206-rank3,background,1,True,noise01,False,0.05125000000000002,True
DeepSeek/OFF,s206-rank3-d1-pos1,206,s206-rank3,background,1,True,long,False,0.0034166666666666234,True
DeepSeek/OFF,s206-rank3-d1-pos2,206,s206-rank3,accurate,1,True,default,False,0.02983333333333338,True
DeepSeek/OFF,s206-rank3-d1-pos2,206,s206-rank3,accurate,1,True,noise01,False,0.06474999999999986,True
DeepSeek/OFF,s206-rank3-d1-pos2,206,s206-rank3,accurate,1,True,long,False,0.06570833333333326,True
DeepSeek/OFF,s206-rank3-d1-pos3,206,s206-rank3,mismatched,1,True,default,False,0.02666666666666684,True
DeepSeek/OFF,s206-rank3-d1-pos3,206,s206-rank3,mismatched,1,True,noise01,False,0.04733333333333323,True
DeepSeek/OFF,s206-rank3-d1-pos3,206,s206-rank3,mismatched,1,True,long,False,0.01750000000000007,True
DeepSeek/OFF,s206-rank3-d1-pos4,206,s206-rank3,score,1,True,default,False,0.008541666666666892,False
DeepSeek/OFF,s206-rank3-d1-pos4,206,s206-rank3,score,1,True,noise01,False,0.03966666666666674,False
DeepSeek/OFF,s206-rank3-d1-pos4,206,s206-rank3,score,1,True,long,False,0.030333333333333323,False
DeepSeek/OFF,s208-rank1-d1-pos0,208,s208-rank1,score,1,False,default,True,0.0,False
DeepSeek/OFF,s208-rank1-d1-pos0,208,s208-rank1,score,1,False,noise01,True,0.0,False
DeepSeek/OFF,s208-rank1-d1-pos0,208,s208-rank1,score,1,False,long,True,0.0,False
DeepSeek/OFF,s208-rank1-d1-pos1,208,s208-rank1,background,1,True,default,False,0.011833333333333362,False
DeepSeek/OFF,s208-rank1-d1-pos1,208,s208-rank1,background,1,True,noise01,False,0.010416666666666963,False
DeepSeek/OFF,s208-rank1-d1-pos1,208,s208-rank1,background,1,True,long,False,-0.002062500000000078,False
DeepSeek/OFF,s208-rank1-d1-pos2,208,s208-rank1,cooperation,1,True,default,False,-0.01416666666666666,False
DeepSeek/OFF,s208-rank1-d1-pos2,208,s208-rank1,cooperation,1,True,noise01,False,-0.016374999999999806,False
DeepSeek/OFF,s208-rank1-d1-pos2,208,s208-rank1,cooperation,1,True,long,False,0.020020833333333377,False
DeepSeek/OFF,s208-rank1-d1-pos3,208,s208-rank1,mismatched,1,True,default,False,-0.018041666666666734,False
DeepSeek/OFF,s208-rank1-d1-pos3,208,s208-rank1,mismatched,1,True,noise01,False,-0.0068749999999999645,False
DeepSeek/OFF,s208-rank1-d1-pos3,208,s208-rank1,mismatched,1,True,long,False,-0.02227083333333324,False
DeepSeek/OFF,s208-rank1-d1-pos4,208,s208-rank1,accurate,1,True,default,False,-0.0071666666666667656,False
DeepSeek/OFF,s208-rank1-d1-pos4,208,s208-rank1,accurate,1,True,noise01,False,-0.011500000000000066,False
DeepSeek/OFF,s208-rank1-d1-pos4,208,s208-rank1,accurate,1,True,long,False,0.018437500000000107,False
DeepSeek/OFF,s216-rank1-d0-pos0,216,s216-rank1,mismatched,0,True,default,False,-0.04970833333333324,False
DeepSeek/OFF,s216-rank1-d0-pos0,216,s216-rank1,mismatched,0,True,noise01,False,-0.04279166666666678,False
DeepSeek/OFF,s216-rank1-d0-pos0,216,s216-rank1,mismatched,0,True,long,False,0.005770833333333281,False
DeepSeek/OFF,s216-rank1-d0-pos1,216,s216-rank1,accurate,0,True,default,False,-0.0013333333333331865,False
DeepSeek/OFF,s216-rank1-d0-pos1,216,s216-rank1,accurate,0,True,noise01,False,-0.0008750000000001812,False
DeepSeek/OFF,s216-rank1-d0-pos1,216,s216-rank1,accurate,0,True,long,False,0.02229166666666682,False
DeepSeek/OFF,s216-rank1-d0-pos2,216,s216-rank1,score,0,True,default,False,0.05425000000000013,True
DeepSeek/OFF,s216-rank1-d0-pos2,216,s216-rank1,score,0,True,noise01,False,0.043749999999999956,True
DeepSeek/OFF,s216-rank1-d0-pos2,216,s216-rank1,score,0,True,long,False,0.09658333333333324,True
DeepSeek/OFF,s216-rank1-d0-pos3,216,s216-rank1,background,0,True,default,False,0.04795833333333355,True
DeepSeek/OFF,s216-rank1-d0-pos3,216,s216-rank1,background,0,True,noise01,False,0.025833333333333375,True
DeepSeek/OFF,s216-rank1-d0-pos3,216,s216-rank1,background,0,True,long,False,0.016562499999999813,True
DeepSeek/OFF,s216-rank1-d0-pos4,216,s216-rank1,cooperation,0,True,default,False,0.004541666666666888,False
DeepSeek/OFF,s216-rank1-d0-pos4,216,s216-rank1,cooperation,0,True,noise01,False,0.0028333333333332433,False
DeepSeek/OFF,s216-rank1-d0-pos4,216,s216-rank1,cooperation,0,True,long,False,0.012791666666666535,False
DeepSeek/OFF,s210-rank6-d0-pos0,210,s210-rank6,background,0,True,default,False,0.0,False
DeepSeek/OFF,s210-rank6-d0-pos0,210,s210-rank6,background,0,True,noise01,False,0.0,False
DeepSeek/OFF,s210-rank6-d0-pos0,210,s210-rank6,background,0,True,long,False,-0.008041666666666503,False
DeepSeek/OFF,s210-rank6-d0-pos1,210,s210-rank6,score,0,True,default,False,-0.01970833333333344,False
DeepSeek/OFF,s210-rank6-d0-pos1,210,s210-rank6,score,0,True,noise01,False,-0.005708333333333204,False
DeepSeek/OFF,s210-rank6-d0-pos1,210,s210-rank6,score,0,True,long,False,-0.005708333333333204,False
DeepSeek/OFF,s210-rank6-d0-pos2,210,s210-rank6,cooperation,0,False,default,True,0.0,False
DeepSeek/OFF,s210-rank6-d0-pos2,210,s210-rank6,cooperation,0,False,noise01,True,0.0,False
DeepSeek/OFF,s210-rank6-d0-pos2,210,s210-rank6,cooperation,0,False,long,True,0.0,False
DeepSeek/OFF,s210-rank6-d0-pos3,210,s210-rank6,accurate,0,True,default,False,-0.06062500000000015,False
DeepSeek/OFF,s210-rank6-d0-pos3,210,s210-rank6,accurate,0,True,noise01,False,-0.042583333333333195,False
DeepSeek/OFF,s210-rank6-d0-pos3,210,s210-rank6,accurate,0,True,long,False,-0.03393749999999973,False
DeepSeek/OFF,s210-rank6-d0-pos4,210,s210-rank6,mismatched,0,True,default,False,-0.0045000000000001705,True
DeepSeek/OFF,s210-rank6-d0-pos4,210,s210-rank6,mismatched,0,True,noise01,False,-0.005249999999999755,True
DeepSeek/OFF,s210-rank6-d0-pos4,210,s210-rank6,mismatched,0,True,long,False,-0.015083333333333115,True
DeepSeek/OFF,s202-rank1-d0-pos0,202,s202-rank1,mismatched,0,True,default,False,-0.007750000000000146,True
DeepSeek/OFF,s202-rank1-d0-pos0,202,s202-rank1,mismatched,0,True,noise01,False,0.002083333333333437,True
DeepSeek/OFF,s202-rank1-d0-pos0,202,s202-rank1,mismatched,0,True,long,False,-0.007624999999999993,True
DeepSeek/OFF,s202-rank1-d0-pos1,202,s202-rank1,cooperation,0,True,default,False,-0.05416666666666692,False
DeepSeek/OFF,s202-rank1-d0-pos1,202,s202-rank1,cooperation,0,True,noise01,False,-0.029416666666666647,False
DeepSeek/OFF,s202-rank1-d0-pos1,202,s202-rank1,cooperation,0,True,long,False,0.013166666666666771,False
DeepSeek/OFF,s202-rank1-d0-pos2,202,s202-rank1,background,0,True,default,False,0.005624999999999769,True
DeepSeek/OFF,s202-rank1-d0-pos2,202,s202-rank1,background,0,True,noise01,False,0.00708333333333333,True
DeepSeek/OFF,s202-rank1-d0-pos2,202,s202-rank1,background,0,True,long,False,0.00985416666666672,True
DeepSeek/OFF,s202-rank1-d0-pos3,202,s202-rank1,score,0,True,default,False,-0.010375000000000245,False
DeepSeek/OFF,s202-rank1-d0-pos3,202,s202-rank1,score,0,True,noise01,False,-0.000791666666666524,False
DeepSeek/OFF,s202-rank1-d0-pos3,202,s202-rank1,score,0,True,long,False,-0.03381250000000002,False
DeepSeek/OFF,s202-rank1-d0-pos4,202,s202-rank1,accurate,0,True,default,False,-0.005125000000000046,False
DeepSeek/OFF,s202-rank1-d0-pos4,202,s202-rank1,accurate,0,True,noise01,False,0.0012499999999999734,False
DeepSeek/OFF,s202-rank1-d0-pos4,202,s202-rank1,accurate,0,True,long,False,-0.005395833333333266,False
DeepSeek/OFF,s208-rank1-d0-pos0,208,s208-rank1,score,0,True,default,False,-0.018874999999999975,True
DeepSeek/OFF,s208-rank1-d0-pos0,208,s208-rank1,score,0,True,noise01,False,0.0030416666666668313,True
DeepSeek/OFF,s208-rank1-d0-pos0,208,s208-rank1,score,0,True,long,False,0.008145833333333297,True
DeepSeek/OFF,s208-rank1-d0-pos1,208,s208-rank1,background,0,True,default,False,-0.014999999999999902,False
DeepSeek/OFF,s208-rank1-d0-pos1,208,s208-rank1,background,0,True,noise01,False,-0.0037083333333334245,False
DeepSeek/OFF,s208-rank1-d0-pos1,208,s208-rank1,background,0,True,long,False,-0.022645833333333254,False
DeepSeek/OFF,s208-rank1-d0-pos2,208,s208-rank1,cooperation,0,True,default,False,0.008750000000000036,False
DeepSeek/OFF,s208-rank1-d0-pos2,208,s208-rank1,cooperation,0,True,noise01,False,0.01750000000000007,False
DeepSeek/OFF,s208-rank1-d0-pos2,208,s208-rank1,cooperation,0,True,long,False,0.03502083333333328,False
DeepSeek/OFF,s208-rank1-d0-pos3,208,s208-rank1,mismatched,0,True,default,False,-0.010291666666666588,False
DeepSeek/OFF,s208-rank1-d0-pos3,208,s208-rank1,mismatched,0,True,noise01,False,-0.02037499999999981,False
DeepSeek/OFF,s208-rank1-d0-pos3,208,s208-rank1,mismatched,0,True,long,False,-0.03893750000000007,False
DeepSeek/OFF,s208-rank1-d0-pos4,208,s208-rank1,accurate,0,True,default,False,0.03400000000000003,True
DeepSeek/OFF,s208-rank1-d0-pos4,208,s208-rank1,accurate,0,True,noise01,False,0.026499999999999968,True
DeepSeek/OFF,s208-rank1-d0-pos4,208,s208-rank1,accurate,0,True,long,False,0.09270833333333339,True
DeepSeek/OFF,s218-rank3-d0-pos0,218,s218-rank3,cooperation,0,True,default,False,-0.001791666666666858,True
DeepSeek/OFF,s218-rank3-d0-pos0,218,s218-rank3,cooperation,0,True,noise01,False,0.003541666666666554,True
DeepSeek/OFF,s218-rank3-d0-pos0,218,s218-rank3,cooperation,0,True,long,False,-0.036958333333333204,True
DeepSeek/OFF,s218-rank3-d0-pos1,218,s218-rank3,accurate,0,True,default,False,-0.0022499999999998632,True
DeepSeek/OFF,s218-rank3-d0-pos1,218,s218-rank3,accurate,0,True,noise01,False,-0.005833333333333357,True
DeepSeek/OFF,s218-rank3-d0-pos1,218,s218-rank3,accurate,0,True,long,False,-0.09829166666666644,True
DeepSeek/OFF,s218-rank3-d0-pos2,218,s218-rank3,score,0,True,default,False,-0.09099999999999997,False
DeepSeek/OFF,s218-rank3-d0-pos2,218,s218-rank3,score,0,True,noise01,False,-0.08291666666666653,False
DeepSeek/OFF,s218-rank3-d0-pos2,218,s218-rank3,score,0,True,long,False,-0.08762499999999984,False
DeepSeek/OFF,s218-rank3-d0-pos3,218,s218-rank3,mismatched,0,True,default,False,-0.082125,False
DeepSeek/OFF,s218-rank3-d0-pos3,218,s218-rank3,mismatched,0,True,noise01,False,-0.05645833333333328,False
DeepSeek/OFF,s218-rank3-d0-pos3,218,s218-rank3,mismatched,0,True,long,False,-0.13620833333333326,False
DeepSeek/OFF,s218-rank3-d0-pos4,218,s218-rank3,background,0,True,default,False,-0.026583333333333403,True
DeepSeek/OFF,s218-rank3-d0-pos4,218,s218-rank3,background,0,True,noise01,False,-0.02450000000000019,True
DeepSeek/OFF,s218-rank3-d0-pos4,218,s218-rank3,background,0,True,long,False,-0.07395833333333335,True
DeepSeek/OFF,s202-rank3-d0-pos0,202,s202-rank3,mismatched,0,True,default,False,-0.11045833333333355,False
DeepSeek/OFF,s202-rank3-d0-pos0,202,s202-rank3,mismatched,0,True,noise01,False,-0.05225000000000013,False
DeepSeek/OFF,s202-rank3-d0-pos0,202,s202-rank3,mismatched,0,True,long,False,-0.1313333333333333,False
DeepSeek/OFF,s202-rank3-d0-pos1,202,s202-rank3,cooperation,0,True,default,False,0.06095833333333345,True
DeepSeek/OFF,s202-rank3-d0-pos1,202,s202-rank3,cooperation,0,True,noise01,False,0.05504166666666643,True
DeepSeek/OFF,s202-rank3-d0-pos1,202,s202-rank3,cooperation,0,True,long,False,-0.06447916666666664,True
DeepSeek/OFF,s202-rank3-d0-pos2,202,s202-rank3,background,0,True,default,False,-0.025833333333333597,False
DeepSeek/OFF,s202-rank3-d0-pos2,202,s202-rank3,background,0,True,noise01,False,0.003874999999999851,False
DeepSeek/OFF,s202-rank3-d0-pos2,202,s202-rank3,background,0,True,long,False,-0.0812708333333334,False
DeepSeek/OFF,s202-rank3-d0-pos3,202,s202-rank3,score,0,True,default,False,0.0031249999999998224,True
DeepSeek/OFF,s202-rank3-d0-pos3,202,s202-rank3,score,0,True,noise01,False,0.036958333333333204,True
DeepSeek/OFF,s202-rank3-d0-pos3,202,s202-rank3,score,0,True,long,True,0.0,True
DeepSeek/OFF,s202-rank3-d0-pos4,202,s202-rank3,accurate,0,True,default,False,0.025916666666666588,True
DeepSeek/OFF,s202-rank3-d0-pos4,202,s202-rank3,accurate,0,True,noise01,False,0.03904166666666664,True
DeepSeek/OFF,s202-rank3-d0-pos4,202,s202-rank3,accurate,0,True,long,False,-0.03722916666666665,True
DeepSeek/OFF,s215-rank6-d1-pos0,215,s215-rank6,background,1,True,default,False,0.08404166666666657,False
DeepSeek/OFF,s215-rank6-d1-pos0,215,s215-rank6,background,1,True,noise01,False,0.10991666666666666,False
DeepSeek/OFF,s215-rank6-d1-pos0,215,s215-rank6,background,1,True,long,False,0.10462500000000019,False
DeepSeek/OFF,s215-rank6-d1-pos1,215,s215-rank6,accurate,1,True,default,False,0.1516249999999999,True
DeepSeek/OFF,s215-rank6-d1-pos1,215,s215-rank6,accurate,1,True,noise01,False,0.17800000000000016,True
DeepSeek/OFF,s215-rank6-d1-pos1,215,s215-rank6,accurate,1,True,long,False,0.18485416666666654,True
DeepSeek/OFF,s215-rank6-d1-pos2,215,s215-rank6,mismatched,1,True,default,False,0.1296250000000001,False
DeepSeek/OFF,s215-rank6-d1-pos2,215,s215-rank6,mismatched,1,True,noise01,False,0.15366666666666684,False
DeepSeek/OFF,s215-rank6-d1-pos2,215,s215-rank6,mismatched,1,True,long,False,0.20689583333333328,False
DeepSeek/OFF,s215-rank6-d1-pos3,215,s215-rank6,cooperation,1,True,default,False,0.1709166666666666,True
DeepSeek/OFF,s215-rank6-d1-pos3,215,s215-rank6,cooperation,1,True,noise01,False,0.17849999999999988,True
DeepSeek/OFF,s215-rank6-d1-pos3,215,s215-rank6,cooperation,1,True,long,False,0.15689583333333346,True
DeepSeek/OFF,s215-rank6-d1-pos4,215,s215-rank6,score,1,True,default,False,0.1697500000000003,False
DeepSeek/OFF,s215-rank6-d1-pos4,215,s215-rank6,score,1,True,noise01,False,0.18916666666666693,False
DeepSeek/OFF,s215-rank6-d1-pos4,215,s215-rank6,score,1,True,long,False,0.17277083333333332,False
DeepSeek/OFF,s218-rank3-d1-pos0,218,s218-rank3,cooperation,1,True,default,False,0.0076666666666667105,False
DeepSeek/OFF,s218-rank3-d1-pos0,218,s218-rank3,cooperation,1,True,noise01,False,0.006166666666666654,False
DeepSeek/OFF,s218-rank3-d1-pos0,218,s218-rank3,cooperation,1,True,long,False,-0.059395833333333314,False
DeepSeek/OFF,s218-rank3-d1-pos1,218,s218-rank3,accurate,1,True,default,False,-0.004833333333333245,False
DeepSeek/OFF,s218-rank3-d1-pos1,218,s218-rank3,accurate,1,True,noise01,False,-0.03433333333333333,False
DeepSeek/OFF,s218-rank3-d1-pos1,218,s218-rank3,accurate,1,True,long,False,-0.0578749999999999,False
DeepSeek/OFF,s218-rank3-d1-pos2,218,s218-rank3,score,1,True,default,False,-0.001791666666666858,True
DeepSeek/OFF,s218-rank3-d1-pos2,218,s218-rank3,score,1,True,noise01,False,-0.004624999999999879,True
DeepSeek/OFF,s218-rank3-d1-pos2,218,s218-rank3,score,1,True,long,False,-0.014020833333333371,True
DeepSeek/OFF,s218-rank3-d1-pos3,218,s218-rank3,mismatched,1,True,default,False,-0.033791666666666664,False
DeepSeek/OFF,s218-rank3-d1-pos3,218,s218-rank3,mismatched,1,True,noise01,False,-0.025791666666666657,False
DeepSeek/OFF,s218-rank3-d1-pos3,218,s218-rank3,mismatched,1,True,long,False,-0.059395833333333314,False
DeepSeek/OFF,s218-rank3-d1-pos4,218,s218-rank3,background,1,True,default,False,-0.025416666666666643,False
DeepSeek/OFF,s218-rank3-d1-pos4,218,s218-rank3,background,1,True,noise01,False,-0.0399166666666666,False
DeepSeek/OFF,s218-rank3-d1-pos4,218,s218-rank3,background,1,True,long,False,-0.008041666666666725,False
DeepSeek/OFF,s217-rank1-d0-pos0,217,s217-rank1,accurate,0,True,default,False,0.004541666666666444,True
DeepSeek/OFF,s217-rank1-d0-pos0,217,s217-rank1,accurate,0,True,noise01,False,0.017249999999999766,True
DeepSeek/OFF,s217-rank1-d0-pos0,217,s217-rank1,accurate,0,True,long,False,0.004145833333333293,True
DeepSeek/OFF,s217-rank1-d0-pos1,217,s217-rank1,mismatched,0,True,default,False,-0.04933333333333323,False
DeepSeek/OFF,s217-rank1-d0-pos1,217,s217-rank1,mismatched,0,True,noise01,False,-0.051583333333333314,False
DeepSeek/OFF,s217-rank1-d0-pos1,217,s217-rank1,mismatched,0,True,long,False,-0.02404166666666674,False
DeepSeek/OFF,s217-rank1-d0-pos2,217,s217-rank1,cooperation,0,False,default,True,0.0,False
DeepSeek/OFF,s217-rank1-d0-pos2,217,s217-rank1,cooperation,0,False,noise01,True,0.0,False
DeepSeek/OFF,s217-rank1-d0-pos2,217,s217-rank1,cooperation,0,False,long,True,0.0,False
DeepSeek/OFF,s217-rank1-d0-pos3,217,s217-rank1,background,0,True,default,False,-0.09370833333333328,False
DeepSeek/OFF,s217-rank1-d0-pos3,217,s217-rank1,background,0,True,noise01,False,-0.06816666666666671,False
DeepSeek/OFF,s217-rank1-d0-pos3,217,s217-rank1,background,0,True,long,False,-0.04872916666666671,False
DeepSeek/OFF,s217-rank1-d0-pos4,217,s217-rank1,score,0,True,default,False,-0.0335416666666668,False
DeepSeek/OFF,s217-rank1-d0-pos4,217,s217-rank1,score,0,True,noise01,False,-0.03779166666666667,False
DeepSeek/OFF,s217-rank1-d0-pos4,217,s217-rank1,score,0,True,long,False,-0.020062499999999872,False
DeepSeek/OFF,s212-rank1-d0-pos0,212,s212-rank1,accurate,0,True,default,False,-0.033458333333333146,False
DeepSeek/OFF,s212-rank1-d0-pos0,212,s212-rank1,accurate,0,True,noise01,False,-0.03633333333333311,False
DeepSeek/OFF,s212-rank1-d0-pos0,212,s212-rank1,accurate,0,True,long,False,-0.04074999999999984,False
DeepSeek/OFF,s212-rank1-d0-pos1,212,s212-rank1,score,0,True,default,False,0.021333333333333426,True
DeepSeek/OFF,s212-rank1-d0-pos1,212,s212-rank1,score,0,True,noise01,False,0.026125000000000176,True
DeepSeek/OFF,s212-rank1-d0-pos1,212,s212-rank1,score,0,True,long,False,-0.030749999999999833,True
DeepSeek/OFF,s212-rank1-d0-pos2,212,s212-rank1,mismatched,0,True,default,False,-0.07170833333333304,False
DeepSeek/OFF,s212-rank1-d0-pos2,212,s212-rank1,mismatched,0,True,noise01,False,-0.030999999999999917,False
DeepSeek/OFF,s212-rank1-d0-pos2,212,s212-rank1,mismatched,0,True,long,False,-0.03716666666666657,False
DeepSeek/OFF,s212-rank1-d0-pos3,212,s212-rank1,background,0,True,default,False,0.004625000000000101,True
DeepSeek/OFF,s212-rank1-d0-pos3,212,s212-rank1,background,0,True,noise01,False,-0.0016666666666664831,True
DeepSeek/OFF,s212-rank1-d0-pos3,212,s212-rank1,background,0,True,long,False,-0.02949999999999986,True
DeepSeek/OFF,s212-rank1-d0-pos4,212,s212-rank1,cooperation,0,True,default,False,-0.06829166666666642,False
DeepSeek/OFF,s212-rank1-d0-pos4,212,s212-rank1,cooperation,0,True,noise01,False,-0.04295833333333321,False
DeepSeek/OFF,s212-rank1-d0-pos4,212,s212-rank1,cooperation,0,True,long,False,-0.07827083333333329,False
DeepSeek/OFF,s219-rank6-d1-pos0,219,s219-rank6,accurate,1,True,default,False,-0.02208333333333301,False
DeepSeek/OFF,s219-rank6-d1-pos0,219,s219-rank6,accurate,1,True,noise01,False,-0.03337499999999993,False
DeepSeek/OFF,s219-rank6-d1-pos0,219,s219-rank6,accurate,1,True,long,False,-0.004229166666666728,False
DeepSeek/OFF,s219-rank6-d1-pos1,219,s219-rank6,score,1,True,default,False,0.016249999999999876,False
DeepSeek/OFF,s219-rank6-d1-pos1,219,s219-rank6,score,1,True,noise01,False,0.023666666666666503,False
DeepSeek/OFF,s219-rank6-d1-pos1,219,s219-rank6,score,1,True,long,False,-0.006854166666666828,False
DeepSeek/OFF,s219-rank6-d1-pos2,219,s219-rank6,cooperation,1,True,default,False,-0.0003333333333332966,False
DeepSeek/OFF,s219-rank6-d1-pos2,219,s219-rank6,cooperation,1,True,noise01,False,0.011541666666666783,False
DeepSeek/OFF,s219-rank6-d1-pos2,219,s219-rank6,cooperation,1,True,long,False,0.010458333333333236,False
DeepSeek/OFF,s219-rank6-d1-pos3,219,s219-rank6,background,1,True,default,False,-0.0086666666666666,False
DeepSeek/OFF,s219-rank6-d1-pos3,219,s219-rank6,background,1,True,noise01,False,0.009791666666666643,False
DeepSeek/OFF,s219-rank6-d1-pos3,219,s219-rank6,background,1,True,long,False,-0.009020833333333478,False
DeepSeek/OFF,s219-rank6-d1-pos4,219,s219-rank6,mismatched,1,True,default,False,-0.007374999999999687,False
DeepSeek/OFF,s219-rank6-d1-pos4,219,s219-rank6,mismatched,1,True,noise01,False,0.010083333333333444,False
DeepSeek/OFF,s219-rank6-d1-pos4,219,s219-rank6,mismatched,1,True,long,False,-0.0043333333333333,False
DeepSeek/OFF,s207-rank3-d0-pos0,207,s207-rank3,cooperation,0,True,default,False,-0.06062500000000037,False
DeepSeek/OFF,s207-rank3-d0-pos0,207,s207-rank3,cooperation,0,True,noise01,False,-0.04787500000000011,False
DeepSeek/OFF,s207-rank3-d0-pos0,207,s207-rank3,cooperation,0,True,long,False,-0.16289583333333302,False
DeepSeek/OFF,s207-rank3-d0-pos1,207,s207-rank3,accurate,0,True,default,False,-0.09895833333333348,True
DeepSeek/OFF,s207-rank3-d0-pos1,207,s207-rank3,accurate,0,True,noise01,False,-0.06645833333333351,True
DeepSeek/OFF,s207-rank3-d0-pos1,207,s207-rank3,accurate,0,True,long,False,-0.12560416666666652,True
DeepSeek/OFF,s207-rank3-d0-pos2,207,s207-rank3,background,0,True,default,False,-0.07750000000000012,False
DeepSeek/OFF,s207-rank3-d0-pos2,207,s207-rank3,background,0,True,noise01,False,-0.04037500000000005,False
DeepSeek/OFF,s207-rank3-d0-pos2,207,s207-rank3,background,0,True,long,False,-0.10285416666666647,False
DeepSeek/OFF,s207-rank3-d0-pos3,207,s207-rank3,score,0,True,default,False,-0.014958333333333407,False
DeepSeek/OFF,s207-rank3-d0-pos3,207,s207-rank3,score,0,True,noise01,False,-0.016874999999999973,False
DeepSeek/OFF,s207-rank3-d0-pos3,207,s207-rank3,score,0,True,long,False,0.02314583333333342,False
DeepSeek/OFF,s207-rank3-d0-pos4,207,s207-rank3,mismatched,0,True,default,False,-0.10520833333333335,False
DeepSeek/OFF,s207-rank3-d0-pos4,207,s207-rank3,mismatched,0,True,noise01,False,-0.09229166666666688,False
DeepSeek/OFF,s207-rank3-d0-pos4,207,s207-rank3,mismatched,0,True,long,False,-0.12141666666666628,False
DeepSeek/OFF,s213-rank1-d0-pos0,213,s213-rank1,accurate,0,True,default,False,-0.08895833333333325,False
DeepSeek/OFF,s213-rank1-d0-pos0,213,s213-rank1,accurate,0,True,noise01,False,-0.07429166666666664,False
DeepSeek/OFF,s213-rank1-d0-pos0,213,s213-rank1,accurate,0,True,long,False,-0.03458333333333341,False
DeepSeek/OFF,s213-rank1-d0-pos1,213,s213-rank1,cooperation,0,True,default,False,-0.010041666666666504,True
DeepSeek/OFF,s213-rank1-d0-pos1,213,s213-rank1,cooperation,0,True,noise01,False,0.0076666666666664884,True
DeepSeek/OFF,s213-rank1-d0-pos1,213,s213-rank1,cooperation,0,True,long,False,0.008895833333333547,True
DeepSeek/OFF,s213-rank1-d0-pos2,213,s213-rank1,background,0,True,default,False,-0.011458333333333126,True
DeepSeek/OFF,s213-rank1-d0-pos2,213,s213-rank1,background,0,True,noise01,False,-0.00374999999999992,True
DeepSeek/OFF,s213-rank1-d0-pos2,213,s213-rank1,background,0,True,long,False,0.009583333333333499,True
DeepSeek/OFF,s213-rank1-d0-pos3,213,s213-rank1,score,0,True,default,False,0.01075000000000026,False
DeepSeek/OFF,s213-rank1-d0-pos3,213,s213-rank1,score,0,True,noise01,False,0.016833333333333478,False
DeepSeek/OFF,s213-rank1-d0-pos3,213,s213-rank1,score,0,True,long,False,0.008124999999999938,False
DeepSeek/OFF,s213-rank1-d0-pos4,213,s213-rank1,mismatched,0,True,default,False,0.004333333333333522,True
DeepSeek/OFF,s213-rank1-d0-pos4,213,s213-rank1,mismatched,0,True,noise01,False,0.0050000000000001155,True
DeepSeek/OFF,s213-rank1-d0-pos4,213,s213-rank1,mismatched,0,True,long,False,0.012770833333333398,True
DeepSeek/OFF,s201-rank6-d0-pos0,201,s201-rank6,accurate,0,True,default,False,0.10783333333333345,True
DeepSeek/OFF,s201-rank6-d0-pos0,201,s201-rank6,accurate,0,True,noise01,False,0.09229166666666644,True
DeepSeek/OFF,s201-rank6-d0-pos0,201,s201-rank6,accurate,0,True,long,False,0.03570833333333323,True
DeepSeek/OFF,s201-rank6-d0-pos1,201,s201-rank6,cooperation,0,True,default,False,0.08520833333333333,False
DeepSeek/OFF,s201-rank6-d0-pos1,201,s201-rank6,cooperation,0,True,noise01,False,0.0858749999999997,False
DeepSeek/OFF,s201-rank6-d0-pos1,201,s201-rank6,cooperation,0,True,long,False,0.026791666666666325,False
DeepSeek/OFF,s201-rank6-d0-pos2,201,s201-rank6,score,0,True,default,False,0.022166666666666446,False
DeepSeek/OFF,s201-rank6-d0-pos2,201,s201-rank6,score,0,True,noise01,False,0.051249999999999796,False
DeepSeek/OFF,s201-rank6-d0-pos2,201,s201-rank6,score,0,True,long,False,0.03837500000000005,False
DeepSeek/OFF,s201-rank6-d0-pos3,201,s201-rank6,mismatched,0,True,default,False,-0.036208333333333176,False
DeepSeek/OFF,s201-rank6-d0-pos3,201,s201-rank6,mismatched,0,True,noise01,False,-0.012666666666666826,False
DeepSeek/OFF,s201-rank6-d0-pos3,201,s201-rank6,mismatched,0,True,long,False,-0.026541666666666686,False
DeepSeek/OFF,s201-rank6-d0-pos4,201,s201-rank6,background,0,True,default,False,0.012624999999999886,False
DeepSeek/OFF,s201-rank6-d0-pos4,201,s201-rank6,background,0,True,noise01,False,0.010749999999999815,False
DeepSeek/OFF,s201-rank6-d0-pos4,201,s201-rank6,background,0,True,long,False,-0.013749999999999929,False
DeepSeek/OFF,s213-rank6-d1-pos0,213,s213-rank6,accurate,1,True,default,False,-0.0858749999999997,False
DeepSeek/OFF,s213-rank6-d1-pos0,213,s213-rank6,accurate,1,True,noise01,False,-0.0830416666666669,False
DeepSeek/OFF,s213-rank6-d1-pos0,213,s213-rank6,accurate,1,True,long,False,-0.036354166666666465,False
DeepSeek/OFF,s213-rank6-d1-pos1,213,s213-rank6,cooperation,1,True,default,False,-0.006249999999999645,False
DeepSeek/OFF,s213-rank6-d1-pos1,213,s213-rank6,cooperation,1,True,noise01,False,-0.0035000000000000586,False
DeepSeek/OFF,s213-rank6-d1-pos1,213,s213-rank6,cooperation,1,True,long,False,-0.00618749999999979,False
DeepSeek/OFF,s213-rank6-d1-pos2,213,s213-rank6,background,1,True,default,False,-0.008291666666666586,False
DeepSeek/OFF,s213-rank6-d1-pos2,213,s213-rank6,background,1,True,noise01,False,-0.014000000000000234,False
DeepSeek/OFF,s213-rank6-d1-pos2,213,s213-rank6,background,1,True,long,False,-0.005374999999999908,False
DeepSeek/OFF,s213-rank6-d1-pos3,213,s213-rank6,score,1,True,default,False,-0.08166666666666655,False
DeepSeek/OFF,s213-rank6-d1-pos3,213,s213-rank6,score,1,True,noise01,False,-0.0834166666666667,False
DeepSeek/OFF,s213-rank6-d1-pos3,213,s213-rank6,score,1,True,long,False,-0.0517708333333331,False
DeepSeek/OFF,s213-rank6-d1-pos4,213,s213-rank6,mismatched,1,True,default,False,0.04804166666666654,True
DeepSeek/OFF,s213-rank6-d1-pos4,213,s213-rank6,mismatched,1,True,noise01,False,0.05370833333333347,True
DeepSeek/OFF,s213-rank6-d1-pos4,213,s213-rank6,mismatched,1,True,long,False,0.027166666666666783,True
DeepSeek/OFF,s217-rank3-d1-pos0,217,s217-rank3,accurate,1,True,default,False,0.053041666666666876,True
DeepSeek/OFF,s217-rank3-d1-pos0,217,s217-rank3,accurate,1,True,noise01,False,0.06299999999999972,True
DeepSeek/OFF,s217-rank3-d1-pos0,217,s217-rank3,accurate,1,True,long,False,0.01922916666666663,True
DeepSeek/OFF,s217-rank3-d1-pos1,217,s217-rank3,mismatched,1,True,default,False,-0.021624999999999783,False
DeepSeek/OFF,s217-rank3-d1-pos1,217,s217-rank3,mismatched,1,True,noise01,False,-0.011541666666666783,False
DeepSeek/OFF,s217-rank3-d1-pos1,217,s217-rank3,mismatched,1,True,long,False,0.007208333333333261,False
DeepSeek/OFF,s217-rank3-d1-pos2,217,s217-rank3,cooperation,1,True,default,False,0.020166666666666888,False
DeepSeek/OFF,s217-rank3-d1-pos2,217,s217-rank3,cooperation,1,True,noise01,False,0.033041666666666414,False
DeepSeek/OFF,s217-rank3-d1-pos2,217,s217-rank3,cooperation,1,True,long,False,0.011104166666666693,False
DeepSeek/OFF,s217-rank3-d1-pos3,217,s217-rank3,background,1,True,default,False,-0.0332916666666665,False
DeepSeek/OFF,s217-rank3-d1-pos3,217,s217-rank3,background,1,True,noise01,False,-0.022083333333333455,False
DeepSeek/OFF,s217-rank3-d1-pos3,217,s217-rank3,background,1,True,long,False,-0.010479166666666595,False
DeepSeek/OFF,s217-rank3-d1-pos4,217,s217-rank3,score,1,True,default,False,-0.03533333333333322,False
DeepSeek/OFF,s217-rank3-d1-pos4,217,s217-rank3,score,1,True,noise01,False,-0.020916666666666694,False
DeepSeek/OFF,s217-rank3-d1-pos4,217,s217-rank3,score,1,True,long,False,-0.026145833333333535,False
DeepSeek/OFF,s203-rank6-d0-pos0,203,s203-rank6,score,0,True,default,False,-0.05079166666666679,False
DeepSeek/OFF,s203-rank6-d0-pos0,203,s203-rank6,score,0,True,noise01,False,-0.042166666666666686,False
DeepSeek/OFF,s203-rank6-d0-pos0,203,s203-rank6,score,0,True,long,False,-0.10897916666666685,False
DeepSeek/OFF,s203-rank6-d0-pos1,203,s203-rank6,mismatched,0,True,default,False,-0.11566666666666658,False
DeepSeek/OFF,s203-rank6-d0-pos1,203,s203-rank6,mismatched,0,True,noise01,False,-0.08287500000000025,False
DeepSeek/OFF,s203-rank6-d0-pos1,203,s203-rank6,mismatched,0,True,long,False,-0.09493750000000012,False
DeepSeek/OFF,s203-rank6-d0-pos2,203,s203-rank6,background,0,True,default,False,-0.0578749999999999,False
DeepSeek/OFF,s203-rank6-d0-pos2,203,s203-rank6,background,0,True,noise01,False,-0.049416666666666886,False
DeepSeek/OFF,s203-rank6-d0-pos2,203,s203-rank6,background,0,True,long,False,-0.02647916666666683,False
DeepSeek/OFF,s203-rank6-d0-pos3,203,s203-rank6,cooperation,0,True,default,False,-0.041458333333333375,False
DeepSeek/OFF,s203-rank6-d0-pos3,203,s203-rank6,cooperation,0,True,noise01,False,-0.043166666666666575,False
DeepSeek/OFF,s203-rank6-d0-pos3,203,s203-rank6,cooperation,0,True,long,False,-0.03781250000000003,False
DeepSeek/OFF,s203-rank6-d0-pos4,203,s203-rank6,accurate,0,True,default,False,-0.04462500000000014,False
DeepSeek/OFF,s203-rank6-d0-pos4,203,s203-rank6,accurate,0,True,noise01,False,-0.03808333333333347,False
DeepSeek/OFF,s203-rank6-d0-pos4,203,s203-rank6,accurate,0,True,long,False,-0.007437500000000208,False
DeepSeek/OFF,s218-rank6-d0-pos0,218,s218-rank6,cooperation,0,True,default,False,-0.014708333333333323,False
DeepSeek/OFF,s218-rank6-d0-pos0,218,s218-rank6,cooperation,0,True,noise01,False,-0.013749999999999929,False
DeepSeek/OFF,s218-rank6-d0-pos0,218,s218-rank6,cooperation,0,True,long,False,0.03677083333333342,False
DeepSeek/OFF,s218-rank6-d0-pos1,218,s218-rank6,accurate,0,True,default,False,0.10695833333333327,True
DeepSeek/OFF,s218-rank6-d0-pos1,218,s218-rank6,accurate,0,True,noise01,False,0.08762500000000006,True
DeepSeek/OFF,s218-rank6-d0-pos1,218,s218-rank6,accurate,0,True,long,False,0.10145833333333343,True
DeepSeek/OFF,s218-rank6-d0-pos2,218,s218-rank6,score,0,True,default,False,0.13841666666666663,True
DeepSeek/OFF,s218-rank6-d0-pos2,218,s218-rank6,score,0,True,noise01,False,0.1023750000000001,True
DeepSeek/OFF,s218-rank6-d0-pos2,218,s218-rank6,score,0,True,long,False,0.16204166666666686,True
DeepSeek/OFF,s218-rank6-d0-pos3,218,s218-rank6,mismatched,0,True,default,False,0.07554166666666662,False
DeepSeek/OFF,s218-rank6-d0-pos3,218,s218-rank6,mismatched,0,True,noise01,False,0.06104166666666688,False
DeepSeek/OFF,s218-rank6-d0-pos3,218,s218-rank6,mismatched,0,True,long,False,0.12191666666666667,False
DeepSeek/OFF,s218-rank6-d0-pos4,218,s218-rank6,background,0,True,default,False,0.11037499999999989,False
DeepSeek/OFF,s218-rank6-d0-pos4,218,s218-rank6,background,0,True,noise01,False,0.09100000000000019,False
DeepSeek/OFF,s218-rank6-d0-pos4,218,s218-rank6,background,0,True,long,False,0.05577083333333355,False
DeepSeek/OFF,s206-rank1-d0-pos0,206,s206-rank1,cooperation,0,True,default,False,-0.021750000000000158,False
DeepSeek/OFF,s206-rank1-d0-pos0,206,s206-rank1,cooperation,0,True,noise01,False,-0.011041666666666616,False
DeepSeek/OFF,s206-rank1-d0-pos0,206,s206-rank1,cooperation,0,True,long,False,-0.02012499999999995,False
DeepSeek/OFF,s206-rank1-d0-pos1,206,s206-rank1,background,0,True,default,False,-0.015458333333333352,False
DeepSeek/OFF,s206-rank1-d0-pos1,206,s206-rank1,background,0,True,noise01,False,-0.025249999999999995,False
DeepSeek/OFF,s206-rank1-d0-pos1,206,s206-rank1,background,0,True,long,False,0.002375000000000238,False
DeepSeek/OFF,s206-rank1-d0-pos2,206,s206-rank1,accurate,0,True,default,False,-0.02545833333333336,False
DeepSeek/OFF,s206-rank1-d0-pos2,206,s206-rank1,accurate,0,True,noise01,False,-0.024541666666666462,False
DeepSeek/OFF,s206-rank1-d0-pos2,206,s206-rank1,accurate,0,True,long,False,-0.05477083333333321,False
DeepSeek/OFF,s206-rank1-d0-pos3,206,s206-rank1,mismatched,0,True,default,False,-0.011333333333333195,False
DeepSeek/OFF,s206-rank1-d0-pos3,206,s206-rank1,mismatched,0,True,noise01,False,-0.005249999999999977,False
DeepSeek/OFF,s206-rank1-d0-pos3,206,s206-rank1,mismatched,0,True,long,False,-0.02516666666666656,False
DeepSeek/OFF,s206-rank1-d0-pos4,206,s206-rank1,score,0,True,default,False,-0.036083333333333245,False
DeepSeek/OFF,s206-rank1-d0-pos4,206,s206-rank1,score,0,True,noise01,False,-0.048666666666666414,False
DeepSeek/OFF,s206-rank1-d0-pos4,206,s206-rank1,score,0,True,long,False,0.0048958333333335435,False
DeepSeek/OFF,s214-rank3-d0-pos0,214,s214-rank3,mismatched,0,True,default,False,0.012374999999999803,True
DeepSeek/OFF,s214-rank3-d0-pos0,214,s214-rank3,mismatched,0,True,noise01,False,0.0350833333333338,True
DeepSeek/OFF,s214-rank3-d0-pos0,214,s214-rank3,mismatched,0,True,long,False,-0.04343750000000002,True
DeepSeek/OFF,s214-rank3-d0-pos1,214,s214-rank3,background,0,True,default,False,0.06762499999999982,True
DeepSeek/OFF,s214-rank3-d0-pos1,214,s214-rank3,background,0,True,noise01,False,0.06904166666666689,True
DeepSeek/OFF,s214-rank3-d0-pos1,214,s214-rank3,background,0,True,long,False,-0.013666666666666716,True
DeepSeek/OFF,s214-rank3-d0-pos2,214,s214-rank3,accurate,0,True,default,False,0.038249999999999895,False
DeepSeek/OFF,s214-rank3-d0-pos2,214,s214-rank3,accurate,0,True,noise01,False,0.038125000000000187,False
DeepSeek/OFF,s214-rank3-d0-pos2,214,s214-rank3,accurate,0,True,long,False,-0.003083333333333327,False
DeepSeek/OFF,s214-rank3-d0-pos3,214,s214-rank3,score,0,True,default,False,0.0127083333333331,True
DeepSeek/OFF,s214-rank3-d0-pos3,214,s214-rank3,score,0,True,noise01,False,0.024541666666666906,True
DeepSeek/OFF,s214-rank3-d0-pos3,214,s214-rank3,score,0,True,long,False,-0.05112500000000009,True
DeepSeek/OFF,s214-rank3-d0-pos4,214,s214-rank3,cooperation,0,True,default,False,-0.0035000000000002807,False
DeepSeek/OFF,s214-rank3-d0-pos4,214,s214-rank3,cooperation,0,True,noise01,False,-0.0037083333333332025,False
DeepSeek/OFF,s214-rank3-d0-pos4,214,s214-rank3,cooperation,0,True,long,False,-0.035749999999999726,False
DeepSeek/OFF,s207-rank1-d0-pos0,207,s207-rank1,cooperation,0,True,default,False,0.3151249999999999,True
DeepSeek/OFF,s207-rank1-d0-pos0,207,s207-rank1,cooperation,0,True,noise01,False,0.2674583333333336,True
DeepSeek/OFF,s207-rank1-d0-pos0,207,s207-rank1,cooperation,0,True,long,False,0.10518750000000021,True
DeepSeek/OFF,s207-rank1-d0-pos1,207,s207-rank1,accurate,0,True,default,False,0.24683333333333346,True
DeepSeek/OFF,s207-rank1-d0-pos1,207,s207-rank1,accurate,0,True,noise01,False,0.2134583333333333,True
DeepSeek/OFF,s207-rank1-d0-pos1,207,s207-rank1,accurate,0,True,long,False,0.09706250000000005,True
DeepSeek/OFF,s207-rank1-d0-pos2,207,s207-rank1,background,0,True,default,False,-0.013124999999999831,False
DeepSeek/OFF,s207-rank1-d0-pos2,207,s207-rank1,background,0,True,noise01,False,-0.009624999999999995,False
DeepSeek/OFF,s207-rank1-d0-pos2,207,s207-rank1,background,0,True,long,False,0.03550000000000009,False
DeepSeek/OFF,s207-rank1-d0-pos3,207,s207-rank1,score,0,True,default,False,0.24158333333333348,True
DeepSeek/OFF,s207-rank1-d0-pos3,207,s207-rank1,score,0,True,noise01,False,0.20320833333333344,True
DeepSeek/OFF,s207-rank1-d0-pos3,207,s207-rank1,score,0,True,long,False,0.1415833333333334,True
DeepSeek/OFF,s207-rank1-d0-pos4,207,s207-rank1,mismatched,0,True,default,False,0.2623749999999998,True
DeepSeek/OFF,s207-rank1-d0-pos4,207,s207-rank1,mismatched,0,True,noise01,False,0.21004166666666668,True
DeepSeek/OFF,s207-rank1-d0-pos4,207,s207-rank1,mismatched,0,True,long,False,0.1075625,True
DeepSeek/OFF,s219-rank6-d0-pos0,219,s219-rank6,accurate,0,True,default,False,-0.027374999999999705,False
DeepSeek/OFF,s219-rank6-d0-pos0,219,s219-rank6,accurate,0,True,noise01,False,-0.008708333333333318,False
DeepSeek/OFF,s219-rank6-d0-pos0,219,s219-rank6,accurate,0,True,long,False,-0.010958333333333403,False
DeepSeek/OFF,s219-rank6-d0-pos1,219,s219-rank6,score,0,True,default,False,-0.022958333333333192,False
DeepSeek/OFF,s219-rank6-d0-pos1,219,s219-rank6,score,0,True,noise01,False,0.00024999999999986144,False
DeepSeek/OFF,s219-rank6-d0-pos1,219,s219-rank6,score,0,True,long,False,-0.029500000000000304,False
DeepSeek/OFF,s219-rank6-d0-pos2,219,s219-rank6,cooperation,0,False,default,True,0.0,False
DeepSeek/OFF,s219-rank6-d0-pos2,219,s219-rank6,cooperation,0,False,noise01,True,0.0,False
DeepSeek/OFF,s219-rank6-d0-pos2,219,s219-rank6,cooperation,0,False,long,True,0.0,False
DeepSeek/OFF,s219-rank6-d0-pos3,219,s219-rank6,background,0,True,default,False,0.02391666666666703,True
DeepSeek/OFF,s219-rank6-d0-pos3,219,s219-rank6,background,0,True,noise01,False,0.02620833333333339,True
DeepSeek/OFF,s219-rank6-d0-pos3,219,s219-rank6,background,0,True,long,False,-0.00522916666666684,True
DeepSeek/OFF,s219-rank6-d0-pos4,219,s219-rank6,mismatched,0,True,default,False,0.020000000000000018,True
DeepSeek/OFF,s219-rank6-d0-pos4,219,s219-rank6,mismatched,0,True,noise01,False,0.016666666666666607,True
DeepSeek/OFF,s219-rank6-d0-pos4,219,s219-rank6,mismatched,0,True,long,False,-0.03502083333333328,True
DeepSeek/OFF,s210-rank6-d1-pos0,210,s210-rank6,background,1,True,default,False,0.08595833333333358,True
DeepSeek/OFF,s210-rank6-d1-pos0,210,s210-rank6,background,1,True,noise01,False,0.08024999999999993,True
DeepSeek/OFF,s210-rank6-d1-pos0,210,s210-rank6,background,1,True,long,False,0.026729166666666915,True
DeepSeek/OFF,s210-rank6-d1-pos1,210,s210-rank6,score,1,True,default,False,0.07416666666666671,True
DeepSeek/OFF,s210-rank6-d1-pos1,210,s210-rank6,score,1,True,noise01,False,0.08154166666666685,True
DeepSeek/OFF,s210-rank6-d1-pos1,210,s210-rank6,score,1,True,long,False,0.020791666666666764,True
DeepSeek/OFF,s210-rank6-d1-pos2,210,s210-rank6,cooperation,1,True,default,False,0.006708333333333316,False
DeepSeek/OFF,s210-rank6-d1-pos2,210,s210-rank6,cooperation,1,True,noise01,False,0.005958333333333732,False
DeepSeek/OFF,s210-rank6-d1-pos2,210,s210-rank6,cooperation,1,True,long,False,0.0028125000000001066,False
DeepSeek/OFF,s210-rank6-d1-pos3,210,s210-rank6,accurate,1,True,default,False,-0.008750000000000258,False
DeepSeek/OFF,s210-rank6-d1-pos3,210,s210-rank6,accurate,1,True,noise01,False,-0.019749999999999934,False
DeepSeek/OFF,s210-rank6-d1-pos3,210,s210-rank6,accurate,1,True,long,False,-0.06806249999999991,False
DeepSeek/OFF,s210-rank6-d1-pos4,210,s210-rank6,mismatched,1,True,default,False,0.01645833333333324,False
DeepSeek/OFF,s210-rank6-d1-pos4,210,s210-rank6,mismatched,1,True,noise01,False,-0.0016666666666664831,False
DeepSeek/OFF,s210-rank6-d1-pos4,210,s210-rank6,mismatched,1,True,long,False,0.00018750000000022915,False
DeepSeek/OFF,s208-rank6-d1-pos0,208,s208-rank6,score,1,True,default,False,-0.06304166666666644,False
DeepSeek/OFF,s208-rank6-d1-pos0,208,s208-rank6,score,1,True,noise01,False,-0.020499999999999963,False
DeepSeek/OFF,s208-rank6-d1-pos0,208,s208-rank6,score,1,True,long,False,-0.08697916666666661,False
DeepSeek/OFF,s208-rank6-d1-pos1,208,s208-rank6,background,1,True,default,False,0.0,False
DeepSeek/OFF,s208-rank6-d1-pos1,208,s208-rank6,background,1,True,noise01,False,0.0,False
DeepSeek/OFF,s208-rank6-d1-pos1,208,s208-rank6,background,1,True,long,False,0.0,False
DeepSeek/OFF,s208-rank6-d1-pos2,208,s208-rank6,cooperation,1,True,default,False,0.0515416666666666,True
DeepSeek/OFF,s208-rank6-d1-pos2,208,s208-rank6,cooperation,1,True,noise01,False,0.06720833333333331,True
DeepSeek/OFF,s208-rank6-d1-pos2,208,s208-rank6,cooperation,1,True,long,False,0.04541666666666644,True
DeepSeek/OFF,s208-rank6-d1-pos3,208,s208-rank6,mismatched,1,False,default,True,0.0,False
DeepSeek/OFF,s208-rank6-d1-pos3,208,s208-rank6,mismatched,1,False,noise01,True,0.0,False
DeepSeek/OFF,s208-rank6-d1-pos3,208,s208-rank6,mismatched,1,False,long,True,0.0,False
DeepSeek/OFF,s208-rank6-d1-pos4,208,s208-rank6,accurate,1,True,default,False,-0.04345833333333338,False
DeepSeek/OFF,s208-rank6-d1-pos4,208,s208-rank6,accurate,1,True,noise01,False,-0.016750000000000043,False
DeepSeek/OFF,s208-rank6-d1-pos4,208,s208-rank6,accurate,1,True,long,False,-0.06316666666666682,False
DeepSeek/OFF,s201-rank3-d1-pos0,201,s201-rank3,accurate,1,True,default,False,-0.011166666666666103,False
DeepSeek/OFF,s201-rank3-d1-pos0,201,s201-rank3,accurate,1,True,noise01,False,-0.0003750000000000142,False
DeepSeek/OFF,s201-rank3-d1-pos0,201,s201-rank3,accurate,1,True,long,False,-0.0015208333333334156,False
DeepSeek/OFF,s201-rank3-d1-pos1,201,s201-rank3,cooperation,1,True,default,False,-0.05754166666666638,False
DeepSeek/OFF,s201-rank3-d1-pos1,201,s201-rank3,cooperation,1,True,noise01,False,-0.06233333333333313,False
DeepSeek/OFF,s201-rank3-d1-pos1,201,s201-rank3,cooperation,1,True,long,False,0.09943750000000029,False
DeepSeek/OFF,s201-rank3-d1-pos2,201,s201-rank3,score,1,True,default,False,-0.03445833333333326,True
DeepSeek/OFF,s201-rank3-d1-pos2,201,s201-rank3,score,1,True,noise01,False,-0.03524999999999956,True
DeepSeek/OFF,s201-rank3-d1-pos2,201,s201-rank3,score,1,True,long,False,0.0843333333333336,True
DeepSeek/OFF,s201-rank3-d1-pos3,201,s201-rank3,mismatched,1,True,default,False,-0.10333333333333306,False
DeepSeek/OFF,s201-rank3-d1-pos3,201,s201-rank3,mismatched,1,True,noise01,False,-0.07537499999999997,False
DeepSeek/OFF,s201-rank3-d1-pos3,201,s201-rank3,mismatched,1,True,long,False,-0.06987499999999991,False
DeepSeek/OFF,s201-rank3-d1-pos4,201,s201-rank3,background,1,True,default,False,0.037041666666667084,True
DeepSeek/OFF,s201-rank3-d1-pos4,201,s201-rank3,background,1,True,noise01,False,0.020291666666666597,True
DeepSeek/OFF,s201-rank3-d1-pos4,201,s201-rank3,background,1,True,long,False,0.10541666666666694,True
DeepSeek/OFF,s200-rank3-d0-pos0,200,s200-rank3,mismatched,0,True,default,False,-0.04045833333333326,False
DeepSeek/OFF,s200-rank3-d0-pos0,200,s200-rank3,mismatched,0,True,noise01,False,-0.03675000000000006,False
DeepSeek/OFF,s200-rank3-d0-pos0,200,s200-rank3,mismatched,0,True,long,False,-0.050520833333332904,False
DeepSeek/OFF,s200-rank3-d0-pos1,200,s200-rank3,background,0,True,default,False,0.00649999999999995,False
DeepSeek/OFF,s200-rank3-d0-pos1,200,s200-rank3,background,0,True,noise01,False,0.02329166666666649,False
DeepSeek/OFF,s200-rank3-d0-pos1,200,s200-rank3,background,0,True,long,False,-0.06874999999999942,False
DeepSeek/OFF,s200-rank3-d0-pos2,200,s200-rank3,cooperation,0,True,default,False,0.05887500000000001,True
DeepSeek/OFF,s200-rank3-d0-pos2,200,s200-rank3,cooperation,0,True,noise01,False,0.06737499999999974,True
DeepSeek/OFF,s200-rank3-d0-pos2,200,s200-rank3,cooperation,0,True,long,False,-0.04535416666666614,True
DeepSeek/OFF,s200-rank3-d0-pos3,200,s200-rank3,accurate,0,True,default,False,0.01779166666666665,False
DeepSeek/OFF,s200-rank3-d0-pos3,200,s200-rank3,accurate,0,True,noise01,False,0.02012499999999995,False
DeepSeek/OFF,s200-rank3-d0-pos3,200,s200-rank3,accurate,0,True,long,False,-0.06420833333333298,False
DeepSeek/OFF,s200-rank3-d0-pos4,200,s200-rank3,score,0,True,default,False,-0.08162499999999984,False
DeepSeek/OFF,s200-rank3-d0-pos4,200,s200-rank3,score,0,True,noise01,False,-0.05200000000000027,False
DeepSeek/OFF,s200-rank3-d0-pos4,200,s200-rank3,score,0,True,long,False,-0.1122708333333331,False
DeepSeek/OFF,s218-rank1-d1-pos0,218,s218-rank1,cooperation,1,True,default,False,-0.029666666666666508,False
DeepSeek/OFF,s218-rank1-d1-pos0,218,s218-rank1,cooperation,1,True,noise01,False,-0.05149999999999988,False
DeepSeek/OFF,s218-rank1-d1-pos0,218,s218-rank1,cooperation,1,True,long,False,-0.02214583333333331,False
DeepSeek/OFF,s218-rank1-d1-pos1,218,s218-rank1,accurate,1,True,default,False,-0.013708333333333211,False
DeepSeek/OFF,s218-rank1-d1-pos1,218,s218-rank1,accurate,1,True,noise01,False,-0.015208333333333046,False
DeepSeek/OFF,s218-rank1-d1-pos1,218,s218-rank1,accurate,1,True,long,False,0.01766666666666672,False
DeepSeek/OFF,s218-rank1-d1-pos2,218,s218-rank1,score,1,True,default,False,-0.012208333333333155,False
DeepSeek/OFF,s218-rank1-d1-pos2,218,s218-rank1,score,1,True,noise01,False,-0.015249999999999764,False
DeepSeek/OFF,s218-rank1-d1-pos2,218,s218-rank1,score,1,True,long,False,0.09339583333333334,False
DeepSeek/OFF,s218-rank1-d1-pos3,218,s218-rank1,mismatched,1,True,default,False,0.00020833333333358794,True
DeepSeek/OFF,s218-rank1-d1-pos3,218,s218-rank1,mismatched,1,True,noise01,False,-0.009291666666666476,True
DeepSeek/OFF,s218-rank1-d1-pos3,218,s218-rank1,mismatched,1,True,long,False,0.04556249999999995,True
DeepSeek/OFF,s218-rank1-d1-pos4,218,s218-rank1,background,1,True,default,False,0.0,False
DeepSeek/OFF,s218-rank1-d1-pos4,218,s218-rank1,background,1,True,noise01,False,0.0,False
DeepSeek/OFF,s218-rank1-d1-pos4,218,s218-rank1,background,1,True,long,False,0.0,False
DeepSeek/OFF,s216-rank6-d1-pos0,216,s216-rank6,mismatched,1,True,default,False,0.03908333333333336,False
DeepSeek/OFF,s216-rank6-d1-pos0,216,s216-rank6,mismatched,1,True,noise01,False,0.02433333333333354,False
DeepSeek/OFF,s216-rank6-d1-pos0,216,s216-rank6,mismatched,1,True,long,False,-0.030708333333333337,False
DeepSeek/OFF,s216-rank6-d1-pos1,216,s216-rank6,accurate,1,True,default,False,-0.08250000000000002,False
DeepSeek/OFF,s216-rank6-d1-pos1,216,s216-rank6,accurate,1,True,noise01,False,-0.05149999999999966,False
DeepSeek/OFF,s216-rank6-d1-pos1,216,s216-rank6,accurate,1,True,long,False,-0.009812500000000224,False
DeepSeek/OFF,s216-rank6-d1-pos2,216,s216-rank6,score,1,True,default,False,0.05858333333333343,True
DeepSeek/OFF,s216-rank6-d1-pos2,216,s216-rank6,score,1,True,noise01,False,0.031666666666666954,True
DeepSeek/OFF,s216-rank6-d1-pos2,216,s216-rank6,score,1,True,long,False,-0.033208333333333506,True
DeepSeek/OFF,s216-rank6-d1-pos3,216,s216-rank6,background,1,True,default,False,-0.026874999999999982,False
DeepSeek/OFF,s216-rank6-d1-pos3,216,s216-rank6,background,1,True,noise01,False,-0.020416666666666528,False
DeepSeek/OFF,s216-rank6-d1-pos3,216,s216-rank6,background,1,True,long,False,0.05383333333333318,False
DeepSeek/OFF,s216-rank6-d1-pos4,216,s216-rank6,cooperation,1,True,default,False,0.047250000000000014,True
DeepSeek/OFF,s216-rank6-d1-pos4,216,s216-rank6,cooperation,1,True,noise01,False,0.026416666666666977,True
DeepSeek/OFF,s216-rank6-d1-pos4,216,s216-rank6,cooperation,1,True,long,False,0.04556250000000017,True
DeepSeek/OFF,s212-rank3-d1-pos0,212,s212-rank3,accurate,1,True,default,False,-0.08316666666666661,False
DeepSeek/OFF,s212-rank3-d1-pos0,212,s212-rank3,accurate,1,True,noise01,False,-0.08179166666666648,False
DeepSeek/OFF,s212-rank3-d1-pos0,212,s212-rank3,accurate,1,True,long,False,-0.15858333333333352,False
DeepSeek/OFF,s212-rank3-d1-pos1,212,s212-rank3,score,1,True,default,False,-0.0009999999999998899,False
DeepSeek/OFF,s212-rank3-d1-pos1,212,s212-rank3,score,1,True,noise01,False,-0.007624999999999993,False
DeepSeek/OFF,s212-rank3-d1-pos1,212,s212-rank3,score,1,True,long,False,-0.05950000000000011,False
DeepSeek/OFF,s212-rank3-d1-pos2,212,s212-rank3,mismatched,1,True,default,False,-0.07095833333333323,False
DeepSeek/OFF,s212-rank3-d1-pos2,212,s212-rank3,mismatched,1,True,noise01,False,-0.04799999999999982,False
DeepSeek/OFF,s212-rank3-d1-pos2,212,s212-rank3,mismatched,1,True,long,False,-0.03908333333333336,False
DeepSeek/OFF,s212-rank3-d1-pos3,212,s212-rank3,background,1,True,default,False,-0.0020416666666667194,False
DeepSeek/OFF,s212-rank3-d1-pos3,212,s212-rank3,background,1,True,noise01,False,0.010291666666666588,False
DeepSeek/OFF,s212-rank3-d1-pos3,212,s212-rank3,background,1,True,long,False,0.0035833333333332718,False
DeepSeek/OFF,s212-rank3-d1-pos4,212,s212-rank3,cooperation,1,True,default,False,0.030000000000000027,False
DeepSeek/OFF,s212-rank3-d1-pos4,212,s212-rank3,cooperation,1,True,noise01,False,0.03575000000000017,False
DeepSeek/OFF,s212-rank3-d1-pos4,212,s212-rank3,cooperation,1,True,long,False,-0.08850000000000025,False
DeepSeek/OFF,s202-rank3-d1-pos0,202,s202-rank3,mismatched,1,True,default,False,-0.006250000000000311,True
DeepSeek/OFF,s202-rank3-d1-pos0,202,s202-rank3,mismatched,1,True,noise01,False,0.027374999999999927,True
DeepSeek/OFF,s202-rank3-d1-pos0,202,s202-rank3,mismatched,1,True,long,False,0.06950000000000012,True
DeepSeek/OFF,s202-rank3-d1-pos1,202,s202-rank3,cooperation,1,True,default,False,0.004541666666666444,False
DeepSeek/OFF,s202-rank3-d1-pos1,202,s202-rank3,cooperation,1,True,noise01,False,0.029124999999999845,False
DeepSeek/OFF,s202-rank3-d1-pos1,202,s202-rank3,cooperation,1,True,long,False,-0.09681249999999975,False
DeepSeek/OFF,s202-rank3-d1-pos2,202,s202-rank3,background,1,True,default,False,0.03191666666666637,True
DeepSeek/OFF,s202-rank3-d1-pos2,202,s202-rank3,background,1,True,noise01,False,0.04529166666666651,True
DeepSeek/OFF,s202-rank3-d1-pos2,202,s202-rank3,background,1,True,long,False,-0.07118749999999974,True
DeepSeek/OFF,s202-rank3-d1-pos3,202,s202-rank3,score,1,True,default,False,-0.03720833333333373,False
DeepSeek/OFF,s202-rank3-d1-pos3,202,s202-rank3,score,1,True,noise01,False,0.004833333333333023,False
DeepSeek/OFF,s202-rank3-d1-pos3,202,s202-rank3,score,1,True,long,False,-0.09052083333333316,False
DeepSeek/OFF,s202-rank3-d1-pos4,202,s202-rank3,accurate,1,True,default,False,-0.01262500000000033,False
DeepSeek/OFF,s202-rank3-d1-pos4,202,s202-rank3,accurate,1,True,noise01,False,0.018708333333333327,False
DeepSeek/OFF,s202-rank3-d1-pos4,202,s202-rank3,accurate,1,True,long,False,-0.06647916666666642,False
DeepSeek/OFF,s206-rank3-d0-pos0,206,s206-rank3,cooperation,0,True,default,False,0.033625000000000016,True
DeepSeek/OFF,s206-rank3-d0-pos0,206,s206-rank3,cooperation,0,True,noise01,False,0.04937499999999995,True
DeepSeek/OFF,s206-rank3-d0-pos0,206,s206-rank3,cooperation,0,True,long,False,0.0027291666666666714,True
DeepSeek/OFF,s206-rank3-d0-pos1,206,s206-rank3,background,0,True,default,False,0.04816666666666691,False
DeepSeek/OFF,s206-rank3-d0-pos1,206,s206-rank3,background,0,True,noise01,False,0.04729166666666651,False
DeepSeek/OFF,s206-rank3-d0-pos1,206,s206-rank3,background,0,True,long,False,0.07735416666666661,False
DeepSeek/OFF,s206-rank3-d0-pos2,206,s206-rank3,accurate,0,True,default,False,0.042458333333333265,False
DeepSeek/OFF,s206-rank3-d0-pos2,206,s206-rank3,accurate,0,True,noise01,False,0.06166666666666676,False
DeepSeek/OFF,s206-rank3-d0-pos2,206,s206-rank3,accurate,0,True,long,False,0.058520833333333355,False
DeepSeek/OFF,s206-rank3-d0-pos3,206,s206-rank3,mismatched,0,True,default,False,0.021791666666666654,False
DeepSeek/OFF,s206-rank3-d0-pos3,206,s206-rank3,mismatched,0,True,noise01,False,0.034791666666666554,False
DeepSeek/OFF,s206-rank3-d0-pos3,206,s206-rank3,mismatched,0,True,long,False,0.07110416666666675,False
DeepSeek/OFF,s206-rank3-d0-pos4,206,s206-rank3,score,0,True,default,False,0.028583333333333405,True
DeepSeek/OFF,s206-rank3-d0-pos4,206,s206-rank3,score,0,True,noise01,False,0.041874999999999885,True
DeepSeek/OFF,s206-rank3-d0-pos4,206,s206-rank3,score,0,True,long,False,-0.0003541666666666554,True
DeepSeek/OFF,s209-rank6-d0-pos0,209,s209-rank6,mismatched,0,True,default,False,-0.01866666666666661,False
DeepSeek/OFF,s209-rank6-d0-pos0,209,s209-rank6,mismatched,0,True,noise01,False,-0.0030416666666668313,False
DeepSeek/OFF,s209-rank6-d0-pos0,209,s209-rank6,mismatched,0,True,long,False,-0.02149999999999963,False
DeepSeek/OFF,s209-rank6-d0-pos1,209,s209-rank6,background,0,True,default,False,-0.01779166666666665,False
DeepSeek/OFF,s209-rank6-d0-pos1,209,s209-rank6,background,0,True,noise01,False,-0.011249999999999982,False
DeepSeek/OFF,s209-rank6-d0-pos1,209,s209-rank6,background,0,True,long,False,0.01608333333333367,False
DeepSeek/OFF,s209-rank6-d0-pos2,209,s209-rank6,accurate,0,True,default,False,-0.03487499999999999,False
DeepSeek/OFF,s209-rank6-d0-pos2,209,s209-rank6,accurate,0,True,noise01,False,-0.010208333333333375,False
DeepSeek/OFF,s209-rank6-d0-pos2,209,s209-rank6,accurate,0,True,long,False,-0.016979166666666545,False
DeepSeek/OFF,s209-rank6-d0-pos3,209,s209-rank6,score,0,True,default,False,-0.03337499999999993,False
DeepSeek/OFF,s209-rank6-d0-pos3,209,s209-rank6,score,0,True,noise01,False,-0.005458333333333565,False
DeepSeek/OFF,s209-rank6-d0-pos3,209,s209-rank6,score,0,True,long,False,-0.03829166666666639,False
DeepSeek/OFF,s209-rank6-d0-pos4,209,s209-rank6,cooperation,0,True,default,False,-0.02949999999999986,False
DeepSeek/OFF,s209-rank6-d0-pos4,209,s209-rank6,cooperation,0,True,noise01,False,0.005958333333333288,False
DeepSeek/OFF,s209-rank6-d0-pos4,209,s209-rank6,cooperation,0,True,long,False,-0.012541666666666451,False
DeepSeek/OFF,s204-rank6-d0-pos0,204,s204-rank6,score,0,True,default,False,0.070583333333333,True
DeepSeek/OFF,s204-rank6-d0-pos0,204,s204-rank6,score,0,True,noise01,False,0.07529166666666676,True
DeepSeek/OFF,s204-rank6-d0-pos0,204,s204-rank6,score,0,True,long,False,0.08306250000000004,True
DeepSeek/OFF,s204-rank6-d0-pos1,204,s204-rank6,mismatched,0,True,default,False,0.07729166666666654,False
DeepSeek/OFF,s204-rank6-d0-pos1,204,s204-rank6,mismatched,0,True,noise01,False,0.0671666666666666,False
DeepSeek/OFF,s204-rank6-d0-pos1,204,s204-rank6,mismatched,0,True,long,False,0.0888125000000004,False
DeepSeek/OFF,s204-rank6-d0-pos2,204,s204-rank6,cooperation,0,True,default,False,0.09724999999999984,False
DeepSeek/OFF,s204-rank6-d0-pos2,204,s204-rank6,cooperation,0,True,noise01,False,0.08633333333333315,False
DeepSeek/OFF,s204-rank6-d0-pos2,204,s204-rank6,cooperation,0,True,long,False,0.07129166666666698,False
DeepSeek/OFF,s204-rank6-d0-pos3,204,s204-rank6,accurate,0,True,default,False,0.105833333333333,True
DeepSeek/OFF,s204-rank6-d0-pos3,204,s204-rank6,accurate,0,True,noise01,False,0.09620833333333345,True
DeepSeek/OFF,s204-rank6-d0-pos3,204,s204-rank6,accurate,0,True,long,False,0.0735625000000002,True
DeepSeek/OFF,s204-rank6-d0-pos4,204,s204-rank6,background,0,True,default,False,0.08508333333333318,True
DeepSeek/OFF,s204-rank6-d0-pos4,204,s204-rank6,background,0,True,noise01,False,0.0873750000000002,True
DeepSeek/OFF,s204-rank6-d0-pos4,204,s204-rank6,background,0,True,long,False,0.08666666666666689,True
DeepSeek/OFF,s202-rank6-d0-pos0,202,s202-rank6,mismatched,0,True,default,False,0.05291666666666672,True
DeepSeek/OFF,s202-rank6-d0-pos0,202,s202-rank6,mismatched,0,True,noise01,False,0.04754166666666659,True
DeepSeek/OFF,s202-rank6-d0-pos0,202,s202-rank6,mismatched,0,True,long,True,0.0,True
DeepSeek/OFF,s202-rank6-d0-pos1,202,s202-rank6,cooperation,0,True,default,False,-0.012166666666666659,False
DeepSeek/OFF,s202-rank6-d0-pos1,202,s202-rank6,cooperation,0,True,noise01,False,-0.02574999999999994,False
DeepSeek/OFF,s202-rank6-d0-pos1,202,s202-rank6,cooperation,0,True,long,False,-0.031729166666666586,False
DeepSeek/OFF,s202-rank6-d0-pos2,202,s202-rank6,background,0,True,default,False,0.001291666666666691,False
DeepSeek/OFF,s202-rank6-d0-pos2,202,s202-rank6,background,0,True,noise01,False,-0.0255000000000003,False
DeepSeek/OFF,s202-rank6-d0-pos2,202,s202-rank6,background,0,True,long,False,-0.0016666666666667052,False
DeepSeek/OFF,s202-rank6-d0-pos3,202,s202-rank6,score,0,True,default,False,-0.0007499999999998064,False
DeepSeek/OFF,s202-rank6-d0-pos3,202,s202-rank6,score,0,True,noise01,False,-0.020375000000000032,False
DeepSeek/OFF,s202-rank6-d0-pos3,202,s202-rank6,score,0,True,long,False,0.014624999999999888,False
DeepSeek/OFF,s202-rank6-d0-pos4,202,s202-rank6,accurate,0,True,default,False,-0.0028333333333332433,False
DeepSeek/OFF,s202-rank6-d0-pos4,202,s202-rank6,accurate,0,True,noise01,False,-0.012958333333333405,False
DeepSeek/OFF,s202-rank6-d0-pos4,202,s202-rank6,accurate,0,True,long,False,0.005520833333333419,False
DeepSeek/OFF,s204-rank1-d1-pos0,204,s204-rank1,score,1,True,default,False,-0.00954166666666656,False
DeepSeek/OFF,s204-rank1-d1-pos0,204,s204-rank1,score,1,True,noise01,False,0.005541666666666778,False
DeepSeek/OFF,s204-rank1-d1-pos0,204,s204-rank1,score,1,True,long,False,-0.0033333333333334103,False
DeepSeek/OFF,s204-rank1-d1-pos1,204,s204-rank1,mismatched,1,True,default,False,0.01966666666666672,True
DeepSeek/OFF,s204-rank1-d1-pos1,204,s204-rank1,mismatched,1,True,noise01,False,0.020583333333333398,True
DeepSeek/OFF,s204-rank1-d1-pos1,204,s204-rank1,mismatched,1,True,long,False,0.011249999999999982,True
DeepSeek/OFF,s204-rank1-d1-pos2,204,s204-rank1,cooperation,1,True,default,False,0.021083333333333565,False
DeepSeek/OFF,s204-rank1-d1-pos2,204,s204-rank1,cooperation,1,True,noise01,False,0.023749999999999938,False
DeepSeek/OFF,s204-rank1-d1-pos2,204,s204-rank1,cooperation,1,True,long,False,0.09924999999999984,False
DeepSeek/OFF,s204-rank1-d1-pos3,204,s204-rank1,accurate,1,True,default,False,-0.010791666666666533,False
DeepSeek/OFF,s204-rank1-d1-pos3,204,s204-rank1,accurate,1,True,noise01,False,0.005916666666666792,False
DeepSeek/OFF,s204-rank1-d1-pos3,204,s204-rank1,accurate,1,True,long,False,-0.0021458333333332913,False
DeepSeek/OFF,s204-rank1-d1-pos4,204,s204-rank1,background,1,True,default,False,0.02083333333333348,True
DeepSeek/OFF,s204-rank1-d1-pos4,204,s204-rank1,background,1,True,noise01,False,0.014708333333333323,True
DeepSeek/OFF,s204-rank1-d1-pos4,204,s204-rank1,background,1,True,long,False,0.0003333333333332966,True
DeepSeek/OFF,s207-rank3-d1-pos0,207,s207-rank3,cooperation,1,True,default,False,-0.011041666666666838,True
DeepSeek/OFF,s207-rank3-d1-pos0,207,s207-rank3,cooperation,1,True,noise01,False,-0.006916666666666682,True
DeepSeek/OFF,s207-rank3-d1-pos0,207,s207-rank3,cooperation,1,True,long,False,-0.11352083333333307,True
DeepSeek/OFF,s207-rank3-d1-pos1,207,s207-rank3,accurate,1,True,default,False,-0.060708333333333586,False
DeepSeek/OFF,s207-rank3-d1-pos1,207,s207-rank3,accurate,1,True,noise01,False,-0.047833333333333394,False
DeepSeek/OFF,s207-rank3-d1-pos1,207,s207-rank3,accurate,1,True,long,False,-0.047729166666666156,False
DeepSeek/OFF,s207-rank3-d1-pos2,207,s207-rank3,background,1,True,default,False,-0.022208333333333607,True
DeepSeek/OFF,s207-rank3-d1-pos2,207,s207-rank3,background,1,True,noise01,False,-0.0159166666666668,True
DeepSeek/OFF,s207-rank3-d1-pos2,207,s207-rank3,background,1,True,long,False,-0.10543749999999963,True
DeepSeek/OFF,s207-rank3-d1-pos3,207,s207-rank3,score,1,True,default,False,0.018583333333333174,True
DeepSeek/OFF,s207-rank3-d1-pos3,207,s207-rank3,score,1,True,noise01,False,0.018249999999999877,True
DeepSeek/OFF,s207-rank3-d1-pos3,207,s207-rank3,score,1,True,long,False,-0.06997916666666648,True
DeepSeek/OFF,s207-rank3-d1-pos4,207,s207-rank3,mismatched,1,True,default,False,-0.06675000000000009,True
DeepSeek/OFF,s207-rank3-d1-pos4,207,s207-rank3,mismatched,1,True,noise01,False,-0.05516666666666681,True
DeepSeek/OFF,s207-rank3-d1-pos4,207,s207-rank3,mismatched,1,True,long,False,-0.12449999999999961,True
DeepSeek/OFF,s202-rank6-d1-pos0,202,s202-rank6,mismatched,1,True,default,False,0.023541666666667016,False
DeepSeek/OFF,s202-rank6-d1-pos0,202,s202-rank6,mismatched,1,True,noise01,False,0.019875000000000087,False
DeepSeek/OFF,s202-rank6-d1-pos0,202,s202-rank6,mismatched,1,True,long,False,0.0030000000000001137,False
DeepSeek/OFF,s202-rank6-d1-pos1,202,s202-rank6,cooperation,1,True,default,False,0.01766666666666694,True
DeepSeek/OFF,s202-rank6-d1-pos1,202,s202-rank6,cooperation,1,True,noise01,False,0.012041666666666506,True
DeepSeek/OFF,s202-rank6-d1-pos1,202,s202-rank6,cooperation,1,True,long,False,0.0060833333333332185,True
DeepSeek/OFF,s202-rank6-d1-pos2,202,s202-rank6,background,1,True,default,False,-0.004624999999999879,False
DeepSeek/OFF,s202-rank6-d1-pos2,202,s202-rank6,background,1,True,noise01,False,0.0010416666666663854,False
DeepSeek/OFF,s202-rank6-d1-pos2,202,s202-rank6,background,1,True,long,True,0.0,False
DeepSeek/OFF,s202-rank6-d1-pos3,202,s202-rank6,score,1,True,default,False,0.0060833333333336626,True
DeepSeek/OFF,s202-rank6-d1-pos3,202,s202-rank6,score,1,True,noise01,False,0.007125000000000048,True
DeepSeek/OFF,s202-rank6-d1-pos3,202,s202-rank6,score,1,True,long,False,-0.020895833333333336,True
DeepSeek/OFF,s202-rank6-d1-pos4,202,s202-rank6,accurate,1,False,default,True,0.0,False
DeepSeek/OFF,s202-rank6-d1-pos4,202,s202-rank6,accurate,1,False,noise01,True,0.0,False
DeepSeek/OFF,s202-rank6-d1-pos4,202,s202-rank6,accurate,1,False,long,True,0.0,False
DeepSeek/OFF,s201-rank3-d0-pos0,201,s201-rank3,accurate,0,True,default,False,-0.06612499999999977,False
DeepSeek/OFF,s201-rank3-d0-pos0,201,s201-rank3,accurate,0,True,noise01,False,-0.06945833333333318,False
DeepSeek/OFF,s201-rank3-d0-pos0,201,s201-rank3,accurate,0,True,long,False,0.07114583333333324,False
DeepSeek/OFF,s201-rank3-d0-pos1,201,s201-rank3,cooperation,0,True,default,False,-0.2209166666666662,False
DeepSeek/OFF,s201-rank3-d0-pos1,201,s201-rank3,cooperation,0,True,noise01,False,-0.201208333333333,False
DeepSeek/OFF,s201-rank3-d0-pos1,201,s201-rank3,cooperation,0,True,long,False,-0.20285416666666656,False
DeepSeek/OFF,s201-rank3-d0-pos2,201,s201-rank3,score,0,False,default,True,0.0,False
DeepSeek/OFF,s201-rank3-d0-pos2,201,s201-rank3,score,0,False,noise01,True,0.0,False
DeepSeek/OFF,s201-rank3-d0-pos2,201,s201-rank3,score,0,False,long,True,0.0,False
DeepSeek/OFF,s201-rank3-d0-pos3,201,s201-rank3,mismatched,0,True,default,False,0.0012083333333334778,False
DeepSeek/OFF,s201-rank3-d0-pos3,201,s201-rank3,mismatched,0,True,noise01,False,-0.01691666666666647,False
DeepSeek/OFF,s201-rank3-d0-pos3,201,s201-rank3,mismatched,0,True,long,False,-0.01152083333333298,False
DeepSeek/OFF,s201-rank3-d0-pos4,201,s201-rank3,background,0,True,default,False,-0.06541666666666646,False
DeepSeek/OFF,s201-rank3-d0-pos4,201,s201-rank3,background,0,True,noise01,False,-0.07104166666666645,False
DeepSeek/OFF,s201-rank3-d0-pos4,201,s201-rank3,background,0,True,long,False,-0.0314791666666665,False
DeepSeek/OFF,s200-rank3-d1-pos0,200,s200-rank3,mismatched,1,True,default,False,-0.0422499999999999,False
DeepSeek/OFF,s200-rank3-d1-pos0,200,s200-rank3,mismatched,1,True,noise01,False,-0.03504166666666664,False
DeepSeek/OFF,s200-rank3-d1-pos0,200,s200-rank3,mismatched,1,True,long,False,-0.08508333333333296,False
DeepSeek/OFF,s200-rank3-d1-pos1,200,s200-rank3,background,1,True,default,False,-0.009499999999999842,False
DeepSeek/OFF,s200-rank3-d1-pos1,200,s200-rank3,background,1,True,noise01,False,0.03649999999999998,False
DeepSeek/OFF,s200-rank3-d1-pos1,200,s200-rank3,background,1,True,long,False,-0.07358333333333311,False
DeepSeek/OFF,s200-rank3-d1-pos2,200,s200-rank3,cooperation,1,True,default,False,-0.09933333333333327,False
DeepSeek/OFF,s200-rank3-d1-pos2,200,s200-rank3,cooperation,1,True,noise01,False,-0.0754583333333334,False
DeepSeek/OFF,s200-rank3-d1-pos2,200,s200-rank3,cooperation,1,True,long,False,-0.16306249999999967,False
DeepSeek/OFF,s200-rank3-d1-pos3,200,s200-rank3,accurate,1,True,default,False,-0.059250000000000025,False
DeepSeek/OFF,s200-rank3-d1-pos3,200,s200-rank3,accurate,1,True,noise01,False,-0.03312500000000007,False
DeepSeek/OFF,s200-rank3-d1-pos3,200,s200-rank3,accurate,1,True,long,False,-0.1283124999999996,False
DeepSeek/OFF,s200-rank3-d1-pos4,200,s200-rank3,score,1,True,default,False,-0.041291666666666726,False
DeepSeek/OFF,s200-rank3-d1-pos4,200,s200-rank3,score,1,True,noise01,False,-0.03254166666666691,False
DeepSeek/OFF,s200-rank3-d1-pos4,200,s200-rank3,score,1,True,long,False,-0.06699999999999973,False
DeepSeek/OFF,s204-rank3-d0-pos0,204,s204-rank3,score,0,True,default,False,-0.012499999999999734,False
DeepSeek/OFF,s204-rank3-d0-pos0,204,s204-rank3,score,0,True,noise01,False,-0.009000000000000119,False
DeepSeek/OFF,s204-rank3-d0-pos0,204,s204-rank3,score,0,True,long,False,0.033375000000000155,False
DeepSeek/OFF,s204-rank3-d0-pos1,204,s204-rank3,mismatched,0,True,default,False,0.0016666666666667052,False
DeepSeek/OFF,s204-rank3-d0-pos1,204,s204-rank3,mismatched,0,True,noise01,False,0.0068749999999999645,False
DeepSeek/OFF,s204-rank3-d0-pos1,204,s204-rank3,mismatched,0,True,long,False,0.03558333333333352,False
DeepSeek/OFF,s204-rank3-d0-pos2,204,s204-rank3,cooperation,0,True,default,False,-0.003541666666666554,False
DeepSeek/OFF,s204-rank3-d0-pos2,204,s204-rank3,cooperation,0,True,noise01,False,0.0006666666666665932,False
DeepSeek/OFF,s204-rank3-d0-pos2,204,s204-rank3,cooperation,0,True,long,False,0.006687499999999957,False
DeepSeek/OFF,s204-rank3-d0-pos3,204,s204-rank3,accurate,0,True,default,False,-0.09237499999999987,False
DeepSeek/OFF,s204-rank3-d0-pos3,204,s204-rank3,accurate,0,True,noise01,False,-0.06887500000000024,False
DeepSeek/OFF,s204-rank3-d0-pos3,204,s204-rank3,accurate,0,True,long,False,-0.1102291666666666,False
DeepSeek/OFF,s204-rank3-d0-pos4,204,s204-rank3,background,0,True,default,False,-0.01970833333333344,False
DeepSeek/OFF,s204-rank3-d0-pos4,204,s204-rank3,background,0,True,noise01,False,0.012374999999999803,False
DeepSeek/OFF,s204-rank3-d0-pos4,204,s204-rank3,background,0,True,long,False,-0.00010416666666657193,False
DeepSeek/OFF,s200-rank6-d1-pos0,200,s200-rank6,mismatched,1,True,default,False,0.01012499999999994,False
DeepSeek/OFF,s200-rank6-d1-pos0,200,s200-rank6,mismatched,1,True,noise01,False,-0.004916666666666902,False
DeepSeek/OFF,s200-rank6-d1-pos0,200,s200-rank6,mismatched,1,True,long,False,0.007249999999999979,False
DeepSeek/OFF,s200-rank6-d1-pos1,200,s200-rank6,background,1,True,default,False,0.06145833333333317,False
DeepSeek/OFF,s200-rank6-d1-pos1,200,s200-rank6,background,1,True,noise01,False,0.016124999999999945,False
DeepSeek/OFF,s200-rank6-d1-pos1,200,s200-rank6,background,1,True,long,False,0.07020833333333298,False
DeepSeek/OFF,s200-rank6-d1-pos2,200,s200-rank6,cooperation,1,True,default,False,0.09779166666666672,False
DeepSeek/OFF,s200-rank6-d1-pos2,200,s200-rank6,cooperation,1,True,noise01,False,0.07999999999999985,False
DeepSeek/OFF,s200-rank6-d1-pos2,200,s200-rank6,cooperation,1,True,long,False,0.09160416666666649,False
DeepSeek/OFF,s200-rank6-d1-pos3,200,s200-rank6,accurate,1,True,default,False,0.028541666666666687,False
DeepSeek/OFF,s200-rank6-d1-pos3,200,s200-rank6,accurate,1,True,noise01,False,0.015291666666666703,False
DeepSeek/OFF,s200-rank6-d1-pos3,200,s200-rank6,accurate,1,True,long,False,0.05510416666666651,False
DeepSeek/OFF,s200-rank6-d1-pos4,200,s200-rank6,score,1,True,default,False,0.11770833333333308,True
DeepSeek/OFF,s200-rank6-d1-pos4,200,s200-rank6,score,1,True,noise01,False,0.07229166666666687,True
DeepSeek/OFF,s200-rank6-d1-pos4,200,s200-rank6,score,1,True,long,False,0.1334166666666663,True
DeepSeek/OFF,s207-rank1-d1-pos0,207,s207-rank1,cooperation,1,True,default,False,0.22204166666666647,False
DeepSeek/OFF,s207-rank1-d1-pos0,207,s207-rank1,cooperation,1,True,noise01,False,0.18954166666666694,False
DeepSeek/OFF,s207-rank1-d1-pos0,207,s207-rank1,cooperation,1,True,long,False,0.07808333333333328,False
DeepSeek/OFF,s207-rank1-d1-pos1,207,s207-rank1,accurate,1,True,default,False,0.2356666666666667,False
DeepSeek/OFF,s207-rank1-d1-pos1,207,s207-rank1,accurate,1,True,noise01,False,0.17825000000000002,False
DeepSeek/OFF,s207-rank1-d1-pos1,207,s207-rank1,accurate,1,True,long,False,-0.0026249999999998774,False
DeepSeek/OFF,s207-rank1-d1-pos2,207,s207-rank1,background,1,True,default,False,0.22587500000000005,True
DeepSeek/OFF,s207-rank1-d1-pos2,207,s207-rank1,background,1,True,noise01,False,0.1948333333333332,True
DeepSeek/OFF,s207-rank1-d1-pos2,207,s207-rank1,background,1,True,long,False,0.0777916666666667,True
DeepSeek/OFF,s207-rank1-d1-pos3,207,s207-rank1,score,1,True,default,False,0.22145833333333353,False
DeepSeek/OFF,s207-rank1-d1-pos3,207,s207-rank1,score,1,True,noise01,False,0.18483333333333318,False
DeepSeek/OFF,s207-rank1-d1-pos3,207,s207-rank1,score,1,True,long,False,0.11137500000000022,False
DeepSeek/OFF,s207-rank1-d1-pos4,207,s207-rank1,mismatched,1,True,default,False,0.16349999999999998,False
DeepSeek/OFF,s207-rank1-d1-pos4,207,s207-rank1,mismatched,1,True,noise01,False,0.11795833333333339,False
DeepSeek/OFF,s207-rank1-d1-pos4,207,s207-rank1,mismatched,1,True,long,False,0.05162500000000003,False
DeepSeek/OFF,s203-rank1-d0-pos0,203,s203-rank1,score,0,True,default,False,-0.009624999999999995,True
DeepSeek/OFF,s203-rank1-d0-pos0,203,s203-rank1,score,0,True,noise01,False,-0.028583333333333183,True
DeepSeek/OFF,s203-rank1-d0-pos0,203,s203-rank1,score,0,True,long,False,-0.08199999999999985,True
DeepSeek/OFF,s203-rank1-d0-pos1,203,s203-rank1,mismatched,0,True,default,False,-0.06395833333333334,False
DeepSeek/OFF,s203-rank1-d0-pos1,203,s203-rank1,mismatched,0,True,noise01,False,-0.04966666666666675,False
DeepSeek/OFF,s203-rank1-d0-pos1,203,s203-rank1,mismatched,0,True,long,False,-0.05756249999999974,False
DeepSeek/OFF,s203-rank1-d0-pos2,203,s203-rank1,background,0,True,default,False,-0.13058333333333327,False
DeepSeek/OFF,s203-rank1-d0-pos2,203,s203-rank1,background,0,True,noise01,False,-0.11729166666666657,False
DeepSeek/OFF,s203-rank1-d0-pos2,203,s203-rank1,background,0,True,long,False,-0.16870833333333302,False
DeepSeek/OFF,s203-rank1-d0-pos3,203,s203-rank1,cooperation,0,True,default,False,-0.034208333333333396,False
DeepSeek/OFF,s203-rank1-d0-pos3,203,s203-rank1,cooperation,0,True,noise01,False,-0.055166666666666586,False
DeepSeek/OFF,s203-rank1-d0-pos3,203,s203-rank1,cooperation,0,True,long,False,-0.16095833333333331,False
DeepSeek/OFF,s203-rank1-d0-pos4,203,s203-rank1,accurate,0,True,default,False,-0.07099999999999995,False
DeepSeek/OFF,s203-rank1-d0-pos4,203,s203-rank1,accurate,0,True,noise01,False,-0.05945833333333339,False
DeepSeek/OFF,s203-rank1-d0-pos4,203,s203-rank1,accurate,0,True,long,False,-0.06181250000000005,False
DeepSeek/OFF,s208-rank3-d1-pos0,208,s208-rank3,score,1,True,default,False,0.02083333333333348,True
DeepSeek/OFF,s208-rank3-d1-pos0,208,s208-rank3,score,1,True,noise01,False,0.016041666666666732,True
DeepSeek/OFF,s208-rank3-d1-pos0,208,s208-rank3,score,1,True,long,False,-0.008416666666666739,True
DeepSeek/OFF,s208-rank3-d1-pos1,208,s208-rank3,background,1,True,default,False,-0.023291666666666933,False
DeepSeek/OFF,s208-rank3-d1-pos1,208,s208-rank3,background,1,True,noise01,False,-0.023541666666666572,False
DeepSeek/OFF,s208-rank3-d1-pos1,208,s208-rank3,background,1,True,long,False,-0.040437499999999904,False
DeepSeek/OFF,s208-rank3-d1-pos2,208,s208-rank3,cooperation,1,True,default,False,0.01791666666666658,False
DeepSeek/OFF,s208-rank3-d1-pos2,208,s208-rank3,cooperation,1,True,noise01,False,0.008916666666666684,False
DeepSeek/OFF,s208-rank3-d1-pos2,208,s208-rank3,cooperation,1,True,long,False,-0.009604166666666636,False
DeepSeek/OFF,s208-rank3-d1-pos3,208,s208-rank3,mismatched,1,True,default,False,0.031874999999999876,False
DeepSeek/OFF,s208-rank3-d1-pos3,208,s208-rank3,mismatched,1,True,noise01,False,0.032666666666666844,False
DeepSeek/OFF,s208-rank3-d1-pos3,208,s208-rank3,mismatched,1,True,long,False,0.024416666666666753,False
DeepSeek/OFF,s208-rank3-d1-pos4,208,s208-rank3,accurate,1,True,default,False,-0.007125000000000048,False
DeepSeek/OFF,s208-rank3-d1-pos4,208,s208-rank3,accurate,1,True,noise01,False,-0.00983333333333336,False
DeepSeek/OFF,s208-rank3-d1-pos4,208,s208-rank3,accurate,1,True,long,False,-0.027020833333333272,False
DeepSeek/OFF,s211-rank6-d1-pos0,211,s211-rank6,mismatched,1,True,default,False,0.02404166666666674,False
DeepSeek/OFF,s211-rank6-d1-pos0,211,s211-rank6,mismatched,1,True,noise01,False,0.031458333333333144,False
DeepSeek/OFF,s211-rank6-d1-pos0,211,s211-rank6,mismatched,1,True,long,False,0.025791666666666657,False
DeepSeek/OFF,s211-rank6-d1-pos1,211,s211-rank6,accurate,1,True,default,False,0.11016666666666652,True
DeepSeek/OFF,s211-rank6-d1-pos1,211,s211-rank6,accurate,1,True,noise01,False,0.07870833333333338,True
DeepSeek/OFF,s211-rank6-d1-pos1,211,s211-rank6,accurate,1,True,long,False,0.11827083333333333,True
DeepSeek/OFF,s211-rank6-d1-pos2,211,s211-rank6,cooperation,1,True,default,False,0.0984166666666666,False
DeepSeek/OFF,s211-rank6-d1-pos2,211,s211-rank6,cooperation,1,True,noise01,False,0.06370833333333348,False
DeepSeek/OFF,s211-rank6-d1-pos2,211,s211-rank6,cooperation,1,True,long,False,0.09197916666666672,False
DeepSeek/OFF,s211-rank6-d1-pos3,211,s211-rank6,score,1,True,default,False,-0.040124999999999966,False
DeepSeek/OFF,s211-rank6-d1-pos3,211,s211-rank6,score,1,True,noise01,False,0.013125000000000053,False
DeepSeek/OFF,s211-rank6-d1-pos3,211,s211-rank6,score,1,True,long,False,0.01608333333333345,False
DeepSeek/OFF,s211-rank6-d1-pos4,211,s211-rank6,background,1,True,default,False,0.053874999999999895,False
DeepSeek/OFF,s211-rank6-d1-pos4,211,s211-rank6,background,1,True,noise01,False,0.032208333333333394,False
DeepSeek/OFF,s211-rank6-d1-pos4,211,s211-rank6,background,1,True,long,False,0.04612499999999997,False
DeepSeek/OFF,s211-rank6-d0-pos0,211,s211-rank6,mismatched,0,True,default,False,0.11416666666666653,True
DeepSeek/OFF,s211-rank6-d0-pos0,211,s211-rank6,mismatched,0,True,noise01,False,0.12474999999999992,True
DeepSeek/OFF,s211-rank6-d0-pos0,211,s211-rank6,mismatched,0,True,long,False,0.1143749999999999,True
DeepSeek/OFF,s211-rank6-d0-pos1,211,s211-rank6,accurate,0,True,default,False,0.0987499999999999,False
DeepSeek/OFF,s211-rank6-d0-pos1,211,s211-rank6,accurate,0,True,noise01,False,0.08400000000000007,False
DeepSeek/OFF,s211-rank6-d0-pos1,211,s211-rank6,accurate,0,True,long,False,0.11318750000000022,False
DeepSeek/OFF,s211-rank6-d0-pos2,211,s211-rank6,cooperation,0,True,default,False,0.1442083333333335,True
DeepSeek/OFF,s211-rank6-d0-pos2,211,s211-rank6,cooperation,0,True,noise01,False,0.1525833333333333,True
DeepSeek/OFF,s211-rank6-d0-pos2,211,s211-rank6,cooperation,0,True,long,False,0.14968749999999997,True
DeepSeek/OFF,s211-rank6-d0-pos3,211,s211-rank6,score,0,True,default,False,0.0071666666666665435,False
DeepSeek/OFF,s211-rank6-d0-pos3,211,s211-rank6,score,0,True,noise01,False,-0.0032083333333332575,False
DeepSeek/OFF,s211-rank6-d0-pos3,211,s211-rank6,score,0,True,long,False,-0.022437499999999888,False
DeepSeek/OFF,s211-rank6-d0-pos4,211,s211-rank6,background,0,True,default,False,0.06670833333333337,True
DeepSeek/OFF,s211-rank6-d0-pos4,211,s211-rank6,background,0,True,noise01,False,0.04500000000000015,True
DeepSeek/OFF,s211-rank6-d0-pos4,211,s211-rank6,background,0,True,long,False,0.053916666666666835,True
DeepSeek/OFF,s212-rank6-d0-pos0,212,s212-rank6,accurate,0,True,default,False,-0.11124999999999985,False
DeepSeek/OFF,s212-rank6-d0-pos0,212,s212-rank6,accurate,0,True,noise01,False,-0.08300000000000018,False
DeepSeek/OFF,s212-rank6-d0-pos0,212,s212-rank6,accurate,0,True,long,False,-0.13450000000000006,False
DeepSeek/OFF,s212-rank6-d0-pos1,212,s212-rank6,score,0,True,default,False,-0.059499999999999886,False
DeepSeek/OFF,s212-rank6-d0-pos1,212,s212-rank6,score,0,True,noise01,False,-0.05212499999999998,False
DeepSeek/OFF,s212-rank6-d0-pos1,212,s212-rank6,score,0,True,long,False,-0.024708333333333332,False
DeepSeek/OFF,s212-rank6-d0-pos2,212,s212-rank6,mismatched,0,True,default,False,-0.03691666666666649,False
DeepSeek/OFF,s212-rank6-d0-pos2,212,s212-rank6,mismatched,0,True,noise01,False,-0.013833333333333142,False
DeepSeek/OFF,s212-rank6-d0-pos2,212,s212-rank6,mismatched,0,True,long,False,-0.041604166666666664,False
DeepSeek/OFF,s212-rank6-d0-pos3,212,s212-rank6,background,0,True,default,False,-0.056041666666666545,False
DeepSeek/OFF,s212-rank6-d0-pos3,212,s212-rank6,background,0,True,noise01,False,-0.0017083333333332007,False
DeepSeek/OFF,s212-rank6-d0-pos3,212,s212-rank6,background,0,True,long,False,-0.04960416666666667,False
DeepSeek/OFF,s212-rank6-d0-pos4,212,s212-rank6,cooperation,0,True,default,False,-0.02966666666666673,False
DeepSeek/OFF,s212-rank6-d0-pos4,212,s212-rank6,cooperation,0,True,noise01,False,-0.01908333333333334,False
DeepSeek/OFF,s212-rank6-d0-pos4,212,s212-rank6,cooperation,0,True,long,False,-0.09831250000000002,False
DeepSeek/OFF,s213-rank1-d1-pos0,213,s213-rank1,accurate,1,True,default,False,0.011541666666666783,True
DeepSeek/OFF,s213-rank1-d1-pos0,213,s213-rank1,accurate,1,True,noise01,False,0.003458333333333341,True
DeepSeek/OFF,s213-rank1-d1-pos0,213,s213-rank1,accurate,1,True,long,False,0.008708333333333318,True
DeepSeek/OFF,s213-rank1-d1-pos1,213,s213-rank1,cooperation,1,True,default,False,-0.006249999999999867,False
DeepSeek/OFF,s213-rank1-d1-pos1,213,s213-rank1,cooperation,1,True,noise01,False,0.0017083333333332007,False
DeepSeek/OFF,s213-rank1-d1-pos1,213,s213-rank1,cooperation,1,True,long,False,-0.0026249999999998774,False
DeepSeek/OFF,s213-rank1-d1-pos2,213,s213-rank1,background,1,True,default,False,-0.03770833333333301,False
DeepSeek/OFF,s213-rank1-d1-pos2,213,s213-rank1,background,1,True,noise01,False,-0.02112500000000006,False
DeepSeek/OFF,s213-rank1-d1-pos2,213,s213-rank1,background,1,True,long,False,-0.022791666666666766,False
DeepSeek/OFF,s213-rank1-d1-pos3,213,s213-rank1,score,1,True,default,False,0.004000000000000226,True
DeepSeek/OFF,s213-rank1-d1-pos3,213,s213-rank1,score,1,True,noise01,False,0.007416666666666405,True
DeepSeek/OFF,s213-rank1-d1-pos3,213,s213-rank1,score,1,True,long,False,0.09064583333333331,True
DeepSeek/OFF,s213-rank1-d1-pos4,213,s213-rank1,mismatched,1,True,default,False,-0.008791666666666531,False
DeepSeek/OFF,s213-rank1-d1-pos4,213,s213-rank1,mismatched,1,True,noise01,False,-0.006958333333333622,False
DeepSeek/OFF,s213-rank1-d1-pos4,213,s213-rank1,mismatched,1,True,long,False,0.030041666666666522,False
DeepSeek/OFF,s205-rank3-d0-pos0,205,s205-rank3,mismatched,0,True,default,False,-0.039708333333333456,False
DeepSeek/OFF,s205-rank3-d0-pos0,205,s205-rank3,mismatched,0,True,noise01,False,-0.06304166666666688,False
DeepSeek/OFF,s205-rank3-d0-pos0,205,s205-rank3,mismatched,0,True,long,False,-0.009687500000000071,False
DeepSeek/OFF,s205-rank3-d0-pos1,205,s205-rank3,score,0,True,default,False,0.01791666666666658,False
DeepSeek/OFF,s205-rank3-d0-pos1,205,s205-rank3,score,0,True,noise01,False,0.0019166666666665666,False
DeepSeek/OFF,s205-rank3-d0-pos1,205,s205-rank3,score,0,True,long,False,-0.014333333333333309,False
DeepSeek/OFF,s205-rank3-d0-pos2,205,s205-rank3,background,0,True,default,False,0.10991666666666666,True
DeepSeek/OFF,s205-rank3-d0-pos2,205,s205-rank3,background,0,True,noise01,False,0.1064166666666666,True
DeepSeek/OFF,s205-rank3-d0-pos2,205,s205-rank3,background,0,True,long,False,0.04916666666666658,True
DeepSeek/OFF,s205-rank3-d0-pos3,205,s205-rank3,accurate,0,True,default,False,-0.008874999999999966,False
DeepSeek/OFF,s205-rank3-d0-pos3,205,s205-rank3,accurate,0,True,noise01,False,-0.02620833333333339,False
DeepSeek/OFF,s205-rank3-d0-pos3,205,s205-rank3,accurate,0,True,long,False,-0.02866666666666684,False
DeepSeek/OFF,s205-rank3-d0-pos4,205,s205-rank3,cooperation,0,True,default,False,0.0027916666666665257,True
DeepSeek/OFF,s205-rank3-d0-pos4,205,s205-rank3,cooperation,0,True,noise01,False,-0.006041666666666723,True
DeepSeek/OFF,s205-rank3-d0-pos4,205,s205-rank3,cooperation,0,True,long,False,0.07710416666666675,True
DeepSeek/OFF,s213-rank3-d0-pos0,213,s213-rank3,accurate,0,True,default,False,0.07183333333333364,True
DeepSeek/OFF,s213-rank3-d0-pos0,213,s213-rank3,accurate,0,True,noise01,False,0.06841666666666679,True
DeepSeek/OFF,s213-rank3-d0-pos0,213,s213-rank3,accurate,0,True,long,False,0.03295833333333342,True
DeepSeek/OFF,s213-rank3-d0-pos1,213,s213-rank3,cooperation,0,True,default,False,-0.035499999999999865,False
DeepSeek/OFF,s213-rank3-d0-pos1,213,s213-rank3,cooperation,0,True,noise01,False,-0.04974999999999996,False
DeepSeek/OFF,s213-rank3-d0-pos1,213,s213-rank3,cooperation,0,True,long,False,-0.026770833333333188,False
DeepSeek/OFF,s213-rank3-d0-pos2,213,s213-rank3,background,0,True,default,False,-0.11470833333333341,False
DeepSeek/OFF,s213-rank3-d0-pos2,213,s213-rank3,background,0,True,noise01,False,-0.10083333333333355,False
DeepSeek/OFF,s213-rank3-d0-pos2,213,s213-rank3,background,0,True,long,False,-0.05972916666666661,False
DeepSeek/OFF,s213-rank3-d0-pos3,213,s213-rank3,score,0,True,default,False,0.02450000000000019,True
DeepSeek/OFF,s213-rank3-d0-pos3,213,s213-rank3,score,0,True,noise01,False,0.01329166666666648,True
DeepSeek/OFF,s213-rank3-d0-pos3,213,s213-rank3,score,0,True,long,False,0.006854166666666606,True
DeepSeek/OFF,s213-rank3-d0-pos4,213,s213-rank3,mismatched,0,True,default,False,0.03516666666666679,True
DeepSeek/OFF,s213-rank3-d0-pos4,213,s213-rank3,mismatched,0,True,noise01,False,0.02587499999999987,True
DeepSeek/OFF,s213-rank3-d0-pos4,213,s213-rank3,mismatched,0,True,long,False,0.021750000000000158,True
DeepSeek/OFF,s203-rank3-d1-pos0,203,s203-rank3,score,1,True,default,False,-0.016416666666666524,False
DeepSeek/OFF,s203-rank3-d1-pos0,203,s203-rank3,score,1,True,noise01,False,-0.02170833333333322,False
DeepSeek/OFF,s203-rank3-d1-pos0,203,s203-rank3,score,1,True,long,False,-0.0059791666666666465,False
DeepSeek/OFF,s203-rank3-d1-pos1,203,s203-rank3,mismatched,1,True,default,False,-0.007916666666666572,False
DeepSeek/OFF,s203-rank3-d1-pos1,203,s203-rank3,mismatched,1,True,noise01,False,0.0015000000000000568,False
DeepSeek/OFF,s203-rank3-d1-pos1,203,s203-rank3,mismatched,1,True,long,False,0.03008333333333324,False
DeepSeek/OFF,s203-rank3-d1-pos2,203,s203-rank3,background,1,True,default,False,0.010375000000000245,False
DeepSeek/OFF,s203-rank3-d1-pos2,203,s203-rank3,background,1,True,noise01,False,-0.016374999999999806,False
DeepSeek/OFF,s203-rank3-d1-pos2,203,s203-rank3,background,1,True,long,False,0.025062499999999988,False
DeepSeek/OFF,s203-rank3-d1-pos3,203,s203-rank3,cooperation,1,True,default,False,-0.01187500000000008,False
DeepSeek/OFF,s203-rank3-d1-pos3,203,s203-rank3,cooperation,1,True,noise01,False,-0.014791666666666536,False
DeepSeek/OFF,s203-rank3-d1-pos3,203,s203-rank3,cooperation,1,True,long,False,0.002874999999999961,False
DeepSeek/OFF,s203-rank3-d1-pos4,203,s203-rank3,accurate,1,True,default,False,-0.0032916666666664707,False
DeepSeek/OFF,s203-rank3-d1-pos4,203,s203-rank3,accurate,1,True,noise01,False,-0.017541666666666567,False
DeepSeek/OFF,s203-rank3-d1-pos4,203,s203-rank3,accurate,1,True,long,False,0.08106250000000026,False
DeepSeek/OFF,s217-rank6-d0-pos0,217,s217-rank6,accurate,0,True,default,False,-0.037250000000000005,False
DeepSeek/OFF,s217-rank6-d0-pos0,217,s217-rank6,accurate,0,True,noise01,False,-0.03316666666666657,False
DeepSeek/OFF,s217-rank6-d0-pos0,217,s217-rank6,accurate,0,True,long,False,0.07479166666666659,False
DeepSeek/OFF,s217-rank6-d0-pos1,217,s217-rank6,mismatched,0,True,default,False,-0.022624999999999895,True
DeepSeek/OFF,s217-rank6-d0-pos1,217,s217-rank6,mismatched,0,True,noise01,False,-0.03491666666666671,True
DeepSeek/OFF,s217-rank6-d0-pos1,217,s217-rank6,mismatched,0,True,long,False,0.07558333333333311,True
DeepSeek/OFF,s217-rank6-d0-pos2,217,s217-rank6,cooperation,0,True,default,False,-0.047833333333333394,False
DeepSeek/OFF,s217-rank6-d0-pos2,217,s217-rank6,cooperation,0,True,noise01,False,-0.04508333333333314,False
DeepSeek/OFF,s217-rank6-d0-pos2,217,s217-rank6,cooperation,0,True,long,False,0.07512499999999989,False
DeepSeek/OFF,s217-rank6-d0-pos3,217,s217-rank6,background,0,True,default,False,0.007041666666666835,False
DeepSeek/OFF,s217-rank6-d0-pos3,217,s217-rank6,background,0,True,noise01,False,-0.015416666666666412,False
DeepSeek/OFF,s217-rank6-d0-pos3,217,s217-rank6,background,0,True,long,False,0.09252083333333339,False
DeepSeek/OFF,s217-rank6-d0-pos4,217,s217-rank6,score,0,True,default,False,-0.11099999999999999,False
DeepSeek/OFF,s217-rank6-d0-pos4,217,s217-rank6,score,0,True,noise01,False,-0.11262499999999975,False
DeepSeek/OFF,s217-rank6-d0-pos4,217,s217-rank6,score,0,True,long,False,0.043333333333333224,False
DeepSeek/OFF,s207-rank6-d0-pos0,207,s207-rank6,cooperation,0,True,default,False,-0.03408333333333324,False
DeepSeek/OFF,s207-rank6-d0-pos0,207,s207-rank6,cooperation,0,True,noise01,False,-0.010125000000000162,False
DeepSeek/OFF,s207-rank6-d0-pos0,207,s207-rank6,cooperation,0,True,long,False,-0.08887499999999982,False
DeepSeek/OFF,s207-rank6-d0-pos1,207,s207-rank6,accurate,0,True,default,False,-0.058666666666666645,False
DeepSeek/OFF,s207-rank6-d0-pos1,207,s207-rank6,accurate,0,True,noise01,False,-0.0225833333333334,False
DeepSeek/OFF,s207-rank6-d0-pos1,207,s207-rank6,accurate,0,True,long,False,-0.019687499999999858,False
DeepSeek/OFF,s207-rank6-d0-pos2,207,s207-rank6,background,0,True,default,False,0.08287500000000025,True
DeepSeek/OFF,s207-rank6-d0-pos2,207,s207-rank6,background,0,True,noise01,False,0.08233333333333293,True
DeepSeek/OFF,s207-rank6-d0-pos2,207,s207-rank6,background,0,True,long,False,0.028812499999999908,True
DeepSeek/OFF,s207-rank6-d0-pos3,207,s207-rank6,score,0,True,default,False,-0.046333333333333115,False
DeepSeek/OFF,s207-rank6-d0-pos3,207,s207-rank6,score,0,True,noise01,False,-0.017416666666666858,False
DeepSeek/OFF,s207-rank6-d0-pos3,207,s207-rank6,score,0,True,long,False,0.012125000000000163,False
DeepSeek/OFF,s207-rank6-d0-pos4,207,s207-rank6,mismatched,0,True,default,False,0.01133333333333364,True
DeepSeek/OFF,s207-rank6-d0-pos4,207,s207-rank6,mismatched,0,True,noise01,False,0.018749999999999822,True
DeepSeek/OFF,s207-rank6-d0-pos4,207,s207-rank6,mismatched,0,True,long,False,0.015541666666666787,True
DeepSeek/OFF,s217-rank3-d0-pos0,217,s217-rank3,accurate,0,True,default,False,0.029916666666666814,False
DeepSeek/OFF,s217-rank3-d0-pos0,217,s217-rank3,accurate,0,True,noise01,False,0.034958333333333425,False
DeepSeek/OFF,s217-rank3-d0-pos0,217,s217-rank3,accurate,0,True,long,False,0.019833333333333147,False
DeepSeek/OFF,s217-rank3-d0-pos1,217,s217-rank3,mismatched,0,True,default,False,-0.043041666666666645,False
DeepSeek/OFF,s217-rank3-d0-pos1,217,s217-rank3,mismatched,0,True,noise01,False,-0.021333333333333204,False
DeepSeek/OFF,s217-rank3-d0-pos1,217,s217-rank3,mismatched,0,True,long,False,-0.02331250000000029,False
DeepSeek/OFF,s217-rank3-d0-pos2,217,s217-rank3,cooperation,0,True,default,False,0.04212500000000019,True
DeepSeek/OFF,s217-rank3-d0-pos2,217,s217-rank3,cooperation,0,True,noise01,False,0.03866666666666663,True
DeepSeek/OFF,s217-rank3-d0-pos2,217,s217-rank3,cooperation,0,True,long,False,0.018979166666666547,True
DeepSeek/OFF,s217-rank3-d0-pos3,217,s217-rank3,background,0,True,default,False,0.05454166666666693,True
DeepSeek/OFF,s217-rank3-d0-pos3,217,s217-rank3,background,0,True,noise01,False,0.05862500000000015,True
DeepSeek/OFF,s217-rank3-d0-pos3,217,s217-rank3,background,0,True,long,False,0.016104166666666808,True
DeepSeek/OFF,s217-rank3-d0-pos4,217,s217-rank3,score,0,True,default,False,-0.014166666666666439,False
DeepSeek/OFF,s217-rank3-d0-pos4,217,s217-rank3,score,0,True,noise01,False,0.002083333333333437,False
DeepSeek/OFF,s217-rank3-d0-pos4,217,s217-rank3,score,0,True,long,False,0.005104166666666465,False
DeepSeek/OFF,s201-rank1-d0-pos0,201,s201-rank1,accurate,0,True,default,False,-0.07974999999999999,False
DeepSeek/OFF,s201-rank1-d0-pos0,201,s201-rank1,accurate,0,True,noise01,False,-0.05945833333333317,False
DeepSeek/OFF,s201-rank1-d0-pos0,201,s201-rank1,accurate,0,True,long,False,-0.04485416666666686,False
DeepSeek/OFF,s201-rank1-d0-pos1,201,s201-rank1,cooperation,0,True,default,False,-0.01445833333333324,False
DeepSeek/OFF,s201-rank1-d0-pos1,201,s201-rank1,cooperation,0,True,noise01,False,-0.014083333333333004,False
DeepSeek/OFF,s201-rank1-d0-pos1,201,s201-rank1,cooperation,0,True,long,False,-0.0393541666666668,False
DeepSeek/OFF,s201-rank1-d0-pos2,201,s201-rank1,score,0,True,default,False,0.13829166666666692,True
DeepSeek/OFF,s201-rank1-d0-pos2,201,s201-rank1,score,0,True,noise01,False,0.11516666666666686,True
DeepSeek/OFF,s201-rank1-d0-pos2,201,s201-rank1,score,0,True,long,False,0.21704166666666658,True
DeepSeek/OFF,s201-rank1-d0-pos3,201,s201-rank1,mismatched,0,True,default,False,-0.06870833333333337,False
DeepSeek/OFF,s201-rank1-d0-pos3,201,s201-rank1,mismatched,0,True,noise01,False,-0.023749999999999716,False
DeepSeek/OFF,s201-rank1-d0-pos3,201,s201-rank1,mismatched,0,True,long,False,-0.045937499999999964,False
DeepSeek/OFF,s201-rank1-d0-pos4,201,s201-rank1,background,0,True,default,False,-0.10987499999999972,False
DeepSeek/OFF,s201-rank1-d0-pos4,201,s201-rank1,background,0,True,noise01,False,-0.09287499999999982,False
DeepSeek/OFF,s201-rank1-d0-pos4,201,s201-rank1,background,0,True,long,False,-0.12522916666666672,False
DeepSeek/OFF,s215-rank1-d0-pos0,215,s215-rank1,background,0,True,default,False,0.01450000000000018,True
DeepSeek/OFF,s215-rank1-d0-pos0,215,s215-rank1,background,0,True,noise01,False,-0.007500000000000062,True
DeepSeek/OFF,s215-rank1-d0-pos0,215,s215-rank1,background,0,True,long,False,-0.024354166666666677,True
DeepSeek/OFF,s215-rank1-d0-pos1,215,s215-rank1,accurate,0,True,default,False,-0.1103333333333334,False
DeepSeek/OFF,s215-rank1-d0-pos1,215,s215-rank1,accurate,0,True,noise01,False,-0.10679166666666684,False
DeepSeek/OFF,s215-rank1-d0-pos1,215,s215-rank1,accurate,0,True,long,False,-0.17304166666666676,False
DeepSeek/OFF,s215-rank1-d0-pos2,215,s215-rank1,mismatched,0,True,default,False,-0.0639166666666664,False
DeepSeek/OFF,s215-rank1-d0-pos2,215,s215-rank1,mismatched,0,True,noise01,False,-0.07245833333333351,False
DeepSeek/OFF,s215-rank1-d0-pos2,215,s215-rank1,mismatched,0,True,long,False,-0.11356250000000023,False
DeepSeek/OFF,s215-rank1-d0-pos3,215,s215-rank1,cooperation,0,True,default,False,-0.005541666666666556,True
DeepSeek/OFF,s215-rank1-d0-pos3,215,s215-rank1,cooperation,0,True,noise01,False,-0.008541666666666892,True
DeepSeek/OFF,s215-rank1-d0-pos3,215,s215-rank1,cooperation,0,True,long,False,-0.029625000000000012,True
DeepSeek/OFF,s215-rank1-d0-pos4,215,s215-rank1,score,0,True,default,False,-0.007125000000000048,False
DeepSeek/OFF,s215-rank1-d0-pos4,215,s215-rank1,score,0,True,noise01,False,-0.0139166666666668,False
DeepSeek/OFF,s215-rank1-d0-pos4,215,s215-rank1,score,0,True,long,False,-0.019000000000000128,False
DeepSeek/OFF,s213-rank6-d0-pos0,213,s213-rank6,accurate,0,True,default,False,-0.010166666666666435,True
DeepSeek/OFF,s213-rank6-d0-pos0,213,s213-rank6,accurate,0,True,noise01,False,-0.01291666666666691,True
DeepSeek/OFF,s213-rank6-d0-pos0,213,s213-rank6,accurate,0,True,long,False,-0.006166666666666432,True
DeepSeek/OFF,s213-rank6-d0-pos1,213,s213-rank6,cooperation,0,True,default,False,-0.06987499999999991,False
DeepSeek/OFF,s213-rank6-d0-pos1,213,s213-rank6,cooperation,0,True,noise01,False,-0.08979166666666671,False
DeepSeek/OFF,s213-rank6-d0-pos1,213,s213-rank6,cooperation,0,True,long,False,-0.04774999999999974,False
DeepSeek/OFF,s213-rank6-d0-pos2,213,s213-rank6,background,0,True,default,False,-0.02008333333333323,False
DeepSeek/OFF,s213-rank6-d0-pos2,213,s213-rank6,background,0,True,noise01,False,-0.03416666666666668,False
DeepSeek/OFF,s213-rank6-d0-pos2,213,s213-rank6,background,0,True,long,False,-0.017979166666666435,False
DeepSeek/OFF,s213-rank6-d0-pos3,213,s213-rank6,score,0,True,default,False,-0.12487499999999985,False
DeepSeek/OFF,s213-rank6-d0-pos3,213,s213-rank6,score,0,True,noise01,False,-0.10637500000000033,False
DeepSeek/OFF,s213-rank6-d0-pos3,213,s213-rank6,score,0,True,long,False,-0.06514583333333324,False
DeepSeek/OFF,s213-rank6-d0-pos4,213,s213-rank6,mismatched,0,True,default,False,0.03708333333333358,False
DeepSeek/OFF,s213-rank6-d0-pos4,213,s213-rank6,mismatched,0,True,noise01,False,0.026499999999999968,False
DeepSeek/OFF,s213-rank6-d0-pos4,213,s213-rank6,mismatched,0,True,long,False,0.01968750000000008,False
DeepSeek/OFF,s215-rank1-d1-pos0,215,s215-rank1,background,1,True,default,False,-0.017249999999999988,False
DeepSeek/OFF,s215-rank1-d1-pos0,215,s215-rank1,background,1,True,noise01,False,-0.02204166666666696,False
DeepSeek/OFF,s215-rank1-d1-pos0,215,s215-rank1,background,1,True,long,False,-0.06410416666666685,False
DeepSeek/OFF,s215-rank1-d1-pos1,215,s215-rank1,accurate,1,True,default,False,0.03179166666666666,True
DeepSeek/OFF,s215-rank1-d1-pos1,215,s215-rank1,accurate,1,True,noise01,False,0.010958333333333181,True
DeepSeek/OFF,s215-rank1-d1-pos1,215,s215-rank1,accurate,1,True,long,False,0.010020833333333368,True
DeepSeek/OFF,s215-rank1-d1-pos2,215,s215-rank1,mismatched,1,True,default,False,0.002791666666666748,True
DeepSeek/OFF,s215-rank1-d1-pos2,215,s215-rank1,mismatched,1,True,noise01,False,-0.008458333333333456,True
DeepSeek/OFF,s215-rank1-d1-pos2,215,s215-rank1,mismatched,1,True,long,False,-0.02506250000000021,True
DeepSeek/OFF,s215-rank1-d1-pos3,215,s215-rank1,cooperation,1,True,default,False,0.0037916666666668597,False
DeepSeek/OFF,s215-rank1-d1-pos3,215,s215-rank1,cooperation,1,True,noise01,False,0.000791666666666524,False
DeepSeek/OFF,s215-rank1-d1-pos3,215,s215-rank1,cooperation,1,True,long,False,0.009145833333333186,False
DeepSeek/OFF,s215-rank1-d1-pos4,215,s215-rank1,score,1,True,default,False,0.03012500000000018,True
DeepSeek/OFF,s215-rank1-d1-pos4,215,s215-rank1,score,1,True,noise01,False,0.009499999999999842,True
DeepSeek/OFF,s215-rank1-d1-pos4,215,s215-rank1,score,1,True,long,False,-0.02243750000000011,True
DeepSeek/OFF,s212-rank1-d1-pos0,212,s212-rank1,accurate,1,True,default,False,-0.020708333333333107,False
DeepSeek/OFF,s212-rank1-d1-pos0,212,s212-rank1,accurate,1,True,noise01,False,-0.0127083333333331,False
DeepSeek/OFF,s212-rank1-d1-pos0,212,s212-rank1,accurate,1,True,long,False,-0.015291666666666703,False
DeepSeek/OFF,s212-rank1-d1-pos1,212,s212-rank1,score,1,True,default,False,-0.08562499999999984,False
DeepSeek/OFF,s212-rank1-d1-pos1,212,s212-rank1,score,1,True,noise01,False,-0.07162499999999983,False
DeepSeek/OFF,s212-rank1-d1-pos1,212,s212-rank1,score,1,True,long,False,-0.07774999999999999,False
DeepSeek/OFF,s212-rank1-d1-pos2,212,s212-rank1,mismatched,1,True,default,False,-0.004999999999999893,True
DeepSeek/OFF,s212-rank1-d1-pos2,212,s212-rank1,mismatched,1,True,noise01,False,0.002666666666666817,True
DeepSeek/OFF,s212-rank1-d1-pos2,212,s212-rank1,mismatched,1,True,long,False,-0.019145833333333195,True
DeepSeek/OFF,s212-rank1-d1-pos3,212,s212-rank1,background,1,True,default,False,0.010041666666666726,False
DeepSeek/OFF,s212-rank1-d1-pos3,212,s212-rank1,background,1,True,noise01,False,0.007958333333333512,False
DeepSeek/OFF,s212-rank1-d1-pos3,212,s212-rank1,background,1,True,long,False,0.029395833333333288,False
DeepSeek/OFF,s212-rank1-d1-pos4,212,s212-rank1,cooperation,1,True,default,False,-0.00533333333333319,False
DeepSeek/OFF,s212-rank1-d1-pos4,212,s212-rank1,cooperation,1,True,noise01,False,-0.012958333333333183,False
DeepSeek/OFF,s212-rank1-d1-pos4,212,s212-rank1,cooperation,1,True,long,False,0.04964583333333339,False
DeepSeek/OFF,s204-rank1-d0-pos0,204,s204-rank1,score,0,True,default,False,0.00012500000000015277,True
DeepSeek/OFF,s204-rank1-d0-pos0,204,s204-rank1,score,0,True,noise01,False,0.004999999999999893,True
DeepSeek/OFF,s204-rank1-d0-pos0,204,s204-rank1,score,0,True,long,False,0.00158333333333327,True
DeepSeek/OFF,s204-rank1-d0-pos1,204,s204-rank1,mismatched,0,False,default,True,0.0,False
DeepSeek/OFF,s204-rank1-d0-pos1,204,s204-rank1,mismatched,0,False,noise01,True,0.0,False
DeepSeek/OFF,s204-rank1-d0-pos1,204,s204-rank1,mismatched,0,False,long,True,0.0,False
DeepSeek/OFF,s204-rank1-d0-pos2,204,s204-rank1,cooperation,0,True,default,False,0.019291666666666707,True
DeepSeek/OFF,s204-rank1-d0-pos2,204,s204-rank1,cooperation,0,True,noise01,False,0.03433333333333333,True
DeepSeek/OFF,s204-rank1-d0-pos2,204,s204-rank1,cooperation,0,True,long,False,0.1008125000000002,True
DeepSeek/OFF,s204-rank1-d0-pos3,204,s204-rank1,accurate,0,False,default,True,0.0,False
DeepSeek/OFF,s204-rank1-d0-pos3,204,s204-rank1,accurate,0,False,noise01,True,0.0,False
DeepSeek/OFF,s204-rank1-d0-pos3,204,s204-rank1,accurate,0,False,long,True,0.0,False
DeepSeek/OFF,s204-rank1-d0-pos4,204,s204-rank1,background,0,True,default,False,0.02241666666666675,False
DeepSeek/OFF,s204-rank1-d0-pos4,204,s204-rank1,background,0,True,noise01,False,0.02245833333333347,False
DeepSeek/OFF,s204-rank1-d0-pos4,204,s204-rank1,background,0,True,long,False,0.009499999999999842,False
DeepSeek/OFF,s210-rank3-d0-pos0,210,s210-rank3,background,0,True,default,False,0.1307083333333332,True
DeepSeek/OFF,s210-rank3-d0-pos0,210,s210-rank3,background,0,True,noise01,False,0.14358333333333317,True
DeepSeek/OFF,s210-rank3-d0-pos0,210,s210-rank3,background,0,True,long,False,0.13483333333333314,True
DeepSeek/OFF,s210-rank3-d0-pos1,210,s210-rank3,score,0,True,default,False,0.1619583333333332,True
DeepSeek/OFF,s210-rank3-d0-pos1,210,s210-rank3,score,0,True,noise01,False,0.17174999999999963,True
DeepSeek/OFF,s210-rank3-d0-pos1,210,s210-rank3,score,0,True,long,False,0.10102083333333312,True
DeepSeek/OFF,s210-rank3-d0-pos2,210,s210-rank3,cooperation,0,True,default,False,0.06941666666666668,True
DeepSeek/OFF,s210-rank3-d0-pos2,210,s210-rank3,cooperation,0,True,noise01,False,0.10099999999999998,True
DeepSeek/OFF,s210-rank3-d0-pos2,210,s210-rank3,cooperation,0,True,long,False,0.045812500000000034,True
DeepSeek/OFF,s210-rank3-d0-pos3,210,s210-rank3,accurate,0,True,default,False,0.08112499999999989,True
DeepSeek/OFF,s210-rank3-d0-pos3,210,s210-rank3,accurate,0,True,noise01,False,0.10629166666666667,True
DeepSeek/OFF,s210-rank3-d0-pos3,210,s210-rank3,accurate,0,True,long,False,0.12316666666666642,True
DeepSeek/OFF,s210-rank3-d0-pos4,210,s210-rank3,mismatched,0,True,default,False,-0.04108333333333358,False
DeepSeek/OFF,s210-rank3-d0-pos4,210,s210-rank3,mismatched,0,True,noise01,False,-0.03837500000000005,False
DeepSeek/OFF,s210-rank3-d0-pos4,210,s210-rank3,mismatched,0,True,long,False,-0.00854166666666667,False
DeepSeek/OFF,s208-rank3-d0-pos0,208,s208-rank3,score,0,True,default,False,0.024541666666666462,False
DeepSeek/OFF,s208-rank3-d0-pos0,208,s208-rank3,score,0,True,noise01,False,0.01645833333333324,False
DeepSeek/OFF,s208-rank3-d0-pos0,208,s208-rank3,score,0,True,long,False,0.018645833333333472,False
DeepSeek/OFF,s208-rank3-d0-pos1,208,s208-rank3,background,0,True,default,False,0.008333333333333304,False
DeepSeek/OFF,s208-rank3-d0-pos1,208,s208-rank3,background,0,True,noise01,False,0.0037083333333332025,False
DeepSeek/OFF,s208-rank3-d0-pos1,208,s208-rank3,background,0,True,long,False,0.0037291666666667833,False
DeepSeek/OFF,s208-rank3-d0-pos2,208,s208-rank3,cooperation,0,True,default,False,0.011999999999999789,True
DeepSeek/OFF,s208-rank3-d0-pos2,208,s208-rank3,cooperation,0,True,noise01,False,0.012625000000000108,True
DeepSeek/OFF,s208-rank3-d0-pos2,208,s208-rank3,cooperation,0,True,long,False,0.015000000000000124,True
DeepSeek/OFF,s208-rank3-d0-pos3,208,s208-rank3,mismatched,0,True,default,False,0.04675000000000007,True
DeepSeek/OFF,s208-rank3-d0-pos3,208,s208-rank3,mismatched,0,True,noise01,False,0.043041666666666645,True
DeepSeek/OFF,s208-rank3-d0-pos3,208,s208-rank3,mismatched,0,True,long,False,0.016895833333333332,True
DeepSeek/OFF,s208-rank3-d0-pos4,208,s208-rank3,accurate,0,True,default,False,-0.009583333333333499,False
DeepSeek/OFF,s208-rank3-d0-pos4,208,s208-rank3,accurate,0,True,noise01,False,-0.014874999999999972,False
DeepSeek/OFF,s208-rank3-d0-pos4,208,s208-rank3,accurate,0,True,long,False,-0.01708333333333334,False
DeepSeek/OFF,s219-rank1-d0-pos0,219,s219-rank1,accurate,0,True,default,False,0.04312500000000008,True
DeepSeek/OFF,s219-rank1-d0-pos0,219,s219-rank1,accurate,0,True,noise01,False,0.04037500000000005,True
DeepSeek/OFF,s219-rank1-d0-pos0,219,s219-rank1,accurate,0,True,long,False,0.027958333333333085,True
DeepSeek/OFF,s219-rank1-d0-pos1,219,s219-rank1,score,0,True,default,False,0.031916666666666815,False
DeepSeek/OFF,s219-rank1-d0-pos1,219,s219-rank1,score,0,True,noise01,False,0.040708333333333346,False
DeepSeek/OFF,s219-rank1-d0-pos1,219,s219-rank1,score,0,True,long,False,-0.07108333333333361,False
DeepSeek/OFF,s219-rank1-d0-pos2,219,s219-rank1,cooperation,0,True,default,False,0.055333333333333456,False
DeepSeek/OFF,s219-rank1-d0-pos2,219,s219-rank1,cooperation,0,True,noise01,False,0.031916666666666815,False
DeepSeek/OFF,s219-rank1-d0-pos2,219,s219-rank1,cooperation,0,True,long,False,0.025374999999999925,False
DeepSeek/OFF,s219-rank1-d0-pos3,219,s219-rank1,background,0,True,default,False,0.09225000000000017,True
DeepSeek/OFF,s219-rank1-d0-pos3,219,s219-rank1,background,0,True,noise01,False,0.08433333333333337,True
DeepSeek/OFF,s219-rank1-d0-pos3,219,s219-rank1,background,0,True,long,False,-0.02731249999999985,True
DeepSeek/OFF,s219-rank1-d0-pos4,219,s219-rank1,mismatched,0,True,default,False,0.05966666666666676,False
DeepSeek/OFF,s219-rank1-d0-pos4,219,s219-rank1,mismatched,0,True,noise01,False,0.048833333333333284,False
DeepSeek/OFF,s219-rank1-d0-pos4,219,s219-rank1,mismatched,0,True,long,False,-0.023833333333333595,False
DeepSeek/OFF,s203-rank3-d0-pos0,203,s203-rank3,score,0,True,default,False,-0.023125000000000062,False
DeepSeek/OFF,s203-rank3-d0-pos0,203,s203-rank3,score,0,True,noise01,False,-0.021458333333333135,False
DeepSeek/OFF,s203-rank3-d0-pos0,203,s203-rank3,score,0,True,long,False,0.0015416666666667744,False
DeepSeek/OFF,s203-rank3-d0-pos1,203,s203-rank3,mismatched,0,True,default,False,-0.09104166666666647,False
DeepSeek/OFF,s203-rank3-d0-pos1,203,s203-rank3,mismatched,0,True,noise01,False,-0.05629166666666663,False
DeepSeek/OFF,s203-rank3-d0-pos1,203,s203-rank3,mismatched,0,True,long,False,-0.04131249999999986,False
DeepSeek/OFF,s203-rank3-d0-pos2,203,s203-rank3,background,0,True,default,False,-0.024708333333333332,False
DeepSeek/OFF,s203-rank3-d0-pos2,203,s203-rank3,background,0,True,noise01,False,-0.012833333333333252,False
DeepSeek/OFF,s203-rank3-d0-pos2,203,s203-rank3,background,0,True,long,False,-0.014562500000000034,False
DeepSeek/OFF,s203-rank3-d0-pos3,203,s203-rank3,cooperation,0,True,default,False,-0.03504166666666664,False
DeepSeek/OFF,s203-rank3-d0-pos3,203,s203-rank3,cooperation,0,True,noise01,False,-0.03174999999999972,False
DeepSeek/OFF,s203-rank3-d0-pos3,203,s203-rank3,cooperation,0,True,long,False,0.0650208333333333,False
DeepSeek/OFF,s203-rank3-d0-pos4,203,s203-rank3,accurate,0,True,default,False,-0.027249999999999996,False
DeepSeek/OFF,s203-rank3-d0-pos4,203,s203-rank3,accurate,0,True,noise01,False,-0.03566666666666651,False
DeepSeek/OFF,s203-rank3-d0-pos4,203,s203-rank3,accurate,0,True,long,False,0.007791666666666641,False
DeepSeek/OFF,s209-rank6-d1-pos0,209,s209-rank6,mismatched,1,True,default,False,-0.002458333333333229,True
DeepSeek/OFF,s209-rank6-d1-pos0,209,s209-rank6,mismatched,1,True,noise01,False,0.012374999999999803,True
DeepSeek/OFF,s209-rank6-d1-pos0,209,s209-rank6,mismatched,1,True,long,False,0.007520833333333643,True
DeepSeek/OFF,s209-rank6-d1-pos1,209,s209-rank6,background,1,True,default,False,0.04125000000000023,True
DeepSeek/OFF,s209-rank6-d1-pos1,209,s209-rank6,background,1,True,noise01,False,0.06070833333333314,True
DeepSeek/OFF,s209-rank6-d1-pos1,209,s209-rank6,background,1,True,long,False,0.07091666666666696,True
DeepSeek/OFF,s209-rank6-d1-pos2,209,s209-rank6,accurate,1,True,default,False,-0.07799999999999985,False
DeepSeek/OFF,s209-rank6-d1-pos2,209,s209-rank6,accurate,1,True,noise01,False,-0.04416666666666669,False
DeepSeek/OFF,s209-rank6-d1-pos2,209,s209-rank6,accurate,1,True,long,False,-0.10124999999999984,False
DeepSeek/OFF,s209-rank6-d1-pos3,209,s209-rank6,score,1,True,default,False,0.0022083333333333677,True
DeepSeek/OFF,s209-rank6-d1-pos3,209,s209-rank6,score,1,True,noise01,False,-0.006000000000000227,True
DeepSeek/OFF,s209-rank6-d1-pos3,209,s209-rank6,score,1,True,long,False,0.013229166666666847,True
DeepSeek/OFF,s209-rank6-d1-pos4,209,s209-rank6,cooperation,1,True,default,False,-0.015458333333333352,False
DeepSeek/OFF,s209-rank6-d1-pos4,209,s209-rank6,cooperation,1,True,noise01,False,0.014541666666666453,False
DeepSeek/OFF,s209-rank6-d1-pos4,209,s209-rank6,cooperation,1,True,long,False,-0.011229166666666623,False
DeepSeek/OFF,s200-rank6-d0-pos0,200,s200-rank6,mismatched,0,True,default,False,0.1303749999999999,True
DeepSeek/OFF,s200-rank6-d0-pos0,200,s200-rank6,mismatched,0,True,noise01,False,0.1023750000000001,True
DeepSeek/OFF,s200-rank6-d0-pos0,200,s200-rank6,mismatched,0,True,long,False,0.11477083333333327,True
DeepSeek/OFF,s200-rank6-d0-pos1,200,s200-rank6,background,0,True,default,False,0.11333333333333306,True
DeepSeek/OFF,s200-rank6-d0-pos1,200,s200-rank6,background,0,True,noise01,False,0.07883333333333353,True
DeepSeek/OFF,s200-rank6-d0-pos1,200,s200-rank6,background,0,True,long,False,0.13554166666666645,True
DeepSeek/OFF,s200-rank6-d0-pos2,200,s200-rank6,cooperation,0,True,default,False,0.10562499999999964,True
DeepSeek/OFF,s200-rank6-d0-pos2,200,s200-rank6,cooperation,0,True,noise01,False,0.07912500000000011,True
DeepSeek/OFF,s200-rank6-d0-pos2,200,s200-rank6,cooperation,0,True,long,False,0.09099999999999997,True
DeepSeek/OFF,s200-rank6-d0-pos3,200,s200-rank6,accurate,0,True,default,False,0.117458333333333,True
DeepSeek/OFF,s200-rank6-d0-pos3,200,s200-rank6,accurate,0,True,noise01,False,0.09075000000000011,True
DeepSeek/OFF,s200-rank6-d0-pos3,200,s200-rank6,accurate,0,True,long,False,0.014041666666666286,True
DeepSeek/OFF,s200-rank6-d0-pos4,200,s200-rank6,score,0,True,default,False,0.030291666666666384,False
DeepSeek/OFF,s200-rank6-d0-pos4,200,s200-rank6,score,0,True,noise01,False,0.024708333333333332,False
DeepSeek/OFF,s200-rank6-d0-pos4,200,s200-rank6,score,0,True,long,False,0.06560416666666624,False
DeepSeek/OFF,s207-rank6-d1-pos0,207,s207-rank6,cooperation,1,True,default,False,0.006791666666666751,True
DeepSeek/OFF,s207-rank6-d1-pos0,207,s207-rank6,cooperation,1,True,noise01,False,0.021708333333332996,True
DeepSeek/OFF,s207-rank6-d1-pos0,207,s207-rank6,cooperation,1,True,long,False,-0.02774999999999994,True
DeepSeek/OFF,s207-rank6-d1-pos1,207,s207-rank6,accurate,1,True,default,False,0.009375000000000133,True
DeepSeek/OFF,s207-rank6-d1-pos1,207,s207-rank6,accurate,1,True,noise01,False,0.036208333333333176,True
DeepSeek/OFF,s207-rank6-d1-pos1,207,s207-rank6,accurate,1,True,long,False,0.034375000000000044,True
DeepSeek/OFF,s207-rank6-d1-pos2,207,s207-rank6,background,1,True,default,False,-0.08499999999999996,False
DeepSeek/OFF,s207-rank6-d1-pos2,207,s207-rank6,background,1,True,noise01,False,-0.03716666666666679,False
DeepSeek/OFF,s207-rank6-d1-pos2,207,s207-rank6,background,1,True,long,False,-0.05974999999999997,False
DeepSeek/OFF,s207-rank6-d1-pos3,207,s207-rank6,score,1,True,default,False,0.030375000000000263,True
DeepSeek/OFF,s207-rank6-d1-pos3,207,s207-rank6,score,1,True,noise01,False,0.04554166666666659,True
DeepSeek/OFF,s207-rank6-d1-pos3,207,s207-rank6,score,1,True,long,True,0.0,True
DeepSeek/OFF,s207-rank6-d1-pos4,207,s207-rank6,mismatched,1,True,default,False,-0.11704166666666649,False
DeepSeek/OFF,s207-rank6-d1-pos4,207,s207-rank6,mismatched,1,True,noise01,False,-0.0830833333333334,False
DeepSeek/OFF,s207-rank6-d1-pos4,207,s207-rank6,mismatched,1,True,long,False,-0.07822916666666657,False
DeepSeek/OFF,s200-rank1-d1-pos0,200,s200-rank1,mismatched,1,True,default,False,0.007833333333333137,True
DeepSeek/OFF,s200-rank1-d1-pos0,200,s200-rank1,mismatched,1,True,noise01,False,0.012750000000000039,True
DeepSeek/OFF,s200-rank1-d1-pos0,200,s200-rank1,mismatched,1,True,long,False,-0.00216666666666665,True
DeepSeek/OFF,s200-rank1-d1-pos1,200,s200-rank1,background,1,False,default,True,0.0,False
DeepSeek/OFF,s200-rank1-d1-pos1,200,s200-rank1,background,1,False,noise01,True,0.0,False
DeepSeek/OFF,s200-rank1-d1-pos1,200,s200-rank1,background,1,False,long,True,0.0,False
DeepSeek/OFF,s200-rank1-d1-pos2,200,s200-rank1,cooperation,1,True,default,False,-0.01416666666666666,False
DeepSeek/OFF,s200-rank1-d1-pos2,200,s200-rank1,cooperation,1,True,noise01,False,-0.009333333333332972,False
DeepSeek/OFF,s200-rank1-d1-pos2,200,s200-rank1,cooperation,1,True,long,False,-0.015687499999999854,False
DeepSeek/OFF,s200-rank1-d1-pos3,200,s200-rank1,accurate,1,True,default,False,-0.003958333333333508,True
DeepSeek/OFF,s200-rank1-d1-pos3,200,s200-rank1,accurate,1,True,noise01,False,-0.0029166666666664565,True
DeepSeek/OFF,s200-rank1-d1-pos3,200,s200-rank1,accurate,1,True,long,False,0.005458333333333565,True
DeepSeek/OFF,s200-rank1-d1-pos4,200,s200-rank1,score,1,True,default,False,0.010624999999999885,False
DeepSeek/OFF,s200-rank1-d1-pos4,200,s200-rank1,score,1,True,noise01,False,0.014000000000000012,False
DeepSeek/OFF,s200-rank1-d1-pos4,200,s200-rank1,score,1,True,long,False,0.006791666666666751,False
DeepSeek/OFF,s216-rank3-d1-pos0,216,s216-rank3,mismatched,1,True,default,False,0.08099999999999996,False
DeepSeek/OFF,s216-rank3-d1-pos0,216,s216-rank3,mismatched,1,True,noise01,False,0.04708333333333359,False
DeepSeek/OFF,s216-rank3-d1-pos0,216,s216-rank3,mismatched,1,True,long,False,0.052583333333333204,False
DeepSeek/OFF,s216-rank3-d1-pos1,216,s216-rank3,accurate,1,True,default,False,0.11091666666666655,True
DeepSeek/OFF,s216-rank3-d1-pos1,216,s216-rank3,accurate,1,True,noise01,False,0.0731250000000001,True
DeepSeek/OFF,s216-rank3-d1-pos1,216,s216-rank3,accurate,1,True,long,False,0.02802083333333316,True
DeepSeek/OFF,s216-rank3-d1-pos2,216,s216-rank3,score,1,True,default,False,0.09358333333333357,True
DeepSeek/OFF,s216-rank3-d1-pos2,216,s216-rank3,score,1,True,noise01,False,0.07529166666666676,True
DeepSeek/OFF,s216-rank3-d1-pos2,216,s216-rank3,score,1,True,long,False,0.03429166666666683,True
DeepSeek/OFF,s216-rank3-d1-pos3,216,s216-rank3,background,1,True,default,False,0.05487500000000001,False
DeepSeek/OFF,s216-rank3-d1-pos3,216,s216-rank3,background,1,True,noise01,False,0.040208333333333623,False
DeepSeek/OFF,s216-rank3-d1-pos3,216,s216-rank3,background,1,True,long,False,0.008479166666666593,False
DeepSeek/OFF,s216-rank3-d1-pos4,216,s216-rank3,cooperation,1,True,default,False,0.1292916666666668,True
DeepSeek/OFF,s216-rank3-d1-pos4,216,s216-rank3,cooperation,1,True,noise01,False,0.0827500000000001,True
DeepSeek/OFF,s216-rank3-d1-pos4,216,s216-rank3,cooperation,1,True,long,False,0.027833333333333377,True
DeepSeek/OFF,s210-rank3-d1-pos0,210,s210-rank3,background,1,True,default,False,0.05437500000000006,False
DeepSeek/OFF,s210-rank3-d1-pos0,210,s210-rank3,background,1,True,noise01,False,0.06179166666666647,False
DeepSeek/OFF,s210-rank3-d1-pos0,210,s210-rank3,background,1,True,long,False,0.01895833333333341,False
DeepSeek/OFF,s210-rank3-d1-pos1,210,s210-rank3,score,1,True,default,False,-0.0040000000000000036,False
DeepSeek/OFF,s210-rank3-d1-pos1,210,s210-rank3,score,1,True,noise01,False,-0.006125000000000158,False
DeepSeek/OFF,s210-rank3-d1-pos1,210,s210-rank3,score,1,True,long,False,0.002083333333333437,False
DeepSeek/OFF,s210-rank3-d1-pos2,210,s210-rank3,cooperation,1,True,default,False,-0.006541666666666668,False
DeepSeek/OFF,s210-rank3-d1-pos2,210,s210-rank3,cooperation,1,True,noise01,False,-0.01408333333333367,False
DeepSeek/OFF,s210-rank3-d1-pos2,210,s210-rank3,cooperation,1,True,long,False,-0.00041666666666695384,False
DeepSeek/OFF,s210-rank3-d1-pos3,210,s210-rank3,accurate,1,True,default,False,0.008874999999999744,False
DeepSeek/OFF,s210-rank3-d1-pos3,210,s210-rank3,accurate,1,True,noise01,False,0.004208333333333147,False
DeepSeek/OFF,s210-rank3-d1-pos3,210,s210-rank3,accurate,1,True,long,False,0.011083333333333112,False
DeepSeek/OFF,s210-rank3-d1-pos4,210,s210-rank3,mismatched,1,True,default,False,0.01587499999999964,True
DeepSeek/OFF,s210-rank3-d1-pos4,210,s210-rank3,mismatched,1,True,noise01,False,0.006291666666666584,True
DeepSeek/OFF,s210-rank3-d1-pos4,210,s210-rank3,mismatched,1,True,long,False,0.011416666666666409,True
DeepSeek/OFF,s215-rank3-d1-pos0,215,s215-rank3,background,1,True,default,False,0.0002500000000000835,False
DeepSeek/OFF,s215-rank3-d1-pos0,215,s215-rank3,background,1,True,noise01,False,0.006916666666666904,False
DeepSeek/OFF,s215-rank3-d1-pos0,215,s215-rank3,background,1,True,long,False,-0.016291666666666593,False
DeepSeek/OFF,s215-rank3-d1-pos1,215,s215-rank3,accurate,1,True,default,False,-0.06504166666666666,False
DeepSeek/OFF,s215-rank3-d1-pos1,215,s215-rank3,accurate,1,True,noise01,False,-0.052416666666666556,False
DeepSeek/OFF,s215-rank3-d1-pos1,215,s215-rank3,accurate,1,True,long,False,-0.09435416666666674,False
DeepSeek/OFF,s215-rank3-d1-pos2,215,s215-rank3,mismatched,1,True,default,False,0.014250000000000096,False
DeepSeek/OFF,s215-rank3-d1-pos2,215,s215-rank3,mismatched,1,True,noise01,False,0.013833333333333364,False
DeepSeek/OFF,s215-rank3-d1-pos2,215,s215-rank3,mismatched,1,True,long,False,0.0029375000000002593,False
DeepSeek/OFF,s215-rank3-d1-pos3,215,s215-rank3,cooperation,1,True,default,False,0.012250000000000316,True
DeepSeek/OFF,s215-rank3-d1-pos3,215,s215-rank3,cooperation,1,True,noise01,False,0.022625000000000117,True
DeepSeek/OFF,s215-rank3-d1-pos3,215,s215-rank3,cooperation,1,True,long,False,-0.0012499999999999734,True
DeepSeek/OFF,s215-rank3-d1-pos4,215,s215-rank3,score,1,True,default,False,-0.04470833333333335,False
DeepSeek/OFF,s215-rank3-d1-pos4,215,s215-rank3,score,1,True,noise01,False,-0.040750000000000064,False
DeepSeek/OFF,s215-rank3-d1-pos4,215,s215-rank3,score,1,True,long,False,-0.054749999999999854,False
DeepSeek/OFF,s219-rank3-d1-pos0,219,s219-rank3,accurate,1,True,default,False,-0.05091666666666672,True
DeepSeek/OFF,s219-rank3-d1-pos0,219,s219-rank3,accurate,1,True,noise01,False,-0.04787499999999989,True
DeepSeek/OFF,s219-rank3-d1-pos0,219,s219-rank3,accurate,1,True,long,False,-0.09760416666666671,True
DeepSeek/OFF,s219-rank3-d1-pos1,219,s219-rank3,score,1,True,default,False,0.0034166666666666234,False
DeepSeek/OFF,s219-rank3-d1-pos1,219,s219-rank3,score,1,True,noise01,False,0.011374999999999913,False
DeepSeek/OFF,s219-rank3-d1-pos1,219,s219-rank3,score,1,True,long,False,-0.011187500000000128,False
DeepSeek/OFF,s219-rank3-d1-pos2,219,s219-rank3,cooperation,1,True,default,False,0.024708333333333332,True
DeepSeek/OFF,s219-rank3-d1-pos2,219,s219-rank3,cooperation,1,True,noise01,False,0.01891666666666647,True
DeepSeek/OFF,s219-rank3-d1-pos2,219,s219-rank3,cooperation,1,True,long,False,-0.004708333333333314,True
DeepSeek/OFF,s219-rank3-d1-pos3,219,s219-rank3,background,1,True,default,False,-0.004416666666666513,True
DeepSeek/OFF,s219-rank3-d1-pos3,219,s219-rank3,background,1,True,noise01,False,0.005791666666666417,True
DeepSeek/OFF,s219-rank3-d1-pos3,219,s219-rank3,background,1,True,long,False,-0.10000000000000009,True
DeepSeek/OFF,s219-rank3-d1-pos4,219,s219-rank3,mismatched,1,True,default,False,-0.00941666666666685,True
DeepSeek/OFF,s219-rank3-d1-pos4,219,s219-rank3,mismatched,1,True,noise01,False,-0.010041666666666726,True
DeepSeek/OFF,s219-rank3-d1-pos4,219,s219-rank3,mismatched,1,True,long,False,-0.01606249999999987,True
DeepSeek/OFF,s212-rank3-d0-pos0,212,s212-rank3,accurate,0,True,default,False,0.051416666666666444,False
DeepSeek/OFF,s212-rank3-d0-pos0,212,s212-rank3,accurate,0,True,noise01,False,0.04920833333333352,False
DeepSeek/OFF,s212-rank3-d0-pos0,212,s212-rank3,accurate,0,True,long,False,-0.016125000000000167,False
DeepSeek/OFF,s212-rank3-d0-pos1,212,s212-rank3,score,0,True,default,False,0.01991666666666636,False
DeepSeek/OFF,s212-rank3-d0-pos1,212,s212-rank3,score,0,True,noise01,False,0.020999999999999908,False
DeepSeek/OFF,s212-rank3-d0-pos1,212,s212-rank3,score,0,True,long,False,-0.04356250000000017,False
DeepSeek/OFF,s212-rank3-d0-pos2,212,s212-rank3,mismatched,0,True,default,False,0.026000000000000023,False
DeepSeek/OFF,s212-rank3-d0-pos2,212,s212-rank3,mismatched,0,True,noise01,False,0.04300000000000015,False
DeepSeek/OFF,s212-rank3-d0-pos2,212,s212-rank3,mismatched,0,True,long,False,-0.001000000000000334,False
DeepSeek/OFF,s212-rank3-d0-pos3,212,s212-rank3,background,0,True,default,False,0.0532083333333333,True
DeepSeek/OFF,s212-rank3-d0-pos3,212,s212-rank3,background,0,True,noise01,False,0.0788749999999998,True
DeepSeek/OFF,s212-rank3-d0-pos3,212,s212-rank3,background,0,True,long,False,0.0471041666666665,True
DeepSeek/OFF,s212-rank3-d0-pos4,212,s212-rank3,cooperation,0,True,default,False,0.018999999999999684,False
DeepSeek/OFF,s212-rank3-d0-pos4,212,s212-rank3,cooperation,0,True,noise01,False,0.031458333333333366,False
DeepSeek/OFF,s212-rank3-d0-pos4,212,s212-rank3,cooperation,0,True,long,False,-0.04249999999999998,False
DeepSeek/OFF,s215-rank3-d0-pos0,215,s215-rank3,background,0,True,default,False,-0.005499999999999838,False
DeepSeek/OFF,s215-rank3-d0-pos0,215,s215-rank3,background,0,True,noise01,False,-0.002749999999999808,False
DeepSeek/OFF,s215-rank3-d0-pos0,215,s215-rank3,background,0,True,long,False,-0.01718749999999991,False
DeepSeek/OFF,s215-rank3-d0-pos1,215,s215-rank3,accurate,0,True,default,False,-0.029583333333333073,False
DeepSeek/OFF,s215-rank3-d0-pos1,215,s215-rank3,accurate,0,True,noise01,False,-0.038124999999999964,False
DeepSeek/OFF,s215-rank3-d0-pos1,215,s215-rank3,accurate,0,True,long,False,-0.05525000000000002,False
DeepSeek/OFF,s215-rank3-d0-pos2,215,s215-rank3,mismatched,0,True,default,False,-0.01574999999999993,False
DeepSeek/OFF,s215-rank3-d0-pos2,215,s215-rank3,mismatched,0,True,noise01,False,-0.003958333333333286,False
DeepSeek/OFF,s215-rank3-d0-pos2,215,s215-rank3,mismatched,0,True,long,False,-0.010645833333333243,False
DeepSeek/OFF,s215-rank3-d0-pos3,215,s215-rank3,cooperation,0,True,default,False,0.017333333333333645,False
DeepSeek/OFF,s215-rank3-d0-pos3,215,s215-rank3,cooperation,0,True,noise01,False,0.013875000000000082,False
DeepSeek/OFF,s215-rank3-d0-pos3,215,s215-rank3,cooperation,0,True,long,False,0.013375000000000137,False
DeepSeek/OFF,s215-rank3-d0-pos4,215,s215-rank3,score,0,True,default,False,-0.025124999999999842,False
DeepSeek/OFF,s215-rank3-d0-pos4,215,s215-rank3,score,0,True,noise01,False,-0.016416666666666524,False
DeepSeek/OFF,s215-rank3-d0-pos4,215,s215-rank3,score,0,True,long,False,-0.040583333333333416,False
DeepSeek/OFF,s208-rank6-d0-pos0,208,s208-rank6,score,0,True,default,False,0.0,False
DeepSeek/OFF,s208-rank6-d0-pos0,208,s208-rank6,score,0,True,noise01,False,0.0,False
DeepSeek/OFF,s208-rank6-d0-pos0,208,s208-rank6,score,0,True,long,False,0.0,False
DeepSeek/OFF,s208-rank6-d0-pos1,208,s208-rank6,background,0,True,default,False,-0.04879166666666657,False
DeepSeek/OFF,s208-rank6-d0-pos1,208,s208-rank6,background,0,True,noise01,False,-0.004458333333333231,False
DeepSeek/OFF,s208-rank6-d0-pos1,208,s208-rank6,background,0,True,long,False,-0.03533333333333344,False
DeepSeek/OFF,s208-rank6-d0-pos2,208,s208-rank6,cooperation,0,True,default,False,0.0631666666666666,False
DeepSeek/OFF,s208-rank6-d0-pos2,208,s208-rank6,cooperation,0,True,noise01,False,0.07174999999999998,False
DeepSeek/OFF,s208-rank6-d0-pos2,208,s208-rank6,cooperation,0,True,long,False,0.055895833333333256,False
DeepSeek/OFF,s208-rank6-d0-pos3,208,s208-rank6,mismatched,0,True,default,False,0.049291666666666734,True
DeepSeek/OFF,s208-rank6-d0-pos3,208,s208-rank6,mismatched,0,True,noise01,False,0.06633333333333336,True
DeepSeek/OFF,s208-rank6-d0-pos3,208,s208-rank6,mismatched,0,True,long,False,0.043625000000000025,True
DeepSeek/OFF,s208-rank6-d0-pos4,208,s208-rank6,accurate,0,True,default,False,-0.039249999999999785,False
DeepSeek/OFF,s208-rank6-d0-pos4,208,s208-rank6,accurate,0,True,noise01,False,-0.031166666666666787,False
DeepSeek/OFF,s208-rank6-d0-pos4,208,s208-rank6,accurate,0,True,long,False,-0.01404166666666673,False
DeepSeek/OFF,s209-rank3-d0-pos0,209,s209-rank3,mismatched,0,True,default,False,0.0026250000000000995,False
DeepSeek/OFF,s209-rank3-d0-pos0,209,s209-rank3,mismatched,0,True,noise01,False,-0.022750000000000048,False
DeepSeek/OFF,s209-rank3-d0-pos0,209,s209-rank3,mismatched,0,True,long,False,-0.019124999999999837,False
DeepSeek/OFF,s209-rank3-d0-pos1,209,s209-rank3,background,0,True,default,False,-0.046375000000000055,False
DeepSeek/OFF,s209-rank3-d0-pos1,209,s209-rank3,background,0,True,noise01,False,-0.04908333333333337,False
DeepSeek/OFF,s209-rank3-d0-pos1,209,s209-rank3,background,0,True,long,False,-0.03610416666666638,False
DeepSeek/OFF,s209-rank3-d0-pos2,209,s209-rank3,accurate,0,True,default,False,0.024666666666666615,True
DeepSeek/OFF,s209-rank3-d0-pos2,209,s209-rank3,accurate,0,True,noise01,False,0.02633333333333332,True
DeepSeek/OFF,s209-rank3-d0-pos2,209,s209-rank3,accurate,0,True,long,False,0.021062500000000206,True
DeepSeek/OFF,s209-rank3-d0-pos3,209,s209-rank3,score,0,True,default,False,0.039583333333333304,True
DeepSeek/OFF,s209-rank3-d0-pos3,209,s209-rank3,score,0,True,noise01,False,0.03674999999999984,True
DeepSeek/OFF,s209-rank3-d0-pos3,209,s209-rank3,score,0,True,long,False,0.06802083333333342,True
DeepSeek/OFF,s209-rank3-d0-pos4,209,s209-rank3,cooperation,0,True,default,False,0.01550000000000007,False
DeepSeek/OFF,s209-rank3-d0-pos4,209,s209-rank3,cooperation,0,True,noise01,False,0.012833333333333252,False
DeepSeek/OFF,s209-rank3-d0-pos4,209,s209-rank3,cooperation,0,True,long,False,0.03283333333333349,False
DeepSeek/OFF,s211-rank1-d1-pos0,211,s211-rank1,mismatched,1,True,default,False,0.04341666666666666,False
DeepSeek/OFF,s211-rank1-d1-pos0,211,s211-rank1,mismatched,1,True,noise01,False,0.06641666666666679,False
DeepSeek/OFF,s211-rank1-d1-pos0,211,s211-rank1,mismatched,1,True,long,False,0.06402083333333342,False
DeepSeek/OFF,s211-rank1-d1-pos1,211,s211-rank1,accurate,1,True,default,False,-0.015625,False
DeepSeek/OFF,s211-rank1-d1-pos1,211,s211-rank1,accurate,1,True,noise01,False,0.007458333333333345,False
DeepSeek/OFF,s211-rank1-d1-pos1,211,s211-rank1,accurate,1,True,long,False,-0.04352083333333323,False
DeepSeek/OFF,s211-rank1-d1-pos2,211,s211-rank1,cooperation,1,True,default,False,-0.022833333333333483,False
DeepSeek/OFF,s211-rank1-d1-pos2,211,s211-rank1,cooperation,1,True,noise01,False,-0.0010416666666666075,False
DeepSeek/OFF,s211-rank1-d1-pos2,211,s211-rank1,cooperation,1,True,long,False,-0.03485416666666663,False
DeepSeek/OFF,s211-rank1-d1-pos3,211,s211-rank1,score,1,True,default,False,-0.06637499999999985,False
DeepSeek/OFF,s211-rank1-d1-pos3,211,s211-rank1,score,1,True,noise01,False,-0.04300000000000015,False
DeepSeek/OFF,s211-rank1-d1-pos3,211,s211-rank1,score,1,True,long,False,-0.08060416666666637,False
DeepSeek/OFF,s211-rank1-d1-pos4,211,s211-rank1,background,1,True,default,False,0.04733333333333345,True
DeepSeek/OFF,s211-rank1-d1-pos4,211,s211-rank1,background,1,True,noise01,False,0.07570833333333327,True
DeepSeek/OFF,s211-rank1-d1-pos4,211,s211-rank1,background,1,True,long,False,0.0497916666666669,True
DeepSeek/OFF,s218-rank6-d1-pos0,218,s218-rank6,cooperation,1,True,default,False,-0.005541666666666778,False
DeepSeek/OFF,s218-rank6-d1-pos0,218,s218-rank6,cooperation,1,True,noise01,False,0.000500000000000167,False
DeepSeek/OFF,s218-rank6-d1-pos0,218,s218-rank6,cooperation,1,True,long,False,0.044333333333333336,False
DeepSeek/OFF,s218-rank6-d1-pos1,218,s218-rank6,accurate,1,True,default,False,0.05695833333333322,False
DeepSeek/OFF,s218-rank6-d1-pos1,218,s218-rank6,accurate,1,True,noise01,False,0.06225000000000014,False
DeepSeek/OFF,s218-rank6-d1-pos1,218,s218-rank6,accurate,1,True,long,False,0.1535416666666667,False
DeepSeek/OFF,s218-rank6-d1-pos2,218,s218-rank6,score,1,True,default,False,0.0694999999999999,False
DeepSeek/OFF,s218-rank6-d1-pos2,218,s218-rank6,score,1,True,noise01,False,0.050416666666666776,False
DeepSeek/OFF,s218-rank6-d1-pos2,218,s218-rank6,score,1,True,long,False,0.08812500000000001,False
DeepSeek/OFF,s218-rank6-d1-pos3,218,s218-rank6,mismatched,1,True,default,False,-0.0008333333333334636,True
DeepSeek/OFF,s218-rank6-d1-pos3,218,s218-rank6,mismatched,1,True,noise01,False,0.011333333333333417,True
DeepSeek/OFF,s218-rank6-d1-pos3,218,s218-rank6,mismatched,1,True,long,False,0.05472916666666672,True
DeepSeek/OFF,s218-rank6-d1-pos4,218,s218-rank6,background,1,True,default,False,0.10916666666666641,True
DeepSeek/OFF,s218-rank6-d1-pos4,218,s218-rank6,background,1,True,noise01,False,0.07391666666666685,True
DeepSeek/OFF,s218-rank6-d1-pos4,218,s218-rank6,background,1,True,long,False,0.07474999999999987,True
DeepSeek/OFF,s216-rank6-d0-pos0,216,s216-rank6,mismatched,0,True,default,False,0.13624999999999976,True
DeepSeek/OFF,s216-rank6-d0-pos0,216,s216-rank6,mismatched,0,True,noise01,False,0.13266666666666693,True
DeepSeek/OFF,s216-rank6-d0-pos0,216,s216-rank6,mismatched,0,True,long,False,0.181875,True
DeepSeek/OFF,s216-rank6-d0-pos1,216,s216-rank6,accurate,0,True,default,False,0.04200000000000004,True
DeepSeek/OFF,s216-rank6-d0-pos1,216,s216-rank6,accurate,0,True,noise01,False,0.024375000000000036,True
DeepSeek/OFF,s216-rank6-d0-pos1,216,s216-rank6,accurate,0,True,long,False,0.06552083333333347,True
DeepSeek/OFF,s216-rank6-d0-pos2,216,s216-rank6,score,0,True,default,False,0.019875000000000087,False
DeepSeek/OFF,s216-rank6-d0-pos2,216,s216-rank6,score,0,True,noise01,False,0.0025000000000001688,False
DeepSeek/OFF,s216-rank6-d0-pos2,216,s216-rank6,score,0,True,long,False,0.04222916666666676,False
DeepSeek/OFF,s216-rank6-d0-pos3,216,s216-rank6,background,0,True,default,False,0.008041666666666725,False
DeepSeek/OFF,s216-rank6-d0-pos3,216,s216-rank6,background,0,True,noise01,False,-0.0016249999999997655,False
DeepSeek/OFF,s216-rank6-d0-pos3,216,s216-rank6,background,0,True,long,False,0.0433958333333333,False
DeepSeek/OFF,s216-rank6-d0-pos4,216,s216-rank6,cooperation,0,True,default,False,0.043333333333333446,False
DeepSeek/OFF,s216-rank6-d0-pos4,216,s216-rank6,cooperation,0,True,noise01,False,0.021375000000000366,False
DeepSeek/OFF,s216-rank6-d0-pos4,216,s216-rank6,cooperation,0,True,long,False,0.048687499999999995,False
DeepSeek/OFF,s210-rank1-d1-pos0,210,s210-rank1,background,1,True,default,False,-0.10483333333333356,False
DeepSeek/OFF,s210-rank1-d1-pos0,210,s210-rank1,background,1,True,noise01,False,-0.09720833333333334,False
DeepSeek/OFF,s210-rank1-d1-pos0,210,s210-rank1,background,1,True,long,False,-0.1591666666666669,False
DeepSeek/OFF,s210-rank1-d1-pos1,210,s210-rank1,score,1,True,default,False,-0.028041666666666742,False
DeepSeek/OFF,s210-rank1-d1-pos1,210,s210-rank1,score,1,True,noise01,False,-0.03216666666666668,False
DeepSeek/OFF,s210-rank1-d1-pos1,210,s210-rank1,score,1,True,long,False,-0.02531249999999985,False
DeepSeek/OFF,s210-rank1-d1-pos2,210,s210-rank1,cooperation,1,True,default,False,-0.009291666666666698,True
DeepSeek/OFF,s210-rank1-d1-pos2,210,s210-rank1,cooperation,1,True,noise01,False,-0.04220833333333318,True
DeepSeek/OFF,s210-rank1-d1-pos2,210,s210-rank1,cooperation,1,True,long,False,-0.018999999999999906,True
DeepSeek/OFF,s210-rank1-d1-pos3,210,s210-rank1,accurate,1,True,default,False,-0.04691666666666694,False
DeepSeek/OFF,s210-rank1-d1-pos3,210,s210-rank1,accurate,1,True,noise01,False,-0.07850000000000001,False
DeepSeek/OFF,s210-rank1-d1-pos3,210,s210-rank1,accurate,1,True,long,False,-0.05860416666666679,False
DeepSeek/OFF,s210-rank1-d1-pos4,210,s210-rank1,mismatched,1,True,default,False,0.026708333333333112,True
DeepSeek/OFF,s210-rank1-d1-pos4,210,s210-rank1,mismatched,1,True,noise01,False,0.019291666666666707,True
DeepSeek/OFF,s210-rank1-d1-pos4,210,s210-rank1,mismatched,1,True,long,False,-0.005937499999999929,True
DeepSeek/OFF,s211-rank3-d0-pos0,211,s211-rank3,mismatched,0,True,default,False,-0.05283333333333329,False
DeepSeek/OFF,s211-rank3-d0-pos0,211,s211-rank3,mismatched,0,True,noise01,False,-0.014958333333333407,False
DeepSeek/OFF,s211-rank3-d0-pos0,211,s211-rank3,mismatched,0,True,long,False,-0.06164583333333362,False
DeepSeek/OFF,s211-rank3-d0-pos1,211,s211-rank3,accurate,0,True,default,False,-0.026708333333333112,False
DeepSeek/OFF,s211-rank3-d0-pos1,211,s211-rank3,accurate,0,True,noise01,False,0.011583333333333279,False
DeepSeek/OFF,s211-rank3-d0-pos1,211,s211-rank3,accurate,0,True,long,False,0.005145833333333183,False
DeepSeek/OFF,s211-rank3-d0-pos2,211,s211-rank3,cooperation,0,True,default,False,0.03141666666666687,False
DeepSeek/OFF,s211-rank3-d0-pos2,211,s211-rank3,cooperation,0,True,noise01,False,0.06966666666666654,False
DeepSeek/OFF,s211-rank3-d0-pos2,211,s211-rank3,cooperation,0,True,long,False,0.0474374999999998,False
DeepSeek/OFF,s211-rank3-d0-pos3,211,s211-rank3,score,0,True,default,False,-0.01229166666666659,False
DeepSeek/OFF,s211-rank3-d0-pos3,211,s211-rank3,score,0,True,noise01,False,0.005833333333333357,False
DeepSeek/OFF,s211-rank3-d0-pos3,211,s211-rank3,score,0,True,long,False,0.0060833333333332185,False
DeepSeek/OFF,s211-rank3-d0-pos4,211,s211-rank3,background,0,True,default,False,0.014416666666666744,False
DeepSeek/OFF,s211-rank3-d0-pos4,211,s211-rank3,background,0,True,noise01,False,0.04875000000000007,False
DeepSeek/OFF,s211-rank3-d0-pos4,211,s211-rank3,background,0,True,long,False,0.034604166666666325,False
DeepSeek/OFF,s204-rank3-d1-pos0,204,s204-rank3,score,1,True,default,False,-0.022083333333333233,False
DeepSeek/OFF,s204-rank3-d1-pos0,204,s204-rank3,score,1,True,noise01,False,-0.002958333333333396,False
DeepSeek/OFF,s204-rank3-d1-pos0,204,s204-rank3,score,1,True,long,False,0.013479166666666709,False
DeepSeek/OFF,s204-rank3-d1-pos1,204,s204-rank3,mismatched,1,True,default,False,0.014666666666666606,False
DeepSeek/OFF,s204-rank3-d1-pos1,204,s204-rank3,mismatched,1,True,noise01,False,0.02445833333333325,False
DeepSeek/OFF,s204-rank3-d1-pos1,204,s204-rank3,mismatched,1,True,long,False,0.04558333333333353,False
DeepSeek/OFF,s204-rank3-d1-pos2,204,s204-rank3,cooperation,1,True,default,False,0.013166666666666549,True
DeepSeek/OFF,s204-rank3-d1-pos2,204,s204-rank3,cooperation,1,True,noise01,False,0.0173333333333332,True
DeepSeek/OFF,s204-rank3-d1-pos2,204,s204-rank3,cooperation,1,True,long,False,0.01387499999999986,True
DeepSeek/OFF,s204-rank3-d1-pos3,204,s204-rank3,accurate,1,True,default,False,0.008208333333333595,True
DeepSeek/OFF,s204-rank3-d1-pos3,204,s204-rank3,accurate,1,True,noise01,False,0.011083333333333112,True
DeepSeek/OFF,s204-rank3-d1-pos3,204,s204-rank3,accurate,1,True,long,False,0.01175000000000015,True
DeepSeek/OFF,s204-rank3-d1-pos4,204,s204-rank3,background,1,True,default,False,-0.01458333333333317,False
DeepSeek/OFF,s204-rank3-d1-pos4,204,s204-rank3,background,1,True,noise01,False,-0.011333333333333417,False
DeepSeek/OFF,s204-rank3-d1-pos4,204,s204-rank3,background,1,True,long,False,0.009000000000000119,False
DeepSeek/OFF,s217-rank6-d1-pos0,217,s217-rank6,accurate,1,True,default,False,-0.02662500000000012,False
DeepSeek/OFF,s217-rank6-d1-pos0,217,s217-rank6,accurate,1,True,noise01,False,-0.03849999999999998,False
DeepSeek/OFF,s217-rank6-d1-pos0,217,s217-rank6,accurate,1,True,long,False,0.09231250000000002,False
DeepSeek/OFF,s217-rank6-d1-pos1,217,s217-rank6,mismatched,1,True,default,False,0.0007083333333335329,False
DeepSeek/OFF,s217-rank6-d1-pos1,217,s217-rank6,mismatched,1,True,noise01,False,-0.025499999999999856,False
DeepSeek/OFF,s217-rank6-d1-pos1,217,s217-rank6,mismatched,1,True,long,False,0.08920833333333333,False
DeepSeek/OFF,s217-rank6-d1-pos2,217,s217-rank6,cooperation,1,True,default,False,0.020874999999999977,True
DeepSeek/OFF,s217-rank6-d1-pos2,217,s217-rank6,cooperation,1,True,noise01,False,0.018000000000000238,True
DeepSeek/OFF,s217-rank6-d1-pos2,217,s217-rank6,cooperation,1,True,long,False,0.1039374999999998,True
DeepSeek/OFF,s217-rank6-d1-pos3,217,s217-rank6,background,1,True,default,False,0.02820833333333339,True
DeepSeek/OFF,s217-rank6-d1-pos3,217,s217-rank6,background,1,True,noise01,False,0.013416666666666854,True
DeepSeek/OFF,s217-rank6-d1-pos3,217,s217-rank6,background,1,True,long,True,0.0,True
DeepSeek/OFF,s217-rank6-d1-pos4,217,s217-rank6,score,1,True,default,False,0.01908333333333334,False
DeepSeek/OFF,s217-rank6-d1-pos4,217,s217-rank6,score,1,True,noise01,False,-0.011083333333333112,False
DeepSeek/OFF,s217-rank6-d1-pos4,217,s217-rank6,score,1,True,long,False,0.09177083333333313,False
DeepSeek/OFF,s215-rank6-d0-pos0,215,s215-rank6,background,0,True,default,False,0.17366666666666664,True
DeepSeek/OFF,s215-rank6-d0-pos0,215,s215-rank6,background,0,True,noise01,False,0.18191666666666673,True
DeepSeek/OFF,s215-rank6-d0-pos0,215,s215-rank6,background,0,True,long,False,0.15827083333333314,True
DeepSeek/OFF,s215-rank6-d0-pos1,215,s215-rank6,accurate,0,True,default,False,0.13016666666666676,False
DeepSeek/OFF,s215-rank6-d0-pos1,215,s215-rank6,accurate,0,True,noise01,False,0.1419999999999999,False
DeepSeek/OFF,s215-rank6-d0-pos1,215,s215-rank6,accurate,0,True,long,False,0.1358541666666666,False
DeepSeek/OFF,s215-rank6-d0-pos2,215,s215-rank6,mismatched,0,True,default,False,0.17304166666666676,True
DeepSeek/OFF,s215-rank6-d0-pos2,215,s215-rank6,mismatched,0,True,noise01,False,0.18858333333333355,True
DeepSeek/OFF,s215-rank6-d0-pos2,215,s215-rank6,mismatched,0,True,long,False,0.17731249999999998,True
DeepSeek/OFF,s215-rank6-d0-pos3,215,s215-rank6,cooperation,0,True,default,False,0.1905000000000001,False
DeepSeek/OFF,s215-rank6-d0-pos3,215,s215-rank6,cooperation,0,True,noise01,False,0.20391666666666675,False
DeepSeek/OFF,s215-rank6-d0-pos3,215,s215-rank6,cooperation,0,True,long,False,0.20185416666666667,False
DeepSeek/OFF,s215-rank6-d0-pos4,215,s215-rank6,score,0,True,default,False,0.12120833333333336,True
DeepSeek/OFF,s215-rank6-d0-pos4,215,s215-rank6,score,0,True,noise01,False,0.17391666666666672,True
DeepSeek/OFF,s215-rank6-d0-pos4,215,s215-rank6,score,0,True,long,False,0.1757708333333332,True
DeepSeek/OFF,s200-rank1-d0-pos0,200,s200-rank1,mismatched,0,True,default,False,-0.04120833333333351,False
DeepSeek/OFF,s200-rank1-d0-pos0,200,s200-rank1,mismatched,0,True,noise01,False,-0.030000000000000027,False
DeepSeek/OFF,s200-rank1-d0-pos0,200,s200-rank1,mismatched,0,True,long,False,-0.02750000000000008,False
DeepSeek/OFF,s200-rank1-d0-pos1,200,s200-rank1,background,0,True,default,False,-0.024708333333333332,True
DeepSeek/OFF,s200-rank1-d0-pos1,200,s200-rank1,background,0,True,noise01,False,-0.016124999999999723,True
DeepSeek/OFF,s200-rank1-d0-pos1,200,s200-rank1,background,0,True,long,False,-0.019729166666666575,True
DeepSeek/OFF,s200-rank1-d0-pos2,200,s200-rank1,cooperation,0,True,default,False,0.00550000000000006,True
DeepSeek/OFF,s200-rank1-d0-pos2,200,s200-rank1,cooperation,0,True,noise01,False,0.019583333333333508,True
DeepSeek/OFF,s200-rank1-d0-pos2,200,s200-rank1,cooperation,0,True,long,False,-0.0003333333333332966,True
DeepSeek/OFF,s200-rank1-d0-pos3,200,s200-rank1,accurate,0,False,default,True,0.0,False
DeepSeek/OFF,s200-rank1-d0-pos3,200,s200-rank1,accurate,0,False,noise01,True,0.0,False
DeepSeek/OFF,s200-rank1-d0-pos3,200,s200-rank1,accurate,0,False,long,True,0.0,False
DeepSeek/OFF,s200-rank1-d0-pos4,200,s200-rank1,score,0,True,default,False,0.00024999999999986144,True
DeepSeek/OFF,s200-rank1-d0-pos4,200,s200-rank1,score,0,True,noise01,False,0.0,True
DeepSeek/OFF,s200-rank1-d0-pos4,200,s200-rank1,score,0,True,long,False,0.02187500000000009,True
DeepSeek/OFF,s218-rank1-d0-pos0,218,s218-rank1,cooperation,0,True,default,False,-0.03512499999999985,True
DeepSeek/OFF,s218-rank1-d0-pos0,218,s218-rank1,cooperation,0,True,noise01,False,-0.03691666666666671,True
DeepSeek/OFF,s218-rank1-d0-pos0,218,s218-rank1,cooperation,0,True,long,False,0.010000000000000009,True
DeepSeek/OFF,s218-rank1-d0-pos1,218,s218-rank1,accurate,0,True,default,False,-0.023083333333333345,False
DeepSeek/OFF,s218-rank1-d0-pos1,218,s218-rank1,accurate,0,True,noise01,False,-0.0372916666666665,False
DeepSeek/OFF,s218-rank1-d0-pos1,218,s218-rank1,accurate,0,True,long,False,0.04247916666666662,False
DeepSeek/OFF,s218-rank1-d0-pos2,218,s218-rank1,score,0,True,default,False,-0.04699999999999971,True
DeepSeek/OFF,s218-rank1-d0-pos2,218,s218-rank1,score,0,True,noise01,False,-0.04033333333333311,True
DeepSeek/OFF,s218-rank1-d0-pos2,218,s218-rank1,score,0,True,long,False,-0.02210416666666637,True
DeepSeek/OFF,s218-rank1-d0-pos3,218,s218-rank1,mismatched,0,True,default,False,-0.008916666666666462,False
DeepSeek/OFF,s218-rank1-d0-pos3,218,s218-rank1,mismatched,0,True,noise01,False,-0.01658333333333295,False
DeepSeek/OFF,s218-rank1-d0-pos3,218,s218-rank1,mismatched,0,True,long,False,0.08354166666666663,False
DeepSeek/OFF,s218-rank1-d0-pos4,218,s218-rank1,background,0,True,default,False,0.004333333333333522,True
DeepSeek/OFF,s218-rank1-d0-pos4,218,s218-rank1,background,0,True,noise01,False,-0.011499999999999844,True
DeepSeek/OFF,s218-rank1-d0-pos4,218,s218-rank1,background,0,True,long,False,0.09672916666666675,True
DeepSeek/OFF,s219-rank1-d1-pos0,219,s219-rank1,accurate,1,True,default,False,0.06195833333333334,False
DeepSeek/OFF,s219-rank1-d1-pos0,219,s219-rank1,accurate,1,True,noise01,False,0.06591666666666685,False
DeepSeek/OFF,s219-rank1-d1-pos0,219,s219-rank1,accurate,1,True,long,False,0.04747916666666652,False
DeepSeek/OFF,s219-rank1-d1-pos1,219,s219-rank1,score,1,True,default,False,0.027750000000000163,True
DeepSeek/OFF,s219-rank1-d1-pos1,219,s219-rank1,score,1,True,noise01,False,0.01245833333333346,True
DeepSeek/OFF,s219-rank1-d1-pos1,219,s219-rank1,score,1,True,long,False,0.0009166666666666767,True
DeepSeek/OFF,s219-rank1-d1-pos2,219,s219-rank1,cooperation,1,True,default,False,0.03908333333333336,True
DeepSeek/OFF,s219-rank1-d1-pos2,219,s219-rank1,cooperation,1,True,noise01,False,0.04308333333333336,True
DeepSeek/OFF,s219-rank1-d1-pos2,219,s219-rank1,cooperation,1,True,long,False,0.022166666666666668,True
DeepSeek/OFF,s219-rank1-d1-pos3,219,s219-rank1,background,1,True,default,False,0.008166666666666655,False
DeepSeek/OFF,s219-rank1-d1-pos3,219,s219-rank1,background,1,True,noise01,False,0.016833333333333478,False
DeepSeek/OFF,s219-rank1-d1-pos3,219,s219-rank1,background,1,True,long,False,-0.011833333333333362,False
DeepSeek/OFF,s219-rank1-d1-pos4,219,s219-rank1,mismatched,1,True,default,False,0.05066666666666664,True
DeepSeek/OFF,s219-rank1-d1-pos4,219,s219-rank1,mismatched,1,True,noise01,False,0.048875000000000224,True
DeepSeek/OFF,s219-rank1-d1-pos4,219,s219-rank1,mismatched,1,True,long,False,0.022520833333333323,True
DeepSeek/OFF,s214-rank3-d1-pos0,214,s214-rank3,mismatched,1,True,default,False,-0.0318750000000001,False
DeepSeek/OFF,s214-rank3-d1-pos0,214,s214-rank3,mismatched,1,True,noise01,False,-0.02370833333333322,False
DeepSeek/OFF,s214-rank3-d1-pos0,214,s214-rank3,mismatched,1,True,long,False,-0.059541666666666826,False
DeepSeek/OFF,s214-rank3-d1-pos1,214,s214-rank3,background,1,True,default,False,0.026124999999999732,False
DeepSeek/OFF,s214-rank3-d1-pos1,214,s214-rank3,background,1,True,noise01,False,0.034791666666666776,False
DeepSeek/OFF,s214-rank3-d1-pos1,214,s214-rank3,background,1,True,long,False,-0.03747916666666651,False
DeepSeek/OFF,s214-rank3-d1-pos2,214,s214-rank3,accurate,1,True,default,False,0.04966666666666675,True
DeepSeek/OFF,s214-rank3-d1-pos2,214,s214-rank3,accurate,1,True,noise01,False,0.05212499999999998,True
DeepSeek/OFF,s214-rank3-d1-pos2,214,s214-rank3,accurate,1,True,long,False,-0.021312499999999845,True
DeepSeek/OFF,s214-rank3-d1-pos3,214,s214-rank3,score,1,True,default,False,-0.05716666666666659,False
DeepSeek/OFF,s214-rank3-d1-pos3,214,s214-rank3,score,1,True,noise01,False,-0.045458333333333156,False
DeepSeek/OFF,s214-rank3-d1-pos3,214,s214-rank3,score,1,True,long,False,-0.08768750000000014,False
DeepSeek/OFF,s214-rank3-d1-pos4,214,s214-rank3,cooperation,1,True,default,False,0.06520833333333331,True
DeepSeek/OFF,s214-rank3-d1-pos4,214,s214-rank3,cooperation,1,True,noise01,False,0.05108333333333337,True
DeepSeek/OFF,s214-rank3-d1-pos4,214,s214-rank3,cooperation,1,True,long,False,-0.027291666666666492,True
DeepSeek/OFF,s219-rank3-d0-pos0,219,s219-rank3,accurate,0,True,default,False,0.035166666666666346,False
DeepSeek/OFF,s219-rank3-d0-pos0,219,s219-rank3,accurate,0,True,noise01,False,0.01475000000000004,False
DeepSeek/OFF,s219-rank3-d0-pos0,219,s219-rank3,accurate,0,True,long,False,0.0231458333333332,False
DeepSeek/OFF,s219-rank3-d0-pos1,219,s219-rank3,score,0,True,default,False,-0.019000000000000128,False
DeepSeek/OFF,s219-rank3-d0-pos1,219,s219-rank3,score,0,True,noise01,False,0.0011666666666665382,False
DeepSeek/OFF,s219-rank3-d0-pos1,219,s219-rank3,score,0,True,long,False,-0.03325,False
DeepSeek/OFF,s219-rank3-d0-pos2,219,s219-rank3,cooperation,0,True,default,False,0.007125000000000048,False
DeepSeek/OFF,s219-rank3-d0-pos2,219,s219-rank3,cooperation,0,True,noise01,False,0.0014166666666666217,False
DeepSeek/OFF,s219-rank3-d0-pos2,219,s219-rank3,cooperation,0,True,long,False,-0.01204166666666695,False
DeepSeek/OFF,s219-rank3-d0-pos3,219,s219-rank3,background,0,True,default,False,0.00020833333333314386,False
DeepSeek/OFF,s219-rank3-d0-pos3,219,s219-rank3,background,0,True,noise01,False,-0.01075000000000026,False
DeepSeek/OFF,s219-rank3-d0-pos3,219,s219-rank3,background,0,True,long,False,-0.023500000000000076,False
DeepSeek/OFF,s219-rank3-d0-pos4,219,s219-rank3,mismatched,0,True,default,False,-0.03233333333333355,False
DeepSeek/OFF,s219-rank3-d0-pos4,219,s219-rank3,mismatched,0,True,noise01,False,-0.03233333333333355,False
DeepSeek/OFF,s219-rank3-d0-pos4,219,s219-rank3,mismatched,0,True,long,False,-0.0017500000000001403,False
DeepSeek/OFF,s216-rank1-d1-pos0,216,s216-rank1,mismatched,1,False,default,True,0.0,False
DeepSeek/OFF,s216-rank1-d1-pos0,216,s216-rank1,mismatched,1,False,noise01,True,0.0,False
DeepSeek/OFF,s216-rank1-d1-pos0,216,s216-rank1,mismatched,1,False,long,True,0.0,False
DeepSeek/OFF,s216-rank1-d1-pos1,216,s216-rank1,accurate,1,True,default,False,0.02504166666666663,True
DeepSeek/OFF,s216-rank1-d1-pos1,216,s216-rank1,accurate,1,True,noise01,False,0.01187500000000008,True
DeepSeek/OFF,s216-rank1-d1-pos1,216,s216-rank1,accurate,1,True,long,False,0.04677083333333343,True
DeepSeek/OFF,s216-rank1-d1-pos2,216,s216-rank1,score,1,True,default,False,0.025666666666666726,False
DeepSeek/OFF,s216-rank1-d1-pos2,216,s216-rank1,score,1,True,noise01,False,0.017416666666666636,False
DeepSeek/OFF,s216-rank1-d1-pos2,216,s216-rank1,score,1,True,long,False,0.01579166666666665,False
DeepSeek/OFF,s216-rank1-d1-pos3,216,s216-rank1,background,1,True,default,False,0.04908333333333337,False
DeepSeek/OFF,s216-rank1-d1-pos3,216,s216-rank1,background,1,True,noise01,False,0.021916666666666584,False
DeepSeek/OFF,s216-rank1-d1-pos3,216,s216-rank1,background,1,True,long,False,0.04047916666666662,False
DeepSeek/OFF,s216-rank1-d1-pos4,216,s216-rank1,cooperation,1,True,default,False,0.09562500000000007,True
DeepSeek/OFF,s216-rank1-d1-pos4,216,s216-rank1,cooperation,1,True,noise01,False,0.05337500000000017,True
DeepSeek/OFF,s216-rank1-d1-pos4,216,s216-rank1,cooperation,1,True,long,False,0.06493749999999987,True
DeepSeek/OFF,s201-rank6-d1-pos0,201,s201-rank6,accurate,1,True,default,False,0.0688333333333333,False
DeepSeek/OFF,s201-rank6-d1-pos0,201,s201-rank6,accurate,1,True,noise01,False,0.09091666666666653,False
DeepSeek/OFF,s201-rank6-d1-pos0,201,s201-rank6,accurate,1,True,long,False,0.10320833333333312,False
DeepSeek/OFF,s201-rank6-d1-pos1,201,s201-rank6,cooperation,1,True,default,False,0.11433333333333318,True
DeepSeek/OFF,s201-rank6-d1-pos1,201,s201-rank6,cooperation,1,True,noise01,False,0.11737499999999979,True
DeepSeek/OFF,s201-rank6-d1-pos1,201,s201-rank6,cooperation,1,True,long,False,0.05908333333333338,True
DeepSeek/OFF,s201-rank6-d1-pos2,201,s201-rank6,score,1,True,default,False,0.11487499999999984,True
DeepSeek/OFF,s201-rank6-d1-pos2,201,s201-rank6,score,1,True,noise01,False,0.11566666666666658,True
DeepSeek/OFF,s201-rank6-d1-pos2,201,s201-rank6,score,1,True,long,False,0.10299999999999976,True
DeepSeek/OFF,s201-rank6-d1-pos3,201,s201-rank6,mismatched,1,True,default,False,0.036375000000000046,True
DeepSeek/OFF,s201-rank6-d1-pos3,201,s201-rank6,mismatched,1,True,noise01,False,0.06470833333333315,True
DeepSeek/OFF,s201-rank6-d1-pos3,201,s201-rank6,mismatched,1,True,long,False,0.0323333333333331,True
DeepSeek/OFF,s201-rank6-d1-pos4,201,s201-rank6,background,1,True,default,False,0.11933333333333307,True
DeepSeek/OFF,s201-rank6-d1-pos4,201,s201-rank6,background,1,True,noise01,False,0.11258333333333326,True
DeepSeek/OFF,s201-rank6-d1-pos4,201,s201-rank6,background,1,True,long,False,0.08037499999999986,True
DeepSeek/OFF,s204-rank6-d1-pos0,204,s204-rank6,score,1,True,default,False,0.08204166666666657,False
DeepSeek/OFF,s204-rank6-d1-pos0,204,s204-rank6,score,1,True,noise01,False,0.07333333333333347,False
DeepSeek/OFF,s204-rank6-d1-pos0,204,s204-rank6,score,1,True,long,False,0.08579166666666693,False
DeepSeek/OFF,s204-rank6-d1-pos1,204,s204-rank6,mismatched,1,True,default,False,0.08029166666666665,True
DeepSeek/OFF,s204-rank6-d1-pos1,204,s204-rank6,mismatched,1,True,noise01,False,0.0890833333333334,True
DeepSeek/OFF,s204-rank6-d1-pos1,204,s204-rank6,mismatched,1,True,long,False,0.07235416666666694,True
DeepSeek/OFF,s204-rank6-d1-pos2,204,s204-rank6,cooperation,1,True,default,False,0.08166666666666655,True
DeepSeek/OFF,s204-rank6-d1-pos2,204,s204-rank6,cooperation,1,True,noise01,False,0.08295833333333347,True
DeepSeek/OFF,s204-rank6-d1-pos2,204,s204-rank6,cooperation,1,True,long,False,0.0011250000000002647,True
DeepSeek/OFF,s204-rank6-d1-pos3,204,s204-rank6,accurate,1,True,default,False,-0.03762500000000024,False
DeepSeek/OFF,s204-rank6-d1-pos3,204,s204-rank6,accurate,1,True,noise01,False,-0.029625000000000012,False
DeepSeek/OFF,s204-rank6-d1-pos3,204,s204-rank6,accurate,1,True,long,False,-0.0450416666666662,False
DeepSeek/OFF,s204-rank6-d1-pos4,204,s204-rank6,background,1,True,default,False,0.08787499999999993,False
DeepSeek/OFF,s204-rank6-d1-pos4,204,s204-rank6,background,1,True,noise01,False,0.08387499999999992,False
DeepSeek/OFF,s204-rank6-d1-pos4,204,s204-rank6,background,1,True,long,False,0.08831250000000024,False
DeepSeek/OFF,s205-rank6-d1-pos0,205,s205-rank6,mismatched,1,True,default,False,-0.12141666666666673,False
DeepSeek/OFF,s205-rank6-d1-pos0,205,s205-rank6,mismatched,1,True,noise01,False,-0.11520833333333313,False
DeepSeek/OFF,s205-rank6-d1-pos0,205,s205-rank6,mismatched,1,True,long,False,-0.1018958333333333,False
DeepSeek/OFF,s205-rank6-d1-pos1,205,s205-rank6,score,1,True,default,False,-0.09254166666666674,False
DeepSeek/OFF,s205-rank6-d1-pos1,205,s205-rank6,score,1,True,noise01,False,-0.0824583333333333,False
DeepSeek/OFF,s205-rank6-d1-pos1,205,s205-rank6,score,1,True,long,False,-0.1298958333333331,False
DeepSeek/OFF,s205-rank6-d1-pos2,205,s205-rank6,background,1,True,default,False,-0.034666666666666845,True
DeepSeek/OFF,s205-rank6-d1-pos2,205,s205-rank6,background,1,True,noise01,False,-0.02329166666666649,True
DeepSeek/OFF,s205-rank6-d1-pos2,205,s205-rank6,background,1,True,long,False,-0.078125,True
DeepSeek/OFF,s205-rank6-d1-pos3,205,s205-rank6,accurate,1,True,default,False,-0.04741666666666666,False
DeepSeek/OFF,s205-rank6-d1-pos3,205,s205-rank6,accurate,1,True,noise01,False,-0.03249999999999997,False
DeepSeek/OFF,s205-rank6-d1-pos3,205,s205-rank6,accurate,1,True,long,False,-0.035083333333333355,False
DeepSeek/OFF,s205-rank6-d1-pos4,205,s205-rank6,cooperation,1,False,default,True,0.0,False
DeepSeek/OFF,s205-rank6-d1-pos4,205,s205-rank6,cooperation,1,False,noise01,True,0.0,False
DeepSeek/OFF,s205-rank6-d1-pos4,205,s205-rank6,cooperation,1,False,long,True,0.0,False
DeepSeek/OFF,s205-rank1-d1-pos0,205,s205-rank1,mismatched,1,True,default,False,0.012624999999999886,True
DeepSeek/OFF,s205-rank1-d1-pos0,205,s205-rank1,mismatched,1,True,noise01,False,-0.003750000000000142,True
DeepSeek/OFF,s205-rank1-d1-pos0,205,s205-rank1,mismatched,1,True,long,False,0.11731249999999993,True
DeepSeek/OFF,s205-rank1-d1-pos1,205,s205-rank1,score,1,True,default,False,-0.03129166666666694,False
DeepSeek/OFF,s205-rank1-d1-pos1,205,s205-rank1,score,1,True,noise01,False,-0.025708333333333222,False
DeepSeek/OFF,s205-rank1-d1-pos1,205,s205-rank1,score,1,True,long,False,-0.038291666666666835,False
DeepSeek/OFF,s205-rank1-d1-pos2,205,s205-rank1,background,1,True,default,False,-0.029333333333333433,True
DeepSeek/OFF,s205-rank1-d1-pos2,205,s205-rank1,background,1,True,noise01,False,-0.013375000000000137,True
DeepSeek/OFF,s205-rank1-d1-pos2,205,s205-rank1,background,1,True,long,False,-0.04037499999999983,True
DeepSeek/OFF,s205-rank1-d1-pos3,205,s205-rank1,accurate,1,True,default,False,-0.0073750000000001315,True
DeepSeek/OFF,s205-rank1-d1-pos3,205,s205-rank1,accurate,1,True,noise01,False,0.002958333333333174,True
DeepSeek/OFF,s205-rank1-d1-pos3,205,s205-rank1,accurate,1,True,long,False,-0.01618750000000002,True
DeepSeek/OFF,s205-rank1-d1-pos4,205,s205-rank1,cooperation,1,True,default,False,-0.08437500000000009,False
DeepSeek/OFF,s205-rank1-d1-pos4,205,s205-rank1,cooperation,1,True,noise01,False,-0.06366666666666676,False
DeepSeek/OFF,s205-rank1-d1-pos4,205,s205-rank1,cooperation,1,True,long,False,-0.11497916666666663,False
DeepSeek/OFF,s206-rank1-d1-pos0,206,s206-rank1,cooperation,1,True,default,False,-0.0014583333333333393,False
DeepSeek/OFF,s206-rank1-d1-pos0,206,s206-rank1,cooperation,1,True,noise01,False,0.0027083333333335347,False
DeepSeek/OFF,s206-rank1-d1-pos0,206,s206-rank1,cooperation,1,True,long,False,-0.0216666666666665,False
DeepSeek/OFF,s206-rank1-d1-pos1,206,s206-rank1,background,1,True,default,False,0.006833333333333469,True
DeepSeek/OFF,s206-rank1-d1-pos1,206,s206-rank1,background,1,True,noise01,False,0.00158333333333327,True
DeepSeek/OFF,s206-rank1-d1-pos1,206,s206-rank1,background,1,True,long,False,-0.026708333333333112,True
DeepSeek/OFF,s206-rank1-d1-pos2,206,s206-rank1,accurate,1,True,default,False,0.020333333333333314,False
DeepSeek/OFF,s206-rank1-d1-pos2,206,s206-rank1,accurate,1,True,noise01,False,0.01333333333333342,False
DeepSeek/OFF,s206-rank1-d1-pos2,206,s206-rank1,accurate,1,True,long,False,-0.01345833333333335,False
DeepSeek/OFF,s206-rank1-d1-pos3,206,s206-rank1,mismatched,1,True,default,False,-0.06937499999999996,False
DeepSeek/OFF,s206-rank1-d1-pos3,206,s206-rank1,mismatched,1,True,noise01,False,-0.07066666666666666,False
DeepSeek/OFF,s206-rank1-d1-pos3,206,s206-rank1,mismatched,1,True,long,False,-0.05581249999999982,False
DeepSeek/OFF,s206-rank1-d1-pos4,206,s206-rank1,score,1,True,default,False,0.06041666666666656,True
DeepSeek/OFF,s206-rank1-d1-pos4,206,s206-rank1,score,1,True,noise01,False,0.04724999999999979,True
DeepSeek/OFF,s206-rank1-d1-pos4,206,s206-rank1,score,1,True,long,False,-0.047499999999999876,True
DeepSeek/OFF,s212-rank6-d1-pos0,212,s212-rank6,accurate,1,True,default,False,-0.10133333333333328,False
DeepSeek/OFF,s212-rank6-d1-pos0,212,s212-rank6,accurate,1,True,noise01,False,-0.062124999999999986,False
DeepSeek/OFF,s212-rank6-d1-pos0,212,s212-rank6,accurate,1,True,long,False,-0.08902083333333333,False
DeepSeek/OFF,s212-rank6-d1-pos1,212,s212-rank6,score,1,True,default,False,-0.10929166666666634,False
DeepSeek/OFF,s212-rank6-d1-pos1,212,s212-rank6,score,1,True,noise01,False,-0.06874999999999987,False
DeepSeek/OFF,s212-rank6-d1-pos1,212,s212-rank6,score,1,True,long,False,-0.07285416666666689,False
DeepSeek/OFF,s212-rank6-d1-pos2,212,s212-rank6,mismatched,1,True,default,False,-0.015833333333333366,True
DeepSeek/OFF,s212-rank6-d1-pos2,212,s212-rank6,mismatched,1,True,noise01,False,0.0013750000000001261,True
DeepSeek/OFF,s212-rank6-d1-pos2,212,s212-rank6,mismatched,1,True,long,False,-0.051729166666666826,True
DeepSeek/OFF,s212-rank6-d1-pos3,212,s212-rank6,background,1,True,default,False,-0.06441666666666657,False
DeepSeek/OFF,s212-rank6-d1-pos3,212,s212-rank6,background,1,True,noise01,False,-0.0372916666666665,False
DeepSeek/OFF,s212-rank6-d1-pos3,212,s212-rank6,background,1,True,long,False,-0.08147916666666677,False
DeepSeek/OFF,s212-rank6-d1-pos4,212,s212-rank6,cooperation,1,True,default,False,-0.060083333333333266,True
DeepSeek/OFF,s212-rank6-d1-pos4,212,s212-rank6,cooperation,1,True,noise01,False,-0.01891666666666647,True
DeepSeek/OFF,s212-rank6-d1-pos4,212,s212-rank6,cooperation,1,True,long,False,-0.061854166666666544,True
DeepSeek/OFF,s217-rank1-d1-pos0,217,s217-rank1,accurate,1,True,default,False,-0.05312499999999987,False
DeepSeek/OFF,s217-rank1-d1-pos0,217,s217-rank1,accurate,1,True,noise01,False,-0.06095833333333345,False
DeepSeek/OFF,s217-rank1-d1-pos0,217,s217-rank1,accurate,1,True,long,False,-0.029979166666666668,False
DeepSeek/OFF,s217-rank1-d1-pos1,217,s217-rank1,mismatched,1,True,default,False,-0.03270833333333334,True
DeepSeek/OFF,s217-rank1-d1-pos1,217,s217-rank1,mismatched,1,True,noise01,False,-0.018833333333333258,True
DeepSeek/OFF,s217-rank1-d1-pos1,217,s217-rank1,mismatched,1,True,long,False,-0.008937500000000043,True
DeepSeek/OFF,s217-rank1-d1-pos2,217,s217-rank1,cooperation,1,True,default,False,-0.030916666666666703,False
DeepSeek/OFF,s217-rank1-d1-pos2,217,s217-rank1,cooperation,1,True,noise01,False,-0.03137500000000015,False
DeepSeek/OFF,s217-rank1-d1-pos2,217,s217-rank1,cooperation,1,True,long,False,-0.013687500000000075,False
DeepSeek/OFF,s217-rank1-d1-pos3,217,s217-rank1,background,1,True,default,False,-0.09275000000000011,False
DeepSeek/OFF,s217-rank1-d1-pos3,217,s217-rank1,background,1,True,noise01,False,-0.0717500000000002,False
DeepSeek/OFF,s217-rank1-d1-pos3,217,s217-rank1,background,1,True,long,False,-0.03656250000000005,False
DeepSeek/OFF,s217-rank1-d1-pos4,217,s217-rank1,score,1,True,default,False,-0.040291666666666615,False
DeepSeek/OFF,s217-rank1-d1-pos4,217,s217-rank1,score,1,True,noise01,False,-0.030500000000000194,False
DeepSeek/OFF,s217-rank1-d1-pos4,217,s217-rank1,score,1,True,long,False,-0.018416666666666748,False
DeepSeek/OFF,s214-rank6-d0-pos0,214,s214-rank6,mismatched,0,True,default,False,0.12495833333333328,True
DeepSeek/OFF,s214-rank6-d0-pos0,214,s214-rank6,mismatched,0,True,noise01,False,0.08520833333333333,True
DeepSeek/OFF,s214-rank6-d0-pos0,214,s214-rank6,mismatched,0,True,long,False,0.08291666666666653,True
DeepSeek/OFF,s214-rank6-d0-pos1,214,s214-rank6,background,0,True,default,False,0.09733333333333327,False
DeepSeek/OFF,s214-rank6-d0-pos1,214,s214-rank6,background,0,True,noise01,False,0.07445833333333307,False
DeepSeek/OFF,s214-rank6-d0-pos1,214,s214-rank6,background,0,True,long,False,0.07683333333333331,False
DeepSeek/OFF,s214-rank6-d0-pos2,214,s214-rank6,accurate,0,True,default,False,0.11845833333333333,True
DeepSeek/OFF,s214-rank6-d0-pos2,214,s214-rank6,accurate,0,True,noise01,False,0.07499999999999996,True
DeepSeek/OFF,s214-rank6-d0-pos2,214,s214-rank6,accurate,0,True,long,False,0.10979166666666651,True
DeepSeek/OFF,s214-rank6-d0-pos3,214,s214-rank6,score,0,True,default,False,0.09299999999999997,True
DeepSeek/OFF,s214-rank6-d0-pos3,214,s214-rank6,score,0,True,noise01,False,0.07712499999999989,True
DeepSeek/OFF,s214-rank6-d0-pos3,214,s214-rank6,score,0,True,long,False,0.08397916666666672,True
DeepSeek/OFF,s214-rank6-d0-pos4,214,s214-rank6,cooperation,0,True,default,False,0.0718333333333332,True
DeepSeek/OFF,s214-rank6-d0-pos4,214,s214-rank6,cooperation,0,True,noise01,False,0.0621666666666667,True
DeepSeek/OFF,s214-rank6-d0-pos4,214,s214-rank6,cooperation,0,True,long,False,0.08231249999999979,True
DeepSeek/OFF,s214-rank1-d0-pos0,214,s214-rank1,mismatched,0,True,default,False,-0.021999999999999797,False
DeepSeek/OFF,s214-rank1-d0-pos0,214,s214-rank1,mismatched,0,True,noise01,False,0.00691666666666646,False
DeepSeek/OFF,s214-rank1-d0-pos0,214,s214-rank1,mismatched,0,True,long,False,-0.04249999999999998,False
DeepSeek/OFF,s214-rank1-d0-pos1,214,s214-rank1,background,0,True,default,False,0.021666666666666945,False
DeepSeek/OFF,s214-rank1-d0-pos1,214,s214-rank1,background,0,True,noise01,False,0.009333333333332972,False
DeepSeek/OFF,s214-rank1-d0-pos1,214,s214-rank1,background,0,True,long,False,-0.007541666666666558,False
DeepSeek/OFF,s214-rank1-d0-pos2,214,s214-rank1,accurate,0,True,default,False,0.019166666666666776,True
DeepSeek/OFF,s214-rank1-d0-pos2,214,s214-rank1,accurate,0,True,noise01,False,0.01791666666666636,True
DeepSeek/OFF,s214-rank1-d0-pos2,214,s214-rank1,accurate,0,True,long,False,-0.01837500000000003,True
DeepSeek/OFF,s214-rank1-d0-pos3,214,s214-rank1,score,0,True,default,False,0.05266666666666686,True
DeepSeek/OFF,s214-rank1-d0-pos3,214,s214-rank1,score,0,True,noise01,False,0.05162500000000003,True
DeepSeek/OFF,s214-rank1-d0-pos3,214,s214-rank1,score,0,True,long,False,-0.006979166666666536,True
DeepSeek/OFF,s214-rank1-d0-pos4,214,s214-rank1,cooperation,0,True,default,False,0.026125000000000176,False
DeepSeek/OFF,s214-rank1-d0-pos4,214,s214-rank1,cooperation,0,True,noise01,False,0.025958333333333083,False
DeepSeek/OFF,s214-rank1-d0-pos4,214,s214-rank1,cooperation,0,True,long,False,-0.008625000000000105,False
DeepSeek/ON,s206-rank6-d1-pos0,206,s206-rank6,cooperation,1,True,default,False,0.11237500000000011,True
DeepSeek/ON,s206-rank6-d1-pos0,206,s206-rank6,cooperation,1,True,noise01,False,0.10924999999999985,True
DeepSeek/ON,s206-rank6-d1-pos0,206,s206-rank6,cooperation,1,True,long,False,0.05743750000000003,True
DeepSeek/ON,s206-rank6-d1-pos1,206,s206-rank6,background,1,True,default,False,0.16954166666666648,True
DeepSeek/ON,s206-rank6-d1-pos1,206,s206-rank6,background,1,True,noise01,False,0.17033333333333323,True
DeepSeek/ON,s206-rank6-d1-pos1,206,s206-rank6,background,1,True,long,False,0.0951875000000002,True
DeepSeek/ON,s206-rank6-d1-pos2,206,s206-rank6,accurate,1,True,default,False,0.10137499999999977,False
DeepSeek/ON,s206-rank6-d1-pos2,206,s206-rank6,accurate,1,True,noise01,False,0.061541666666666384,False
DeepSeek/ON,s206-rank6-d1-pos2,206,s206-rank6,accurate,1,True,long,False,0.05120833333333352,False
DeepSeek/ON,s206-rank6-d1-pos3,206,s206-rank6,mismatched,1,True,default,False,0.1317499999999998,True
DeepSeek/ON,s206-rank6-d1-pos3,206,s206-rank6,mismatched,1,True,noise01,False,0.13683333333333314,True
DeepSeek/ON,s206-rank6-d1-pos3,206,s206-rank6,mismatched,1,True,long,False,0.06747916666666676,True
DeepSeek/ON,s206-rank6-d1-pos4,206,s206-rank6,score,1,True,default,False,0.09983333333333344,True
DeepSeek/ON,s206-rank6-d1-pos4,206,s206-rank6,score,1,True,noise01,False,0.09191666666666642,True
DeepSeek/ON,s206-rank6-d1-pos4,206,s206-rank6,score,1,True,long,False,0.08500000000000041,True
DeepSeek/ON,s205-rank6-d0-pos0,205,s205-rank6,mismatched,0,True,default,False,-0.01912500000000006,False
DeepSeek/ON,s205-rank6-d0-pos0,205,s205-rank6,mismatched,0,True,noise01,False,-0.005958333333333288,False
DeepSeek/ON,s205-rank6-d0-pos0,205,s205-rank6,mismatched,0,True,long,False,-0.04968750000000011,False
DeepSeek/ON,s205-rank6-d0-pos1,205,s205-rank6,score,0,True,default,False,-0.0414583333333336,False
DeepSeek/ON,s205-rank6-d0-pos1,205,s205-rank6,score,0,True,noise01,False,-0.02791666666666659,False
DeepSeek/ON,s205-rank6-d0-pos1,205,s205-rank6,score,0,True,long,False,-0.03937499999999994,False
DeepSeek/ON,s205-rank6-d0-pos2,205,s205-rank6,background,0,True,default,False,-0.0740833333333335,False
DeepSeek/ON,s205-rank6-d0-pos2,205,s205-rank6,background,0,True,noise01,False,-0.041458333333333375,False
DeepSeek/ON,s205-rank6-d0-pos2,205,s205-rank6,background,0,True,long,False,-0.07062499999999994,False
DeepSeek/ON,s205-rank6-d0-pos3,205,s205-rank6,accurate,0,True,default,False,-0.02358333333333329,True
DeepSeek/ON,s205-rank6-d0-pos3,205,s205-rank6,accurate,0,True,noise01,False,0.001083333333333325,True
DeepSeek/ON,s205-rank6-d0-pos3,205,s205-rank6,accurate,0,True,long,False,-0.05179166666666668,True
DeepSeek/ON,s205-rank6-d0-pos4,205,s205-rank6,cooperation,0,True,default,False,-0.0630833333333336,False
DeepSeek/ON,s205-rank6-d0-pos4,205,s205-rank6,cooperation,0,True,noise01,False,-0.05945833333333317,False
DeepSeek/ON,s205-rank6-d0-pos4,205,s205-rank6,cooperation,0,True,long,False,-0.05756249999999996,False
DeepSeek/ON,s209-rank3-d1-pos0,209,s209-rank3,mismatched,1,True,default,False,0.021916666666666806,True
DeepSeek/ON,s209-rank3-d1-pos0,209,s209-rank3,mismatched,1,True,noise01,False,0.02383333333333315,True
DeepSeek/ON,s209-rank3-d1-pos0,209,s209-rank3,mismatched,1,True,long,False,0.03170833333333367,True
DeepSeek/ON,s209-rank3-d1-pos1,209,s209-rank3,background,1,True,default,False,0.026250000000000107,False
DeepSeek/ON,s209-rank3-d1-pos1,209,s209-rank3,background,1,True,noise01,False,0.028291666666666604,False
DeepSeek/ON,s209-rank3-d1-pos1,209,s209-rank3,background,1,True,long,False,0.033083333333333576,False
DeepSeek/ON,s209-rank3-d1-pos2,209,s209-rank3,accurate,1,True,default,False,0.012041666666666728,False
DeepSeek/ON,s209-rank3-d1-pos2,209,s209-rank3,accurate,1,True,noise01,False,0.0187499999999996,False
DeepSeek/ON,s209-rank3-d1-pos2,209,s209-rank3,accurate,1,True,long,False,0.01791666666666658,False
DeepSeek/ON,s209-rank3-d1-pos3,209,s209-rank3,score,1,True,default,False,-0.03399999999999981,False
DeepSeek/ON,s209-rank3-d1-pos3,209,s209-rank3,score,1,True,noise01,False,-0.0037083333333334245,False
DeepSeek/ON,s209-rank3-d1-pos3,209,s209-rank3,score,1,True,long,False,-0.03902083333333328,False
DeepSeek/ON,s209-rank3-d1-pos4,209,s209-rank3,cooperation,1,True,default,False,0.013041666666666618,False
DeepSeek/ON,s209-rank3-d1-pos4,209,s209-rank3,cooperation,1,True,noise01,False,-0.020583333333333398,False
DeepSeek/ON,s209-rank3-d1-pos4,209,s209-rank3,cooperation,1,True,long,False,-0.00043749999999986855,False
DeepSeek/ON,s206-rank6-d0-pos0,206,s206-rank6,cooperation,0,True,default,False,0.12283333333333313,False
DeepSeek/ON,s206-rank6-d0-pos0,206,s206-rank6,cooperation,0,True,noise01,False,0.1064999999999996,False
DeepSeek/ON,s206-rank6-d0-pos0,206,s206-rank6,cooperation,0,True,long,False,0.05602083333333363,False
DeepSeek/ON,s206-rank6-d0-pos1,206,s206-rank6,background,0,True,default,False,0.005458333333333343,False
DeepSeek/ON,s206-rank6-d0-pos1,206,s206-rank6,background,0,True,noise01,False,0.005208333333333037,False
DeepSeek/ON,s206-rank6-d0-pos1,206,s206-rank6,background,0,True,long,False,-0.017687499999999856,False
DeepSeek/ON,s206-rank6-d0-pos2,206,s206-rank6,accurate,0,True,default,False,0.17491666666666683,True
DeepSeek/ON,s206-rank6-d0-pos2,206,s206-rank6,accurate,0,True,noise01,False,0.13999999999999968,True
DeepSeek/ON,s206-rank6-d0-pos2,206,s206-rank6,accurate,0,True,long,False,0.08358333333333356,True
DeepSeek/ON,s206-rank6-d0-pos3,206,s206-rank6,mismatched,0,True,default,False,0.11058333333333326,False
DeepSeek/ON,s206-rank6-d0-pos3,206,s206-rank6,mismatched,0,True,noise01,False,0.10366666666666635,False
DeepSeek/ON,s206-rank6-d0-pos3,206,s206-rank6,mismatched,0,True,long,False,0.0628958333333336,False
DeepSeek/ON,s206-rank6-d0-pos4,206,s206-rank6,score,0,True,default,False,0.042458333333333265,False
DeepSeek/ON,s206-rank6-d0-pos4,206,s206-rank6,score,0,True,noise01,False,0.018749999999999822,False
DeepSeek/ON,s206-rank6-d0-pos4,206,s206-rank6,score,0,True,long,False,0.0008125000000001048,False
DeepSeek/ON,s202-rank1-d1-pos0,202,s202-rank1,mismatched,1,True,default,False,0.042749999999999844,False
DeepSeek/ON,s202-rank1-d1-pos0,202,s202-rank1,mismatched,1,True,noise01,False,0.022666666666666613,False
DeepSeek/ON,s202-rank1-d1-pos0,202,s202-rank1,mismatched,1,True,long,False,0.02431249999999996,False
DeepSeek/ON,s202-rank1-d1-pos1,202,s202-rank1,cooperation,1,True,default,False,0.022083333333333233,True
DeepSeek/ON,s202-rank1-d1-pos1,202,s202-rank1,cooperation,1,True,noise01,False,0.04779166666666668,True
DeepSeek/ON,s202-rank1-d1-pos1,202,s202-rank1,cooperation,1,True,long,False,0.016145833333333304,True
DeepSeek/ON,s202-rank1-d1-pos2,202,s202-rank1,background,1,True,default,False,0.010416666666666519,False
DeepSeek/ON,s202-rank1-d1-pos2,202,s202-rank1,background,1,True,noise01,False,0.008416666666666517,False
DeepSeek/ON,s202-rank1-d1-pos2,202,s202-rank1,background,1,True,long,False,-0.016291666666666593,False
DeepSeek/ON,s202-rank1-d1-pos3,202,s202-rank1,score,1,True,default,False,0.02791666666666659,False
DeepSeek/ON,s202-rank1-d1-pos3,202,s202-rank1,score,1,True,noise01,False,0.03925000000000001,False
DeepSeek/ON,s202-rank1-d1-pos3,202,s202-rank1,score,1,True,long,False,0.02689583333333334,False
DeepSeek/ON,s202-rank1-d1-pos4,202,s202-rank1,accurate,1,True,default,False,0.2394166666666666,True
DeepSeek/ON,s202-rank1-d1-pos4,202,s202-rank1,accurate,1,True,noise01,False,0.17387500000000022,True
DeepSeek/ON,s202-rank1-d1-pos4,202,s202-rank1,accurate,1,True,long,False,0.18081250000000004,True
DeepSeek/ON,s201-rank1-d1-pos0,201,s201-rank1,accurate,1,True,default,False,0.04133333333333322,True
DeepSeek/ON,s201-rank1-d1-pos0,201,s201-rank1,accurate,1,True,noise01,False,0.007708333333333428,True
DeepSeek/ON,s201-rank1-d1-pos0,201,s201-rank1,accurate,1,True,long,False,-0.004979166666666757,True
DeepSeek/ON,s201-rank1-d1-pos1,201,s201-rank1,cooperation,1,True,default,False,0.032041666666666746,True
DeepSeek/ON,s201-rank1-d1-pos1,201,s201-rank1,cooperation,1,True,noise01,False,0.016125000000000167,True
DeepSeek/ON,s201-rank1-d1-pos1,201,s201-rank1,cooperation,1,True,long,False,-0.01895833333333341,True
DeepSeek/ON,s201-rank1-d1-pos2,201,s201-rank1,score,1,True,default,False,0.0035000000000000586,False
DeepSeek/ON,s201-rank1-d1-pos2,201,s201-rank1,score,1,True,noise01,False,-0.006249999999999867,False
DeepSeek/ON,s201-rank1-d1-pos2,201,s201-rank1,score,1,True,long,False,-0.005104166666666687,False
DeepSeek/ON,s201-rank1-d1-pos3,201,s201-rank1,mismatched,1,True,default,False,0.014791666666666536,True
DeepSeek/ON,s201-rank1-d1-pos3,201,s201-rank1,mismatched,1,True,noise01,False,0.013833333333333586,True
DeepSeek/ON,s201-rank1-d1-pos3,201,s201-rank1,mismatched,1,True,long,False,0.003375000000000128,True
DeepSeek/ON,s201-rank1-d1-pos4,201,s201-rank1,background,1,True,default,False,0.23933333333333362,True
DeepSeek/ON,s201-rank1-d1-pos4,201,s201-rank1,background,1,True,noise01,False,0.23095833333333382,True
DeepSeek/ON,s201-rank1-d1-pos4,201,s201-rank1,background,1,True,long,False,0.24791666666666656,True
DeepSeek/ON,s211-rank1-d0-pos0,211,s211-rank1,mismatched,0,True,default,False,0.15891666666666682,True
DeepSeek/ON,s211-rank1-d0-pos0,211,s211-rank1,mismatched,0,True,noise01,False,0.2230833333333333,True
DeepSeek/ON,s211-rank1-d0-pos0,211,s211-rank1,mismatched,0,True,long,False,0.16175000000000006,True
DeepSeek/ON,s211-rank1-d0-pos1,211,s211-rank1,accurate,0,True,default,False,0.12012500000000026,True
DeepSeek/ON,s211-rank1-d0-pos1,211,s211-rank1,accurate,0,True,noise01,False,0.15404166666666663,True
DeepSeek/ON,s211-rank1-d0-pos1,211,s211-rank1,accurate,0,True,long,False,0.13249999999999984,True
DeepSeek/ON,s211-rank1-d0-pos2,211,s211-rank1,cooperation,0,True,default,False,0.07475000000000032,True
DeepSeek/ON,s211-rank1-d0-pos2,211,s211-rank1,cooperation,0,True,noise01,False,0.1067499999999999,True
DeepSeek/ON,s211-rank1-d0-pos2,211,s211-rank1,cooperation,0,True,long,False,0.07320833333333354,True
DeepSeek/ON,s211-rank1-d0-pos3,211,s211-rank1,score,0,True,default,False,0.0289166666666667,False
DeepSeek/ON,s211-rank1-d0-pos3,211,s211-rank1,score,0,True,noise01,False,0.06379166666666669,False
DeepSeek/ON,s211-rank1-d0-pos3,211,s211-rank1,score,0,True,long,False,0.046979166666666794,False
DeepSeek/ON,s211-rank1-d0-pos4,211,s211-rank1,background,0,True,default,False,0.12779166666666653,False
DeepSeek/ON,s211-rank1-d0-pos4,211,s211-rank1,background,0,True,noise01,False,0.14441666666666686,False
DeepSeek/ON,s211-rank1-d0-pos4,211,s211-rank1,background,0,True,long,False,0.12343750000000009,False
DeepSeek/ON,s205-rank1-d0-pos0,205,s205-rank1,mismatched,0,True,default,False,0.056333333333333346,False
DeepSeek/ON,s205-rank1-d0-pos0,205,s205-rank1,mismatched,0,True,noise01,False,0.0755416666666664,False
DeepSeek/ON,s205-rank1-d0-pos0,205,s205-rank1,mismatched,0,True,long,False,0.04166666666666674,False
DeepSeek/ON,s205-rank1-d0-pos1,205,s205-rank1,score,0,True,default,False,-0.05712500000000009,False
DeepSeek/ON,s205-rank1-d0-pos1,205,s205-rank1,score,0,True,noise01,False,-0.0269166666666667,False
DeepSeek/ON,s205-rank1-d0-pos1,205,s205-rank1,score,0,True,long,False,-0.03979166666666667,False
DeepSeek/ON,s205-rank1-d0-pos2,205,s205-rank1,background,0,True,default,False,0.13633333333333342,True
DeepSeek/ON,s205-rank1-d0-pos2,205,s205-rank1,background,0,True,noise01,False,0.12579166666666652,True
DeepSeek/ON,s205-rank1-d0-pos2,205,s205-rank1,background,0,True,long,False,0.09489583333333296,True
DeepSeek/ON,s205-rank1-d0-pos3,205,s205-rank1,accurate,0,True,default,False,0.05870833333333314,True
DeepSeek/ON,s205-rank1-d0-pos3,205,s205-rank1,accurate,0,True,noise01,False,0.09849999999999981,True
DeepSeek/ON,s205-rank1-d0-pos3,205,s205-rank1,accurate,0,True,long,False,0.0030208333333334725,True
DeepSeek/ON,s205-rank1-d0-pos4,205,s205-rank1,cooperation,0,True,default,False,0.04249999999999998,False
DeepSeek/ON,s205-rank1-d0-pos4,205,s205-rank1,cooperation,0,True,noise01,False,-0.007625000000000215,False
DeepSeek/ON,s205-rank1-d0-pos4,205,s205-rank1,cooperation,0,True,long,False,-0.0167708333333334,False
DeepSeek/ON,s205-rank3-d1-pos0,205,s205-rank3,mismatched,1,True,default,False,0.06275000000000008,True
DeepSeek/ON,s205-rank3-d1-pos0,205,s205-rank3,mismatched,1,True,noise01,False,0.0399166666666666,True
DeepSeek/ON,s205-rank3-d1-pos0,205,s205-rank3,mismatched,1,True,long,False,0.011958333333333293,True
DeepSeek/ON,s205-rank3-d1-pos1,205,s205-rank3,score,1,True,default,False,0.07204166666666656,True
DeepSeek/ON,s205-rank3-d1-pos1,205,s205-rank3,score,1,True,noise01,False,0.06004166666666633,True
DeepSeek/ON,s205-rank3-d1-pos1,205,s205-rank3,score,1,True,long,False,0.015583333333333282,True
DeepSeek/ON,s205-rank3-d1-pos2,205,s205-rank3,background,1,True,default,False,0.010499999999999954,False
DeepSeek/ON,s205-rank3-d1-pos2,205,s205-rank3,background,1,True,noise01,False,-0.011083333333333334,False
DeepSeek/ON,s205-rank3-d1-pos2,205,s205-rank3,background,1,True,long,False,-0.012541666666666673,False
DeepSeek/ON,s205-rank3-d1-pos3,205,s205-rank3,accurate,1,True,default,False,0.012666666666666604,False
DeepSeek/ON,s205-rank3-d1-pos3,205,s205-rank3,accurate,1,True,noise01,False,0.014791666666666536,False
DeepSeek/ON,s205-rank3-d1-pos3,205,s205-rank3,accurate,1,True,long,False,-0.00852083333333331,False
DeepSeek/ON,s205-rank3-d1-pos4,205,s205-rank3,cooperation,1,True,default,False,0.057041666666666435,True
DeepSeek/ON,s205-rank3-d1-pos4,205,s205-rank3,cooperation,1,True,noise01,False,0.0349999999999997,True
DeepSeek/ON,s205-rank3-d1-pos4,205,s205-rank3,cooperation,1,True,long,False,0.03656250000000005,True
DeepSeek/ON,s209-rank1-d0-pos0,209,s209-rank1,mismatched,0,True,default,False,0.037708333333333455,False
DeepSeek/ON,s209-rank1-d0-pos0,209,s209-rank1,mismatched,0,True,noise01,False,0.03691666666666649,False
DeepSeek/ON,s209-rank1-d0-pos0,209,s209-rank1,mismatched,0,True,long,False,2.083333333358084e-05,False
DeepSeek/ON,s209-rank1-d0-pos1,209,s209-rank1,background,0,True,default,False,0.08424999999999994,True
DeepSeek/ON,s209-rank1-d0-pos1,209,s209-rank1,background,0,True,noise01,False,0.0416249999999998,True
DeepSeek/ON,s209-rank1-d0-pos1,209,s209-rank1,background,0,True,long,False,0.0013125000000000497,True
DeepSeek/ON,s209-rank1-d0-pos2,209,s209-rank1,accurate,0,True,default,False,0.025083333333333346,False
DeepSeek/ON,s209-rank1-d0-pos2,209,s209-rank1,accurate,0,True,noise01,False,0.02774999999999994,False
DeepSeek/ON,s209-rank1-d0-pos2,209,s209-rank1,accurate,0,True,long,False,0.02241666666666675,False
DeepSeek/ON,s209-rank1-d0-pos3,209,s209-rank1,score,0,True,default,False,0.09179166666666694,False
DeepSeek/ON,s209-rank1-d0-pos3,209,s209-rank1,score,0,True,noise01,False,0.06091666666666651,False
DeepSeek/ON,s209-rank1-d0-pos3,209,s209-rank1,score,0,True,long,False,0.08556249999999999,False
DeepSeek/ON,s209-rank1-d0-pos4,209,s209-rank1,cooperation,0,True,default,False,0.040291666666666615,True
DeepSeek/ON,s209-rank1-d0-pos4,209,s209-rank1,cooperation,0,True,noise01,False,0.029875000000000096,True
DeepSeek/ON,s209-rank1-d0-pos4,209,s209-rank1,cooperation,0,True,long,False,0.01766666666666672,True
DeepSeek/ON,s214-rank6-d1-pos0,214,s214-rank6,mismatched,1,True,default,False,0.2864583333333335,True
DeepSeek/ON,s214-rank6-d1-pos0,214,s214-rank6,mismatched,1,True,noise01,False,0.2697083333333332,True
DeepSeek/ON,s214-rank6-d1-pos0,214,s214-rank6,mismatched,1,True,long,False,0.34733333333333327,True
DeepSeek/ON,s214-rank6-d1-pos1,214,s214-rank6,background,1,False,default,True,0.0,False
DeepSeek/ON,s214-rank6-d1-pos1,214,s214-rank6,background,1,False,noise01,True,0.0,False
DeepSeek/ON,s214-rank6-d1-pos1,214,s214-rank6,background,1,False,long,True,0.0,False
DeepSeek/ON,s214-rank6-d1-pos2,214,s214-rank6,accurate,1,True,default,False,0.06766666666666676,False
DeepSeek/ON,s214-rank6-d1-pos2,214,s214-rank6,accurate,1,True,noise01,False,0.06016666666666648,False
DeepSeek/ON,s214-rank6-d1-pos2,214,s214-rank6,accurate,1,True,long,False,0.07052083333333337,False
DeepSeek/ON,s214-rank6-d1-pos3,214,s214-rank6,score,1,True,default,False,0.07791666666666686,True
DeepSeek/ON,s214-rank6-d1-pos3,214,s214-rank6,score,1,True,noise01,False,0.07691666666666674,True
DeepSeek/ON,s214-rank6-d1-pos3,214,s214-rank6,score,1,True,long,False,0.09806249999999994,True
DeepSeek/ON,s214-rank6-d1-pos4,214,s214-rank6,cooperation,1,True,default,False,0.0864583333333333,False
DeepSeek/ON,s214-rank6-d1-pos4,214,s214-rank6,cooperation,1,True,noise01,False,0.0631666666666666,False
DeepSeek/ON,s214-rank6-d1-pos4,214,s214-rank6,cooperation,1,True,long,False,0.07395833333333335,False
DeepSeek/ON,s213-rank3-d1-pos0,213,s213-rank3,accurate,1,True,default,False,0.27183333333333337,False
DeepSeek/ON,s213-rank3-d1-pos0,213,s213-rank3,accurate,1,True,noise01,False,0.21937499999999988,False
DeepSeek/ON,s213-rank3-d1-pos0,213,s213-rank3,accurate,1,True,long,False,0.12589583333333332,False
DeepSeek/ON,s213-rank3-d1-pos1,213,s213-rank3,cooperation,1,True,default,False,0.010874999999999968,False
DeepSeek/ON,s213-rank3-d1-pos1,213,s213-rank3,cooperation,1,True,noise01,False,0.03354166666666636,False
DeepSeek/ON,s213-rank3-d1-pos1,213,s213-rank3,cooperation,1,True,long,False,0.013541666666666785,False
DeepSeek/ON,s213-rank3-d1-pos2,213,s213-rank3,background,1,True,default,False,0.012375000000000025,False
DeepSeek/ON,s213-rank3-d1-pos2,213,s213-rank3,background,1,True,noise01,False,-0.004458333333333453,False
DeepSeek/ON,s213-rank3-d1-pos2,213,s213-rank3,background,1,True,long,False,-0.029770833333333302,False
DeepSeek/ON,s213-rank3-d1-pos3,213,s213-rank3,score,1,True,default,False,0.015249999999999986,False
DeepSeek/ON,s213-rank3-d1-pos3,213,s213-rank3,score,1,True,noise01,False,0.009499999999999842,False
DeepSeek/ON,s213-rank3-d1-pos3,213,s213-rank3,score,1,True,long,False,0.04012500000000019,False
DeepSeek/ON,s213-rank3-d1-pos4,213,s213-rank3,mismatched,1,True,default,False,0.2266250000000003,True
DeepSeek/ON,s213-rank3-d1-pos4,213,s213-rank3,mismatched,1,True,noise01,False,0.21195833333333303,True
DeepSeek/ON,s213-rank3-d1-pos4,213,s213-rank3,mismatched,1,True,long,False,0.10631250000000003,True
DeepSeek/ON,s203-rank6-d1-pos0,203,s203-rank6,score,1,True,default,False,-0.1120000000000001,True
DeepSeek/ON,s203-rank6-d1-pos0,203,s203-rank6,score,1,True,noise01,False,-0.07862500000000017,True
DeepSeek/ON,s203-rank6-d1-pos0,203,s203-rank6,score,1,True,long,False,-0.08310416666666676,True
DeepSeek/ON,s203-rank6-d1-pos1,203,s203-rank6,mismatched,1,True,default,False,-0.1798333333333335,False
DeepSeek/ON,s203-rank6-d1-pos1,203,s203-rank6,mismatched,1,True,noise01,False,-0.129,False
DeepSeek/ON,s203-rank6-d1-pos1,203,s203-rank6,mismatched,1,True,long,False,-0.09835416666666674,False
DeepSeek/ON,s203-rank6-d1-pos2,203,s203-rank6,background,1,True,default,False,0.06770833333333348,False
DeepSeek/ON,s203-rank6-d1-pos2,203,s203-rank6,background,1,True,noise01,False,0.04699999999999971,False
DeepSeek/ON,s203-rank6-d1-pos2,203,s203-rank6,background,1,True,long,False,0.13645833333333313,False
DeepSeek/ON,s203-rank6-d1-pos3,203,s203-rank6,cooperation,1,True,default,False,-0.05883333333333329,False
DeepSeek/ON,s203-rank6-d1-pos3,203,s203-rank6,cooperation,1,True,noise01,False,-0.057208333333333306,False
DeepSeek/ON,s203-rank6-d1-pos3,203,s203-rank6,cooperation,1,True,long,False,-0.07114583333333346,False
DeepSeek/ON,s203-rank6-d1-pos4,203,s203-rank6,accurate,1,True,default,False,-0.012791666666666757,False
DeepSeek/ON,s203-rank6-d1-pos4,203,s203-rank6,accurate,1,True,noise01,False,-0.021791666666666654,False
DeepSeek/ON,s203-rank6-d1-pos4,203,s203-rank6,accurate,1,True,long,False,-0.013645833333333579,False
DeepSeek/ON,s203-rank1-d1-pos0,203,s203-rank1,score,1,True,default,False,-0.013583333333333503,True
DeepSeek/ON,s203-rank1-d1-pos0,203,s203-rank1,score,1,True,noise01,False,-0.02141666666666664,True
DeepSeek/ON,s203-rank1-d1-pos0,203,s203-rank1,score,1,True,long,False,-0.04220833333333318,True
DeepSeek/ON,s203-rank1-d1-pos1,203,s203-rank1,mismatched,1,True,default,False,0.01550000000000007,False
DeepSeek/ON,s203-rank1-d1-pos1,203,s203-rank1,mismatched,1,True,noise01,False,0.017000000000000126,False
DeepSeek/ON,s203-rank1-d1-pos1,203,s203-rank1,mismatched,1,True,long,False,-0.024187499999999806,False
DeepSeek/ON,s203-rank1-d1-pos2,203,s203-rank1,background,1,True,default,False,0.03779166666666689,True
DeepSeek/ON,s203-rank1-d1-pos2,203,s203-rank1,background,1,True,noise01,False,0.03200000000000025,True
DeepSeek/ON,s203-rank1-d1-pos2,203,s203-rank1,background,1,True,long,False,-0.015291666666666481,True
DeepSeek/ON,s203-rank1-d1-pos3,203,s203-rank1,cooperation,1,True,default,False,0.27849999999999997,True
DeepSeek/ON,s203-rank1-d1-pos3,203,s203-rank1,cooperation,1,True,noise01,False,0.2579166666666668,True
DeepSeek/ON,s203-rank1-d1-pos3,203,s203-rank1,cooperation,1,True,long,False,0.09514583333333348,True
DeepSeek/ON,s203-rank1-d1-pos4,203,s203-rank1,accurate,1,True,default,False,-0.034375000000000044,False
DeepSeek/ON,s203-rank1-d1-pos4,203,s203-rank1,accurate,1,True,noise01,False,-0.03583333333333316,False
DeepSeek/ON,s203-rank1-d1-pos4,203,s203-rank1,accurate,1,True,long,False,-0.04233333333333311,False
DeepSeek/ON,s214-rank1-d1-pos0,214,s214-rank1,mismatched,1,True,default,False,0.019875000000000087,False
DeepSeek/ON,s214-rank1-d1-pos0,214,s214-rank1,mismatched,1,True,noise01,False,0.015833333333333144,False
DeepSeek/ON,s214-rank1-d1-pos0,214,s214-rank1,mismatched,1,True,long,False,-0.008874999999999966,False
DeepSeek/ON,s214-rank1-d1-pos1,214,s214-rank1,background,1,True,default,False,0.05341666666666689,False
DeepSeek/ON,s214-rank1-d1-pos1,214,s214-rank1,background,1,True,noise01,False,0.030541666666666245,False
DeepSeek/ON,s214-rank1-d1-pos1,214,s214-rank1,background,1,True,long,False,0.008104166666666801,False
DeepSeek/ON,s214-rank1-d1-pos2,214,s214-rank1,accurate,1,True,default,False,0.09291666666666676,False
DeepSeek/ON,s214-rank1-d1-pos2,214,s214-rank1,accurate,1,True,noise01,False,0.07224999999999993,False
DeepSeek/ON,s214-rank1-d1-pos2,214,s214-rank1,accurate,1,True,long,False,0.05249999999999999,False
DeepSeek/ON,s214-rank1-d1-pos3,214,s214-rank1,score,1,True,default,False,0.057958333333333334,False
DeepSeek/ON,s214-rank1-d1-pos3,214,s214-rank1,score,1,True,noise01,False,0.03529166666666672,False
DeepSeek/ON,s214-rank1-d1-pos3,214,s214-rank1,score,1,True,long,False,0.015687499999999854,False
DeepSeek/ON,s214-rank1-d1-pos4,214,s214-rank1,cooperation,1,True,default,False,-0.056458333333333055,False
DeepSeek/ON,s214-rank1-d1-pos4,214,s214-rank1,cooperation,1,True,noise01,False,-0.05383333333333362,False
DeepSeek/ON,s214-rank1-d1-pos4,214,s214-rank1,cooperation,1,True,long,False,-0.0595833333333331,False
DeepSeek/ON,s211-rank3-d1-pos0,211,s211-rank3,mismatched,1,True,default,False,0.012249999999999872,True
DeepSeek/ON,s211-rank3-d1-pos0,211,s211-rank3,mismatched,1,True,noise01,False,0.011583333333333501,True
DeepSeek/ON,s211-rank3-d1-pos0,211,s211-rank3,mismatched,1,True,long,False,0.01774999999999971,True
DeepSeek/ON,s211-rank3-d1-pos1,211,s211-rank3,accurate,1,True,default,False,0.08712500000000012,False
DeepSeek/ON,s211-rank3-d1-pos1,211,s211-rank3,accurate,1,True,noise01,False,0.07079166666666681,False
DeepSeek/ON,s211-rank3-d1-pos1,211,s211-rank3,accurate,1,True,long,False,0.09820833333333301,False
DeepSeek/ON,s211-rank3-d1-pos2,211,s211-rank3,cooperation,1,True,default,False,0.1206250000000002,True
DeepSeek/ON,s211-rank3-d1-pos2,211,s211-rank3,cooperation,1,True,noise01,False,0.1529583333333333,True
DeepSeek/ON,s211-rank3-d1-pos2,211,s211-rank3,cooperation,1,True,long,False,0.1534791666666666,True
DeepSeek/ON,s211-rank3-d1-pos3,211,s211-rank3,score,1,True,default,False,0.07770833333333349,True
DeepSeek/ON,s211-rank3-d1-pos3,211,s211-rank3,score,1,True,noise01,False,0.11212499999999981,True
DeepSeek/ON,s211-rank3-d1-pos3,211,s211-rank3,score,1,True,long,False,0.04174999999999973,True
DeepSeek/ON,s211-rank3-d1-pos4,211,s211-rank3,background,1,True,default,False,0.11070833333333341,False
DeepSeek/ON,s211-rank3-d1-pos4,211,s211-rank3,background,1,True,noise01,False,0.13074999999999992,False
DeepSeek/ON,s211-rank3-d1-pos4,211,s211-rank3,background,1,True,long,False,0.1067499999999999,False
DeepSeek/ON,s209-rank1-d1-pos0,209,s209-rank1,mismatched,1,True,default,False,0.036958333333333204,True
DeepSeek/ON,s209-rank1-d1-pos0,209,s209-rank1,mismatched,1,True,noise01,False,0.029875000000000096,True
DeepSeek/ON,s209-rank1-d1-pos0,209,s209-rank1,mismatched,1,True,long,False,0.0024374999999998703,True
DeepSeek/ON,s209-rank1-d1-pos1,209,s209-rank1,background,1,True,default,False,-0.029625000000000012,False
DeepSeek/ON,s209-rank1-d1-pos1,209,s209-rank1,background,1,True,noise01,False,-0.02808333333333346,False
DeepSeek/ON,s209-rank1-d1-pos1,209,s209-rank1,background,1,True,long,False,-0.06460416666666657,False
DeepSeek/ON,s209-rank1-d1-pos2,209,s209-rank1,accurate,1,True,default,False,0.11741666666666672,True
DeepSeek/ON,s209-rank1-d1-pos2,209,s209-rank1,accurate,1,True,noise01,False,0.08349999999999991,True
DeepSeek/ON,s209-rank1-d1-pos2,209,s209-rank1,accurate,1,True,long,False,0.09975000000000023,True
DeepSeek/ON,s209-rank1-d1-pos3,209,s209-rank1,score,1,True,default,False,0.1498750000000002,True
DeepSeek/ON,s209-rank1-d1-pos3,209,s209-rank1,score,1,True,noise01,False,0.18800000000000017,True
DeepSeek/ON,s209-rank1-d1-pos3,209,s209-rank1,score,1,True,long,False,0.13331250000000017,True
DeepSeek/ON,s209-rank1-d1-pos4,209,s209-rank1,cooperation,1,True,default,False,0.009208333333333263,False
DeepSeek/ON,s209-rank1-d1-pos4,209,s209-rank1,cooperation,1,True,noise01,False,0.008333333333333304,False
DeepSeek/ON,s209-rank1-d1-pos4,209,s209-rank1,cooperation,1,True,long,False,-0.0024374999999998703,False
DeepSeek/ON,s210-rank1-d0-pos0,210,s210-rank1,background,0,True,default,False,0.08833333333333337,True
DeepSeek/ON,s210-rank1-d0-pos0,210,s210-rank1,background,0,True,noise01,False,0.05487500000000023,True
DeepSeek/ON,s210-rank1-d0-pos0,210,s210-rank1,background,0,True,long,False,0.043916666666666604,True
DeepSeek/ON,s210-rank1-d0-pos1,210,s210-rank1,score,0,True,default,False,0.015499999999999847,True
DeepSeek/ON,s210-rank1-d0-pos1,210,s210-rank1,score,0,True,noise01,False,0.008166666666666655,True
DeepSeek/ON,s210-rank1-d0-pos1,210,s210-rank1,score,0,True,long,False,-0.00708333333333333,True
DeepSeek/ON,s210-rank1-d0-pos2,210,s210-rank1,cooperation,0,True,default,False,0.0365000000000002,False
DeepSeek/ON,s210-rank1-d0-pos2,210,s210-rank1,cooperation,0,True,noise01,False,-0.03470833333333334,False
DeepSeek/ON,s210-rank1-d0-pos2,210,s210-rank1,cooperation,0,True,long,False,-0.03049999999999997,False
DeepSeek/ON,s210-rank1-d0-pos3,210,s210-rank1,accurate,0,True,default,False,0.009333333333333416,True
DeepSeek/ON,s210-rank1-d0-pos3,210,s210-rank1,accurate,0,True,noise01,False,0.008375000000000021,True
DeepSeek/ON,s210-rank1-d0-pos3,210,s210-rank1,accurate,0,True,long,False,-0.0034999999999998366,True
DeepSeek/ON,s210-rank1-d0-pos4,210,s210-rank1,mismatched,0,True,default,False,0.03916666666666657,True
DeepSeek/ON,s210-rank1-d0-pos4,210,s210-rank1,mismatched,0,True,noise01,False,0.0032083333333332575,True
DeepSeek/ON,s210-rank1-d0-pos4,210,s210-rank1,mismatched,0,True,long,False,-0.003083333333333327,True
DeepSeek/ON,s216-rank3-d0-pos0,216,s216-rank3,mismatched,0,True,default,False,0.09995833333333337,False
DeepSeek/ON,s216-rank3-d0-pos0,216,s216-rank3,mismatched,0,True,noise01,False,0.07433333333333336,False
DeepSeek/ON,s216-rank3-d0-pos0,216,s216-rank3,mismatched,0,True,long,False,0.05712500000000009,False
DeepSeek/ON,s216-rank3-d0-pos1,216,s216-rank3,accurate,0,True,default,False,0.07112499999999988,True
DeepSeek/ON,s216-rank3-d0-pos1,216,s216-rank3,accurate,0,True,noise01,False,0.05095833333333344,True
DeepSeek/ON,s216-rank3-d0-pos1,216,s216-rank3,accurate,0,True,long,False,0.031458333333333144,True
DeepSeek/ON,s216-rank3-d0-pos2,216,s216-rank3,score,0,True,default,False,0.10429166666666667,False
DeepSeek/ON,s216-rank3-d0-pos2,216,s216-rank3,score,0,True,noise01,False,0.050999999999999934,False
DeepSeek/ON,s216-rank3-d0-pos2,216,s216-rank3,score,0,True,long,False,0.035541666666666805,False
DeepSeek/ON,s216-rank3-d0-pos3,216,s216-rank3,background,0,True,default,False,0.052999999999999714,False
DeepSeek/ON,s216-rank3-d0-pos3,216,s216-rank3,background,0,True,noise01,False,0.04562500000000003,False
DeepSeek/ON,s216-rank3-d0-pos3,216,s216-rank3,background,0,True,long,False,0.01839583333333339,False
DeepSeek/ON,s216-rank3-d0-pos4,216,s216-rank3,cooperation,0,True,default,False,0.09349999999999992,False
DeepSeek/ON,s216-rank3-d0-pos4,216,s216-rank3,cooperation,0,True,noise01,False,0.06412499999999999,False
DeepSeek/ON,s216-rank3-d0-pos4,216,s216-rank3,cooperation,0,True,long,False,0.031416666666666426,False
DeepSeek/ON,s206-rank3-d1-pos0,206,s206-rank3,cooperation,1,True,default,False,0.052458333333333274,True
DeepSeek/ON,s206-rank3-d1-pos0,206,s206-rank3,cooperation,1,True,noise01,False,0.062374999999999625,True
DeepSeek/ON,s206-rank3-d1-pos0,206,s206-rank3,cooperation,1,True,long,False,0.03991666666666682,True
DeepSeek/ON,s206-rank3-d1-pos1,206,s206-rank3,background,1,True,default,False,0.02545833333333336,True
DeepSeek/ON,s206-rank3-d1-pos1,206,s206-rank3,background,1,True,noise01,False,0.027124999999999844,True
DeepSeek/ON,s206-rank3-d1-pos1,206,s206-rank3,background,1,True,long,False,0.016958333333333186,True
DeepSeek/ON,s206-rank3-d1-pos2,206,s206-rank3,accurate,1,True,default,False,0.26583333333333337,True
DeepSeek/ON,s206-rank3-d1-pos2,206,s206-rank3,accurate,1,True,noise01,False,0.27874999999999983,True
DeepSeek/ON,s206-rank3-d1-pos2,206,s206-rank3,accurate,1,True,long,False,0.1373333333333333,True
DeepSeek/ON,s206-rank3-d1-pos3,206,s206-rank3,mismatched,1,True,default,False,0.1732083333333334,True
DeepSeek/ON,s206-rank3-d1-pos3,206,s206-rank3,mismatched,1,True,noise01,False,0.1988749999999999,True
DeepSeek/ON,s206-rank3-d1-pos3,206,s206-rank3,mismatched,1,True,long,False,0.09114583333333348,True
DeepSeek/ON,s206-rank3-d1-pos4,206,s206-rank3,score,1,True,default,False,0.07483333333333353,False
DeepSeek/ON,s206-rank3-d1-pos4,206,s206-rank3,score,1,True,noise01,False,0.06974999999999976,False
DeepSeek/ON,s206-rank3-d1-pos4,206,s206-rank3,score,1,True,long,False,0.07083333333333353,False
DeepSeek/ON,s208-rank1-d1-pos0,208,s208-rank1,score,1,True,default,False,-0.0037083333333334245,False
DeepSeek/ON,s208-rank1-d1-pos0,208,s208-rank1,score,1,True,noise01,False,-0.0036249999999999893,False
DeepSeek/ON,s208-rank1-d1-pos0,208,s208-rank1,score,1,True,long,False,0.021895833333333226,False
DeepSeek/ON,s208-rank1-d1-pos1,208,s208-rank1,background,1,True,default,False,0.02666666666666684,False
DeepSeek/ON,s208-rank1-d1-pos1,208,s208-rank1,background,1,True,noise01,False,-0.00020833333333314386,False
DeepSeek/ON,s208-rank1-d1-pos1,208,s208-rank1,background,1,True,long,False,0.0002708333333334423,False
DeepSeek/ON,s208-rank1-d1-pos2,208,s208-rank1,cooperation,1,True,default,False,0.004875000000000185,False
DeepSeek/ON,s208-rank1-d1-pos2,208,s208-rank1,cooperation,1,True,noise01,False,-0.004666666666666597,False
DeepSeek/ON,s208-rank1-d1-pos2,208,s208-rank1,cooperation,1,True,long,False,-0.0005208333333335258,False
DeepSeek/ON,s208-rank1-d1-pos3,208,s208-rank1,mismatched,1,True,default,False,0.012416666666666742,False
DeepSeek/ON,s208-rank1-d1-pos3,208,s208-rank1,mismatched,1,True,noise01,False,0.0050000000000001155,False
DeepSeek/ON,s208-rank1-d1-pos3,208,s208-rank1,mismatched,1,True,long,False,0.013249999999999984,False
DeepSeek/ON,s208-rank1-d1-pos4,208,s208-rank1,accurate,1,True,default,False,0.0013750000000001261,False
DeepSeek/ON,s208-rank1-d1-pos4,208,s208-rank1,accurate,1,True,noise01,False,-0.0017916666666666359,False
DeepSeek/ON,s208-rank1-d1-pos4,208,s208-rank1,accurate,1,True,long,False,-0.0036041666666668526,False
DeepSeek/ON,s216-rank1-d0-pos0,216,s216-rank1,mismatched,0,True,default,False,0.007041666666666835,False
DeepSeek/ON,s216-rank1-d0-pos0,216,s216-rank1,mismatched,0,True,noise01,False,-0.01358333333333328,False
DeepSeek/ON,s216-rank1-d0-pos0,216,s216-rank1,mismatched,0,True,long,False,0.0018124999999999947,False
DeepSeek/ON,s216-rank1-d0-pos1,216,s216-rank1,accurate,0,True,default,False,0.0665,True
DeepSeek/ON,s216-rank1-d0-pos1,216,s216-rank1,accurate,0,True,noise01,False,0.03779166666666667,True
DeepSeek/ON,s216-rank1-d0-pos1,216,s216-rank1,accurate,0,True,long,False,0.03439583333333318,True
DeepSeek/ON,s216-rank1-d0-pos2,216,s216-rank1,score,0,True,default,False,0.005708333333333204,True
DeepSeek/ON,s216-rank1-d0-pos2,216,s216-rank1,score,0,True,noise01,False,0.0055833333333332735,True
DeepSeek/ON,s216-rank1-d0-pos2,216,s216-rank1,score,0,True,long,False,0.009500000000000064,True
DeepSeek/ON,s216-rank1-d0-pos3,216,s216-rank1,background,0,True,default,False,0.0032916666666669148,True
DeepSeek/ON,s216-rank1-d0-pos3,216,s216-rank1,background,0,True,noise01,False,0.00491666666666668,True
DeepSeek/ON,s216-rank1-d0-pos3,216,s216-rank1,background,0,True,long,False,0.008145833333333297,True
DeepSeek/ON,s216-rank1-d0-pos4,216,s216-rank1,cooperation,0,True,default,False,0.06237500000000029,True
DeepSeek/ON,s216-rank1-d0-pos4,216,s216-rank1,cooperation,0,True,noise01,False,0.059499999999999664,True
DeepSeek/ON,s216-rank1-d0-pos4,216,s216-rank1,cooperation,0,True,long,False,0.06347916666666653,True
DeepSeek/ON,s210-rank6-d0-pos0,210,s210-rank6,background,0,True,default,False,0.028541666666666687,False
DeepSeek/ON,s210-rank6-d0-pos0,210,s210-rank6,background,0,True,noise01,False,0.047125000000000083,False
DeepSeek/ON,s210-rank6-d0-pos0,210,s210-rank6,background,0,True,long,False,0.017645833333333583,False
DeepSeek/ON,s210-rank6-d0-pos1,210,s210-rank6,score,0,True,default,False,0.0375833333333333,False
DeepSeek/ON,s210-rank6-d0-pos1,210,s210-rank6,score,0,True,noise01,False,0.057541666666667046,False
DeepSeek/ON,s210-rank6-d0-pos1,210,s210-rank6,score,0,True,long,False,0.019020833333333487,False
DeepSeek/ON,s210-rank6-d0-pos2,210,s210-rank6,cooperation,0,True,default,False,0.04020833333333318,True
DeepSeek/ON,s210-rank6-d0-pos2,210,s210-rank6,cooperation,0,True,noise01,False,0.03679166666666678,True
DeepSeek/ON,s210-rank6-d0-pos2,210,s210-rank6,cooperation,0,True,long,False,0.05089583333333336,True
DeepSeek/ON,s210-rank6-d0-pos3,210,s210-rank6,accurate,0,True,default,False,0.05366666666666653,False
DeepSeek/ON,s210-rank6-d0-pos3,210,s210-rank6,accurate,0,True,noise01,False,0.05070833333333358,False
DeepSeek/ON,s210-rank6-d0-pos3,210,s210-rank6,accurate,0,True,long,False,0.0222916666666666,False
DeepSeek/ON,s210-rank6-d0-pos4,210,s210-rank6,mismatched,0,True,default,False,0.06337499999999974,True
DeepSeek/ON,s210-rank6-d0-pos4,210,s210-rank6,mismatched,0,True,noise01,False,0.08429166666666665,True
DeepSeek/ON,s210-rank6-d0-pos4,210,s210-rank6,mismatched,0,True,long,False,0.054916666666666725,True
DeepSeek/ON,s202-rank1-d0-pos0,202,s202-rank1,mismatched,0,True,default,False,0.26254166666666645,True
DeepSeek/ON,s202-rank1-d0-pos0,202,s202-rank1,mismatched,0,True,noise01,False,0.28079166666666655,True
DeepSeek/ON,s202-rank1-d0-pos0,202,s202-rank1,mismatched,0,True,long,False,0.33854166666666696,True
DeepSeek/ON,s202-rank1-d0-pos1,202,s202-rank1,cooperation,0,True,default,False,0.01345833333333335,False
DeepSeek/ON,s202-rank1-d0-pos1,202,s202-rank1,cooperation,0,True,noise01,False,0.014666666666666606,False
DeepSeek/ON,s202-rank1-d0-pos1,202,s202-rank1,cooperation,0,True,long,False,0.0011666666666667602,False
DeepSeek/ON,s202-rank1-d0-pos2,202,s202-rank1,background,0,True,default,False,0.013958333333333073,True
DeepSeek/ON,s202-rank1-d0-pos2,202,s202-rank1,background,0,True,noise01,False,0.012458333333333238,True
DeepSeek/ON,s202-rank1-d0-pos2,202,s202-rank1,background,0,True,long,False,0.009291666666666698,True
DeepSeek/ON,s202-rank1-d0-pos3,202,s202-rank1,score,0,True,default,False,0.041916666666666824,True
DeepSeek/ON,s202-rank1-d0-pos3,202,s202-rank1,score,0,True,noise01,False,0.03825000000000012,True
DeepSeek/ON,s202-rank1-d0-pos3,202,s202-rank1,score,0,True,long,False,0.06310416666666674,True
DeepSeek/ON,s202-rank1-d0-pos4,202,s202-rank1,accurate,0,True,default,False,0.030333333333333323,False
DeepSeek/ON,s202-rank1-d0-pos4,202,s202-rank1,accurate,0,True,noise01,False,0.05558333333333332,False
DeepSeek/ON,s202-rank1-d0-pos4,202,s202-rank1,accurate,0,True,long,False,0.027499999999999858,False
DeepSeek/ON,s208-rank1-d0-pos0,208,s208-rank1,score,0,True,default,False,0.15045833333333336,True
DeepSeek/ON,s208-rank1-d0-pos0,208,s208-rank1,score,0,True,noise01,False,0.16175000000000006,True
DeepSeek/ON,s208-rank1-d0-pos0,208,s208-rank1,score,0,True,long,False,0.08658333333333346,True
DeepSeek/ON,s208-rank1-d0-pos1,208,s208-rank1,background,0,True,default,False,0.24783333333333335,True
DeepSeek/ON,s208-rank1-d0-pos1,208,s208-rank1,background,0,True,noise01,False,0.22216666666666685,True
DeepSeek/ON,s208-rank1-d0-pos1,208,s208-rank1,background,0,True,long,False,0.10406249999999995,True
DeepSeek/ON,s208-rank1-d0-pos2,208,s208-rank1,cooperation,0,True,default,False,0.018333333333333535,True
DeepSeek/ON,s208-rank1-d0-pos2,208,s208-rank1,cooperation,0,True,noise01,False,0.025250000000000217,True
DeepSeek/ON,s208-rank1-d0-pos2,208,s208-rank1,cooperation,0,True,long,False,0.005041666666666611,True
DeepSeek/ON,s208-rank1-d0-pos3,208,s208-rank1,mismatched,0,True,default,False,0.14612500000000006,True
DeepSeek/ON,s208-rank1-d0-pos3,208,s208-rank1,mismatched,0,True,noise01,False,0.14733333333333354,True
DeepSeek/ON,s208-rank1-d0-pos3,208,s208-rank1,mismatched,0,True,long,False,0.06806249999999991,True
DeepSeek/ON,s208-rank1-d0-pos4,208,s208-rank1,accurate,0,True,default,False,-0.00029166666666657903,False
DeepSeek/ON,s208-rank1-d0-pos4,208,s208-rank1,accurate,0,True,noise01,False,0.005750000000000144,False
DeepSeek/ON,s208-rank1-d0-pos4,208,s208-rank1,accurate,0,True,long,False,0.014083333333333226,False
DeepSeek/ON,s218-rank3-d0-pos0,218,s218-rank3,cooperation,0,True,default,False,0.05658333333333343,True
DeepSeek/ON,s218-rank3-d0-pos0,218,s218-rank3,cooperation,0,True,noise01,False,0.023916666666666586,True
DeepSeek/ON,s218-rank3-d0-pos0,218,s218-rank3,cooperation,0,True,long,False,0.0038958333333334316,True
DeepSeek/ON,s218-rank3-d0-pos1,218,s218-rank3,accurate,0,True,default,False,-0.11195833333333316,False
DeepSeek/ON,s218-rank3-d0-pos1,218,s218-rank3,accurate,0,True,noise01,False,-0.08120833333333333,False
DeepSeek/ON,s218-rank3-d0-pos1,218,s218-rank3,accurate,0,True,long,False,-0.14791666666666647,False
DeepSeek/ON,s218-rank3-d0-pos2,218,s218-rank3,score,0,True,default,False,0.01674999999999982,False
DeepSeek/ON,s218-rank3-d0-pos2,218,s218-rank3,score,0,True,noise01,False,0.01924999999999999,False
DeepSeek/ON,s218-rank3-d0-pos2,218,s218-rank3,score,0,True,long,False,-0.024875000000000203,False
DeepSeek/ON,s218-rank3-d0-pos3,218,s218-rank3,mismatched,0,True,default,False,0.04208333333333347,True
DeepSeek/ON,s218-rank3-d0-pos3,218,s218-rank3,mismatched,0,True,noise01,False,0.05904166666666688,True
DeepSeek/ON,s218-rank3-d0-pos3,218,s218-rank3,mismatched,0,True,long,False,-0.011020833333333258,True
DeepSeek/ON,s218-rank3-d0-pos4,218,s218-rank3,background,0,True,default,False,0.07116666666666682,True
DeepSeek/ON,s218-rank3-d0-pos4,218,s218-rank3,background,0,True,noise01,False,0.08120833333333355,True
DeepSeek/ON,s218-rank3-d0-pos4,218,s218-rank3,background,0,True,long,False,0.04381250000000003,True
DeepSeek/ON,s202-rank3-d0-pos0,202,s202-rank3,mismatched,0,True,default,False,-0.019416666666667082,False
DeepSeek/ON,s202-rank3-d0-pos0,202,s202-rank3,mismatched,0,True,noise01,False,0.01979166666666643,False
DeepSeek/ON,s202-rank3-d0-pos0,202,s202-rank3,mismatched,0,True,long,False,-0.06718749999999996,False
DeepSeek/ON,s202-rank3-d0-pos1,202,s202-rank3,cooperation,0,True,default,False,0.00937499999999969,True
DeepSeek/ON,s202-rank3-d0-pos1,202,s202-rank3,cooperation,0,True,noise01,False,0.04125000000000001,True
DeepSeek/ON,s202-rank3-d0-pos1,202,s202-rank3,cooperation,0,True,long,False,-0.07924999999999982,True
DeepSeek/ON,s202-rank3-d0-pos2,202,s202-rank3,background,0,True,default,False,0.028791666666666105,False
DeepSeek/ON,s202-rank3-d0-pos2,202,s202-rank3,background,0,True,noise01,False,0.052458333333333274,False
DeepSeek/ON,s202-rank3-d0-pos2,202,s202-rank3,background,0,True,long,False,-0.05254166666666671,False
DeepSeek/ON,s202-rank3-d0-pos3,202,s202-rank3,score,0,True,default,False,-0.026583333333333403,True
DeepSeek/ON,s202-rank3-d0-pos3,202,s202-rank3,score,0,True,noise01,False,0.010333333333333306,True
DeepSeek/ON,s202-rank3-d0-pos3,202,s202-rank3,score,0,True,long,False,-0.0769791666666666,True
DeepSeek/ON,s202-rank3-d0-pos4,202,s202-rank3,accurate,0,True,default,False,-0.06887500000000024,False
DeepSeek/ON,s202-rank3-d0-pos4,202,s202-rank3,accurate,0,True,noise01,False,-0.017583333333333284,False
DeepSeek/ON,s202-rank3-d0-pos4,202,s202-rank3,accurate,0,True,long,False,-0.17131249999999998,False
DeepSeek/ON,s215-rank6-d1-pos0,215,s215-rank6,background,1,True,default,False,0.193125,False
DeepSeek/ON,s215-rank6-d1-pos0,215,s215-rank6,background,1,True,noise01,False,0.2110416666666668,False
DeepSeek/ON,s215-rank6-d1-pos0,215,s215-rank6,background,1,True,long,False,0.20018749999999996,False
DeepSeek/ON,s215-rank6-d1-pos1,215,s215-rank6,accurate,1,True,default,False,0.24683333333333324,True
DeepSeek/ON,s215-rank6-d1-pos1,215,s215-rank6,accurate,1,True,noise01,False,0.2456250000000002,True
DeepSeek/ON,s215-rank6-d1-pos1,215,s215-rank6,accurate,1,True,long,False,0.20254166666666662,True
DeepSeek/ON,s215-rank6-d1-pos2,215,s215-rank6,mismatched,1,True,default,False,0.2449166666666669,True
DeepSeek/ON,s215-rank6-d1-pos2,215,s215-rank6,mismatched,1,True,noise01,False,0.267625,True
DeepSeek/ON,s215-rank6-d1-pos2,215,s215-rank6,mismatched,1,True,long,False,0.24793750000000014,True
DeepSeek/ON,s215-rank6-d1-pos3,215,s215-rank6,cooperation,1,True,default,False,0.23016666666666663,True
DeepSeek/ON,s215-rank6-d1-pos3,215,s215-rank6,cooperation,1,True,noise01,False,0.2329583333333336,True
DeepSeek/ON,s215-rank6-d1-pos3,215,s215-rank6,cooperation,1,True,long,False,0.2106041666666667,True
DeepSeek/ON,s215-rank6-d1-pos4,215,s215-rank6,score,1,True,default,False,0.21275,False
DeepSeek/ON,s215-rank6-d1-pos4,215,s215-rank6,score,1,True,noise01,False,0.21591666666666676,False
DeepSeek/ON,s215-rank6-d1-pos4,215,s215-rank6,score,1,True,long,False,0.2415208333333334,False
DeepSeek/ON,s218-rank3-d1-pos0,218,s218-rank3,cooperation,1,True,default,False,0.03349999999999986,False
DeepSeek/ON,s218-rank3-d1-pos0,218,s218-rank3,cooperation,1,True,noise01,False,0.026541666666666686,False
DeepSeek/ON,s218-rank3-d1-pos0,218,s218-rank3,cooperation,1,True,long,False,0.0034791666666667,False
DeepSeek/ON,s218-rank3-d1-pos1,218,s218-rank3,accurate,1,True,default,False,0.029875000000000096,True
DeepSeek/ON,s218-rank3-d1-pos1,218,s218-rank3,accurate,1,True,noise01,False,0.029708333333333448,True
DeepSeek/ON,s218-rank3-d1-pos1,218,s218-rank3,accurate,1,True,long,False,-0.021458333333333357,True
DeepSeek/ON,s218-rank3-d1-pos2,218,s218-rank3,score,1,True,default,False,0.04816666666666669,True
DeepSeek/ON,s218-rank3-d1-pos2,218,s218-rank3,score,1,True,noise01,False,0.04049999999999976,True
DeepSeek/ON,s218-rank3-d1-pos2,218,s218-rank3,score,1,True,long,False,-0.0068749999999999645,True
DeepSeek/ON,s218-rank3-d1-pos3,218,s218-rank3,mismatched,1,True,default,False,-0.013624999999999776,False
DeepSeek/ON,s218-rank3-d1-pos3,218,s218-rank3,mismatched,1,True,noise01,False,-0.002666666666666817,False
DeepSeek/ON,s218-rank3-d1-pos3,218,s218-rank3,mismatched,1,True,long,False,-0.034520833333333556,False
DeepSeek/ON,s218-rank3-d1-pos4,218,s218-rank3,background,1,True,default,False,0.03370833333333345,False
DeepSeek/ON,s218-rank3-d1-pos4,218,s218-rank3,background,1,True,noise01,False,0.03212499999999974,False
DeepSeek/ON,s218-rank3-d1-pos4,218,s218-rank3,background,1,True,long,False,-0.017604166666666643,False
DeepSeek/ON,s217-rank1-d0-pos0,217,s217-rank1,accurate,0,True,default,False,0.045250000000000234,True
DeepSeek/ON,s217-rank1-d0-pos0,217,s217-rank1,accurate,0,True,noise01,False,-0.007958333333333734,True
DeepSeek/ON,s217-rank1-d0-pos0,217,s217-rank1,accurate,0,True,long,False,0.04439583333333341,True
DeepSeek/ON,s217-rank1-d0-pos1,217,s217-rank1,mismatched,0,True,default,False,0.24583333333333313,True
DeepSeek/ON,s217-rank1-d0-pos1,217,s217-rank1,mismatched,0,True,noise01,False,0.19083333333333297,True
DeepSeek/ON,s217-rank1-d0-pos1,217,s217-rank1,mismatched,0,True,long,False,0.09412500000000001,True
DeepSeek/ON,s217-rank1-d0-pos2,217,s217-rank1,cooperation,0,True,default,False,-0.002375000000000016,True
DeepSeek/ON,s217-rank1-d0-pos2,217,s217-rank1,cooperation,0,True,noise01,False,0.009708333333333208,True
DeepSeek/ON,s217-rank1-d0-pos2,217,s217-rank1,cooperation,0,True,long,False,0.003458333333333341,True
DeepSeek/ON,s217-rank1-d0-pos3,217,s217-rank1,background,0,True,default,False,-0.09125000000000005,True
DeepSeek/ON,s217-rank1-d0-pos3,217,s217-rank1,background,0,True,noise01,False,-0.07854166666666695,True
DeepSeek/ON,s217-rank1-d0-pos3,217,s217-rank1,background,0,True,long,False,-0.044645833333333274,True
DeepSeek/ON,s217-rank1-d0-pos4,217,s217-rank1,score,0,True,default,False,-0.053916666666666835,False
DeepSeek/ON,s217-rank1-d0-pos4,217,s217-rank1,score,0,True,noise01,False,-0.02245833333333347,False
DeepSeek/ON,s217-rank1-d0-pos4,217,s217-rank1,score,0,True,long,False,0.10018749999999965,False
DeepSeek/ON,s212-rank1-d0-pos0,212,s212-rank1,accurate,0,True,default,False,-0.034250000000000114,False
DeepSeek/ON,s212-rank1-d0-pos0,212,s212-rank1,accurate,0,True,noise01,False,-0.022916666666666474,False
DeepSeek/ON,s212-rank1-d0-pos0,212,s212-rank1,accurate,0,True,long,False,-0.0766458333333333,False
DeepSeek/ON,s212-rank1-d0-pos1,212,s212-rank1,score,0,True,default,False,-0.001083333333333103,False
DeepSeek/ON,s212-rank1-d0-pos1,212,s212-rank1,score,0,True,noise01,False,4.1666666666939634e-05,False
DeepSeek/ON,s212-rank1-d0-pos1,212,s212-rank1,score,0,True,long,False,-0.0067708333333333925,False
DeepSeek/ON,s212-rank1-d0-pos2,212,s212-rank1,mismatched,0,True,default,False,0.2170416666666668,True
DeepSeek/ON,s212-rank1-d0-pos2,212,s212-rank1,mismatched,0,True,noise01,False,0.2430000000000001,True
DeepSeek/ON,s212-rank1-d0-pos2,212,s212-rank1,mismatched,0,True,long,False,0.21264583333333364,True
DeepSeek/ON,s212-rank1-d0-pos3,212,s212-rank1,background,0,True,default,False,0.1343749999999999,True
DeepSeek/ON,s212-rank1-d0-pos3,212,s212-rank1,background,0,True,noise01,False,0.12641666666666684,True
DeepSeek/ON,s212-rank1-d0-pos3,212,s212-rank1,background,0,True,long,False,0.030333333333333323,True
DeepSeek/ON,s212-rank1-d0-pos4,212,s212-rank1,cooperation,0,True,default,False,0.05762500000000026,False
DeepSeek/ON,s212-rank1-d0-pos4,212,s212-rank1,cooperation,0,True,noise01,False,0.05629166666666685,False
DeepSeek/ON,s212-rank1-d0-pos4,212,s212-rank1,cooperation,0,True,long,False,0.04835416666666692,False
DeepSeek/ON,s219-rank6-d1-pos0,219,s219-rank6,accurate,1,True,default,False,0.009083333333333776,False
DeepSeek/ON,s219-rank6-d1-pos0,219,s219-rank6,accurate,1,True,noise01,False,0.02100000000000013,False
DeepSeek/ON,s219-rank6-d1-pos0,219,s219-rank6,accurate,1,True,long,False,0.01460416666666653,False
DeepSeek/ON,s219-rank6-d1-pos1,219,s219-rank6,score,1,True,default,False,-0.04754166666666659,False
DeepSeek/ON,s219-rank6-d1-pos1,219,s219-rank6,score,1,True,noise01,False,-0.03612499999999996,False
DeepSeek/ON,s219-rank6-d1-pos1,219,s219-rank6,score,1,True,long,False,-0.035395833333333515,False
DeepSeek/ON,s219-rank6-d1-pos2,219,s219-rank6,cooperation,1,True,default,False,-0.005666666666666487,False
DeepSeek/ON,s219-rank6-d1-pos2,219,s219-rank6,cooperation,1,True,noise01,False,-0.011958333333333071,False
DeepSeek/ON,s219-rank6-d1-pos2,219,s219-rank6,cooperation,1,True,long,False,-0.017166666666666774,False
DeepSeek/ON,s219-rank6-d1-pos3,219,s219-rank6,background,1,True,default,False,0.04312499999999986,True
DeepSeek/ON,s219-rank6-d1-pos3,219,s219-rank6,background,1,True,noise01,False,0.05658333333333321,True
DeepSeek/ON,s219-rank6-d1-pos3,219,s219-rank6,background,1,True,long,False,0.001979166666666643,True
DeepSeek/ON,s219-rank6-d1-pos4,219,s219-rank6,mismatched,1,True,default,False,0.07412500000000044,True
DeepSeek/ON,s219-rank6-d1-pos4,219,s219-rank6,mismatched,1,True,noise01,False,0.10499999999999998,True
DeepSeek/ON,s219-rank6-d1-pos4,219,s219-rank6,mismatched,1,True,long,False,0.0794999999999999,True
DeepSeek/ON,s207-rank3-d0-pos0,207,s207-rank3,cooperation,0,True,default,False,0.06370833333333303,True
DeepSeek/ON,s207-rank3-d0-pos0,207,s207-rank3,cooperation,0,True,noise01,False,0.04691666666666672,True
DeepSeek/ON,s207-rank3-d0-pos0,207,s207-rank3,cooperation,0,True,long,False,-0.04860416666666634,True
DeepSeek/ON,s207-rank3-d0-pos1,207,s207-rank3,accurate,0,True,default,False,0.022583333333333178,False
DeepSeek/ON,s207-rank3-d0-pos1,207,s207-rank3,accurate,0,True,noise01,False,0.013916666666666355,False
DeepSeek/ON,s207-rank3-d0-pos1,207,s207-rank3,accurate,0,True,long,False,-0.0682916666666662,False
DeepSeek/ON,s207-rank3-d0-pos2,207,s207-rank3,background,0,True,default,False,-0.10091666666666677,False
DeepSeek/ON,s207-rank3-d0-pos2,207,s207-rank3,background,0,True,noise01,False,-0.11470833333333341,False
DeepSeek/ON,s207-rank3-d0-pos2,207,s207-rank3,background,0,True,long,False,-0.13270833333333298,False
DeepSeek/ON,s207-rank3-d0-pos3,207,s207-rank3,score,0,True,default,False,0.06120833333333353,True
DeepSeek/ON,s207-rank3-d0-pos3,207,s207-rank3,score,0,True,noise01,False,0.05216666666666647,True
DeepSeek/ON,s207-rank3-d0-pos3,207,s207-rank3,score,0,True,long,False,0.0921041666666671,True
DeepSeek/ON,s207-rank3-d0-pos4,207,s207-rank3,mismatched,0,True,default,False,-0.010916666666666686,False
DeepSeek/ON,s207-rank3-d0-pos4,207,s207-rank3,mismatched,0,True,noise01,False,-0.015875000000000083,False
DeepSeek/ON,s207-rank3-d0-pos4,207,s207-rank3,mismatched,0,True,long,False,-0.07031249999999978,False
DeepSeek/ON,s213-rank1-d0-pos0,213,s213-rank1,accurate,0,True,default,False,0.007458333333333345,True
DeepSeek/ON,s213-rank1-d0-pos0,213,s213-rank1,accurate,0,True,noise01,False,0.009499999999999842,True
DeepSeek/ON,s213-rank1-d0-pos0,213,s213-rank1,accurate,0,True,long,False,0.00316666666666654,True
DeepSeek/ON,s213-rank1-d0-pos1,213,s213-rank1,cooperation,0,True,default,False,0.22583333333333355,True
DeepSeek/ON,s213-rank1-d0-pos1,213,s213-rank1,cooperation,0,True,noise01,False,0.22133333333333316,True
DeepSeek/ON,s213-rank1-d0-pos1,213,s213-rank1,cooperation,0,True,long,False,0.20406250000000004,True
DeepSeek/ON,s213-rank1-d0-pos2,213,s213-rank1,background,0,True,default,False,0.13312500000000016,True
DeepSeek/ON,s213-rank1-d0-pos2,213,s213-rank1,background,0,True,noise01,False,0.1579166666666667,True
DeepSeek/ON,s213-rank1-d0-pos2,213,s213-rank1,background,0,True,long,False,0.07868750000000002,True
DeepSeek/ON,s213-rank1-d0-pos3,213,s213-rank1,score,0,True,default,False,0.03241666666666676,False
DeepSeek/ON,s213-rank1-d0-pos3,213,s213-rank1,score,0,True,noise01,False,0.041166666666666796,False
DeepSeek/ON,s213-rank1-d0-pos3,213,s213-rank1,score,0,True,long,False,0.04081250000000014,False
DeepSeek/ON,s213-rank1-d0-pos4,213,s213-rank1,mismatched,0,True,default,False,0.02854166666666691,False
DeepSeek/ON,s213-rank1-d0-pos4,213,s213-rank1,mismatched,0,True,noise01,False,0.03829166666666661,False
DeepSeek/ON,s213-rank1-d0-pos4,213,s213-rank1,mismatched,0,True,long,False,0.031874999999999876,False
DeepSeek/ON,s201-rank6-d0-pos0,201,s201-rank6,accurate,0,True,default,False,0.1227083333333332,False
DeepSeek/ON,s201-rank6-d0-pos0,201,s201-rank6,accurate,0,True,noise01,False,0.12666666666666648,False
DeepSeek/ON,s201-rank6-d0-pos0,201,s201-rank6,accurate,0,True,long,False,0.10604166666666659,False
DeepSeek/ON,s201-rank6-d0-pos1,201,s201-rank6,cooperation,0,True,default,False,0.1699166666666665,True
DeepSeek/ON,s201-rank6-d0-pos1,201,s201-rank6,cooperation,0,True,noise01,False,0.17108333333333303,True
DeepSeek/ON,s201-rank6-d0-pos1,201,s201-rank6,cooperation,0,True,long,False,0.1050416666666667,True
DeepSeek/ON,s201-rank6-d0-pos2,201,s201-rank6,score,0,True,default,False,0.0772083333333331,False
DeepSeek/ON,s201-rank6-d0-pos2,201,s201-rank6,score,0,True,noise01,False,0.08920833333333311,False
DeepSeek/ON,s201-rank6-d0-pos2,201,s201-rank6,score,0,True,long,False,0.04016666666666646,False
DeepSeek/ON,s201-rank6-d0-pos3,201,s201-rank6,mismatched,0,True,default,False,0.10725000000000007,False
DeepSeek/ON,s201-rank6-d0-pos3,201,s201-rank6,mismatched,0,True,noise01,False,0.1107916666666664,False
DeepSeek/ON,s201-rank6-d0-pos3,201,s201-rank6,mismatched,0,True,long,False,0.09718749999999998,False
DeepSeek/ON,s201-rank6-d0-pos4,201,s201-rank6,background,0,True,default,False,0.11725000000000008,False
DeepSeek/ON,s201-rank6-d0-pos4,201,s201-rank6,background,0,True,noise01,False,0.11262499999999975,False
DeepSeek/ON,s201-rank6-d0-pos4,201,s201-rank6,background,0,True,long,False,0.10449999999999982,False
DeepSeek/ON,s213-rank6-d1-pos0,213,s213-rank6,accurate,1,True,default,False,0.061541666666666606,True
DeepSeek/ON,s213-rank6-d1-pos0,213,s213-rank6,accurate,1,True,noise01,False,0.053416666666666446,True
DeepSeek/ON,s213-rank6-d1-pos0,213,s213-rank6,accurate,1,True,long,False,0.02133333333333365,True
DeepSeek/ON,s213-rank6-d1-pos1,213,s213-rank6,cooperation,1,True,default,False,0.07779166666666648,True
DeepSeek/ON,s213-rank6-d1-pos1,213,s213-rank6,cooperation,1,True,noise01,False,0.06270833333333292,True
DeepSeek/ON,s213-rank6-d1-pos1,213,s213-rank6,cooperation,1,True,long,False,0.034833333333333494,True
DeepSeek/ON,s213-rank6-d1-pos2,213,s213-rank6,background,1,True,default,False,-0.00016666666666642627,False
DeepSeek/ON,s213-rank6-d1-pos2,213,s213-rank6,background,1,True,noise01,False,0.00391666666666679,False
DeepSeek/ON,s213-rank6-d1-pos2,213,s213-rank6,background,1,True,long,False,-0.0026249999999998774,False
DeepSeek/ON,s213-rank6-d1-pos3,213,s213-rank6,score,1,True,default,False,0.06004166666666699,False
DeepSeek/ON,s213-rank6-d1-pos3,213,s213-rank6,score,1,True,noise01,False,0.08466666666666645,False
DeepSeek/ON,s213-rank6-d1-pos3,213,s213-rank6,score,1,True,long,False,0.07783333333333364,False
DeepSeek/ON,s213-rank6-d1-pos4,213,s213-rank6,mismatched,1,True,default,False,0.042750000000000066,False
DeepSeek/ON,s213-rank6-d1-pos4,213,s213-rank6,mismatched,1,True,noise01,False,0.048833333333333284,False
DeepSeek/ON,s213-rank6-d1-pos4,213,s213-rank6,mismatched,1,True,long,False,0.03143750000000023,False
DeepSeek/ON,s217-rank3-d1-pos0,217,s217-rank3,accurate,1,True,default,False,-0.00029166666666657903,False
DeepSeek/ON,s217-rank3-d1-pos0,217,s217-rank3,accurate,1,True,noise01,False,0.030624999999999902,False
DeepSeek/ON,s217-rank3-d1-pos0,217,s217-rank3,accurate,1,True,long,False,0.03412499999999974,False
DeepSeek/ON,s217-rank3-d1-pos1,217,s217-rank3,mismatched,1,True,default,False,0.3294166666666669,True
DeepSeek/ON,s217-rank3-d1-pos1,217,s217-rank3,mismatched,1,True,noise01,False,0.3098749999999999,True
DeepSeek/ON,s217-rank3-d1-pos1,217,s217-rank3,mismatched,1,True,long,False,0.14670833333333344,True
DeepSeek/ON,s217-rank3-d1-pos2,217,s217-rank3,cooperation,1,True,default,False,0.05908333333333338,True
DeepSeek/ON,s217-rank3-d1-pos2,217,s217-rank3,cooperation,1,True,noise01,False,0.035749999999999726,True
DeepSeek/ON,s217-rank3-d1-pos2,217,s217-rank3,cooperation,1,True,long,False,0.01620833333333338,True
DeepSeek/ON,s217-rank3-d1-pos3,217,s217-rank3,background,1,True,default,False,-0.01591666666666658,True
DeepSeek/ON,s217-rank3-d1-pos3,217,s217-rank3,background,1,True,noise01,False,-0.0318750000000001,True
DeepSeek/ON,s217-rank3-d1-pos3,217,s217-rank3,background,1,True,long,False,-0.05718750000000017,True
DeepSeek/ON,s217-rank3-d1-pos4,217,s217-rank3,score,1,True,default,False,0.0677500000000002,True
DeepSeek/ON,s217-rank3-d1-pos4,217,s217-rank3,score,1,True,noise01,False,0.07129166666666675,True
DeepSeek/ON,s217-rank3-d1-pos4,217,s217-rank3,score,1,True,long,False,0.023979166666666663,True
DeepSeek/ON,s203-rank6-d0-pos0,203,s203-rank6,score,0,True,default,False,-0.042916666666666936,False
DeepSeek/ON,s203-rank6-d0-pos0,203,s203-rank6,score,0,True,noise01,False,-0.027583333333333515,False
DeepSeek/ON,s203-rank6-d0-pos0,203,s203-rank6,score,0,True,long,False,-0.0358750000000001,False
DeepSeek/ON,s203-rank6-d0-pos1,203,s203-rank6,mismatched,0,True,default,False,0.10454166666666653,True
DeepSeek/ON,s203-rank6-d0-pos1,203,s203-rank6,mismatched,0,True,noise01,False,0.14316666666666666,True
DeepSeek/ON,s203-rank6-d0-pos1,203,s203-rank6,mismatched,0,True,long,False,0.041437499999999794,True
DeepSeek/ON,s203-rank6-d0-pos2,203,s203-rank6,background,0,True,default,False,0.11616666666666653,True
DeepSeek/ON,s203-rank6-d0-pos2,203,s203-rank6,background,0,True,noise01,False,0.10020833333333323,True
DeepSeek/ON,s203-rank6-d0-pos2,203,s203-rank6,background,0,True,long,False,0.0541041666666664,True
DeepSeek/ON,s203-rank6-d0-pos3,203,s203-rank6,cooperation,0,True,default,False,-0.009583333333333499,False
DeepSeek/ON,s203-rank6-d0-pos3,203,s203-rank6,cooperation,0,True,noise01,False,0.0016666666666664831,False
DeepSeek/ON,s203-rank6-d0-pos3,203,s203-rank6,cooperation,0,True,long,False,-0.01968750000000008,False
DeepSeek/ON,s203-rank6-d0-pos4,203,s203-rank6,accurate,0,True,default,False,-0.007583333333333275,False
DeepSeek/ON,s203-rank6-d0-pos4,203,s203-rank6,accurate,0,True,noise01,False,0.008083333333333442,False
DeepSeek/ON,s203-rank6-d0-pos4,203,s203-rank6,accurate,0,True,long,False,0.010916666666666686,False
DeepSeek/ON,s218-rank6-d0-pos0,218,s218-rank6,cooperation,0,True,default,False,0.000791666666666746,False
DeepSeek/ON,s218-rank6-d0-pos0,218,s218-rank6,cooperation,0,True,noise01,False,0.005875000000000075,False
DeepSeek/ON,s218-rank6-d0-pos0,218,s218-rank6,cooperation,0,True,long,False,0.0388333333333335,False
DeepSeek/ON,s218-rank6-d0-pos1,218,s218-rank6,accurate,0,True,default,False,0.1456249999999999,True
DeepSeek/ON,s218-rank6-d0-pos1,218,s218-rank6,accurate,0,True,noise01,False,0.1269166666666668,True
DeepSeek/ON,s218-rank6-d0-pos1,218,s218-rank6,accurate,0,True,long,False,0.16941666666666655,True
DeepSeek/ON,s218-rank6-d0-pos2,218,s218-rank6,score,0,True,default,False,0.1396250000000001,True
DeepSeek/ON,s218-rank6-d0-pos2,218,s218-rank6,score,0,True,noise01,False,0.12212500000000004,True
DeepSeek/ON,s218-rank6-d0-pos2,218,s218-rank6,score,0,True,long,False,0.15016666666666678,True
DeepSeek/ON,s218-rank6-d0-pos3,218,s218-rank6,mismatched,0,True,default,False,0.14379166666666654,False
DeepSeek/ON,s218-rank6-d0-pos3,218,s218-rank6,mismatched,0,True,noise01,False,0.07708333333333339,False
DeepSeek/ON,s218-rank6-d0-pos3,218,s218-rank6,mismatched,0,True,long,False,0.1753541666666667,False
DeepSeek/ON,s218-rank6-d0-pos4,218,s218-rank6,background,0,True,default,False,0.16312499999999996,True
DeepSeek/ON,s218-rank6-d0-pos4,218,s218-rank6,background,0,True,noise01,False,0.12479166666666641,True
DeepSeek/ON,s218-rank6-d0-pos4,218,s218-rank6,background,0,True,long,False,0.1865416666666666,True
DeepSeek/ON,s206-rank1-d0-pos0,206,s206-rank1,cooperation,0,True,default,False,0.03570833333333323,True
DeepSeek/ON,s206-rank1-d0-pos0,206,s206-rank1,cooperation,0,True,noise01,False,0.03041666666666676,True
DeepSeek/ON,s206-rank1-d0-pos0,206,s206-rank1,cooperation,0,True,long,False,0.05006250000000012,True
DeepSeek/ON,s206-rank1-d0-pos1,206,s206-rank1,background,0,True,default,False,0.03879166666666678,True
DeepSeek/ON,s206-rank1-d0-pos1,206,s206-rank1,background,0,True,noise01,False,0.033666666666666734,True
DeepSeek/ON,s206-rank1-d0-pos1,206,s206-rank1,background,0,True,long,False,0.00031249999999993783,True
DeepSeek/ON,s206-rank1-d0-pos2,206,s206-rank1,accurate,0,True,default,False,0.028541666666666687,True
DeepSeek/ON,s206-rank1-d0-pos2,206,s206-rank1,accurate,0,True,noise01,False,0.009791666666666643,True
DeepSeek/ON,s206-rank1-d0-pos2,206,s206-rank1,accurate,0,True,long,False,-0.006895833333333323,True
DeepSeek/ON,s206-rank1-d0-pos3,206,s206-rank1,mismatched,0,True,default,False,-0.001291666666666691,False
DeepSeek/ON,s206-rank1-d0-pos3,206,s206-rank1,mismatched,0,True,noise01,False,-0.00158333333333327,False
DeepSeek/ON,s206-rank1-d0-pos3,206,s206-rank1,mismatched,0,True,long,False,-0.009062499999999973,False
DeepSeek/ON,s206-rank1-d0-pos4,206,s206-rank1,score,0,True,default,False,0.23779166666666662,True
DeepSeek/ON,s206-rank1-d0-pos4,206,s206-rank1,score,0,True,noise01,False,0.16179166666666656,True
DeepSeek/ON,s206-rank1-d0-pos4,206,s206-rank1,score,0,True,long,False,0.19829166666666698,True
DeepSeek/ON,s214-rank3-d0-pos0,214,s214-rank3,mismatched,0,True,default,False,0.04679166666666679,False
DeepSeek/ON,s214-rank3-d0-pos0,214,s214-rank3,mismatched,0,True,noise01,False,0.04170833333333346,False
DeepSeek/ON,s214-rank3-d0-pos0,214,s214-rank3,mismatched,0,True,long,False,-0.0315833333333333,False
DeepSeek/ON,s214-rank3-d0-pos1,214,s214-rank3,background,0,True,default,False,0.09533333333333327,True
DeepSeek/ON,s214-rank3-d0-pos1,214,s214-rank3,background,0,True,noise01,False,0.09387500000000037,True
DeepSeek/ON,s214-rank3-d0-pos1,214,s214-rank3,background,0,True,long,False,-0.004770833333333169,True
DeepSeek/ON,s214-rank3-d0-pos2,214,s214-rank3,accurate,0,True,default,False,-0.0020416666666667194,False
DeepSeek/ON,s214-rank3-d0-pos2,214,s214-rank3,accurate,0,True,noise01,False,-0.019833333333333147,False
DeepSeek/ON,s214-rank3-d0-pos2,214,s214-rank3,accurate,0,True,long,False,-0.050979166666666575,False
DeepSeek/ON,s214-rank3-d0-pos3,214,s214-rank3,score,0,True,default,False,-0.007416666666666849,False
DeepSeek/ON,s214-rank3-d0-pos3,214,s214-rank3,score,0,True,noise01,False,-0.014541666666666453,False
DeepSeek/ON,s214-rank3-d0-pos3,214,s214-rank3,score,0,True,long,False,-0.046375000000000055,False
DeepSeek/ON,s214-rank3-d0-pos4,214,s214-rank3,cooperation,0,True,default,False,0.005416666666666625,False
DeepSeek/ON,s214-rank3-d0-pos4,214,s214-rank3,cooperation,0,True,noise01,False,0.014291666666666814,False
DeepSeek/ON,s214-rank3-d0-pos4,214,s214-rank3,cooperation,0,True,long,False,-0.002062500000000078,False
DeepSeek/ON,s207-rank1-d0-pos0,207,s207-rank1,cooperation,0,True,default,False,0.2613749999999999,False
DeepSeek/ON,s207-rank1-d0-pos0,207,s207-rank1,cooperation,0,True,noise01,False,0.20262500000000006,False
DeepSeek/ON,s207-rank1-d0-pos0,207,s207-rank1,cooperation,0,True,long,False,0.1078958333333333,False
DeepSeek/ON,s207-rank1-d0-pos1,207,s207-rank1,accurate,0,True,default,False,0.27708333333333335,False
DeepSeek/ON,s207-rank1-d0-pos1,207,s207-rank1,accurate,0,True,noise01,False,0.21954166666666652,False
DeepSeek/ON,s207-rank1-d0-pos1,207,s207-rank1,accurate,0,True,long,False,0.07595833333333335,False
DeepSeek/ON,s207-rank1-d0-pos2,207,s207-rank1,background,0,True,default,False,0.47312500000000024,True
DeepSeek/ON,s207-rank1-d0-pos2,207,s207-rank1,background,0,True,noise01,False,0.4300833333333334,True
DeepSeek/ON,s207-rank1-d0-pos2,207,s207-rank1,background,0,True,long,True,0.0,True
DeepSeek/ON,s207-rank1-d0-pos3,207,s207-rank1,score,0,True,default,False,0.2659166666666668,True
DeepSeek/ON,s207-rank1-d0-pos3,207,s207-rank1,score,0,True,noise01,False,0.2021250000000001,True
DeepSeek/ON,s207-rank1-d0-pos3,207,s207-rank1,score,0,True,long,False,0.1052291666666667,True
DeepSeek/ON,s207-rank1-d0-pos4,207,s207-rank1,mismatched,0,True,default,False,0.3844583333333331,True
DeepSeek/ON,s207-rank1-d0-pos4,207,s207-rank1,mismatched,0,True,noise01,False,0.3330416666666667,True
DeepSeek/ON,s207-rank1-d0-pos4,207,s207-rank1,mismatched,0,True,long,False,0.2037083333333336,True
DeepSeek/ON,s219-rank6-d0-pos0,219,s219-rank6,accurate,0,True,default,False,-0.038249999999999895,False
DeepSeek/ON,s219-rank6-d0-pos0,219,s219-rank6,accurate,0,True,noise01,False,-0.04712499999999986,False
DeepSeek/ON,s219-rank6-d0-pos0,219,s219-rank6,accurate,0,True,long,False,-0.035000000000000364,False
DeepSeek/ON,s219-rank6-d0-pos1,219,s219-rank6,score,0,True,default,False,0.03220833333333317,True
DeepSeek/ON,s219-rank6-d0-pos1,219,s219-rank6,score,0,True,noise01,False,0.03645833333333304,True
DeepSeek/ON,s219-rank6-d0-pos1,219,s219-rank6,score,0,True,long,False,0.06485416666666666,True
DeepSeek/ON,s219-rank6-d0-pos2,219,s219-rank6,cooperation,0,True,default,False,0.021625000000000227,True
DeepSeek/ON,s219-rank6-d0-pos2,219,s219-rank6,cooperation,0,True,noise01,False,0.041708333333333236,True
DeepSeek/ON,s219-rank6-d0-pos2,219,s219-rank6,cooperation,0,True,long,False,0.002291666666666581,True
DeepSeek/ON,s219-rank6-d0-pos3,219,s219-rank6,background,0,True,default,False,-0.007541666666666558,False
DeepSeek/ON,s219-rank6-d0-pos3,219,s219-rank6,background,0,True,noise01,False,-0.007291666666666696,False
DeepSeek/ON,s219-rank6-d0-pos3,219,s219-rank6,background,0,True,long,False,-0.0019583333333335062,False
DeepSeek/ON,s219-rank6-d0-pos4,219,s219-rank6,mismatched,0,True,default,False,0.010791666666666977,False
DeepSeek/ON,s219-rank6-d0-pos4,219,s219-rank6,mismatched,0,True,noise01,False,0.021458333333333135,False
DeepSeek/ON,s219-rank6-d0-pos4,219,s219-rank6,mismatched,0,True,long,False,-0.0028333333333336874,False
DeepSeek/ON,s210-rank6-d1-pos0,210,s210-rank6,background,1,True,default,False,0.05675000000000008,True
DeepSeek/ON,s210-rank6-d1-pos0,210,s210-rank6,background,1,True,noise01,False,0.06833333333333358,True
DeepSeek/ON,s210-rank6-d1-pos0,210,s210-rank6,background,1,True,long,False,0.03312500000000007,True
DeepSeek/ON,s210-rank6-d1-pos1,210,s210-rank6,score,1,True,default,False,0.06637499999999985,True
DeepSeek/ON,s210-rank6-d1-pos1,210,s210-rank6,score,1,True,noise01,False,0.07808333333333328,True
DeepSeek/ON,s210-rank6-d1-pos1,210,s210-rank6,score,1,True,long,False,0.02575000000000016,True
DeepSeek/ON,s210-rank6-d1-pos2,210,s210-rank6,cooperation,1,True,default,False,0.026666666666666616,False
DeepSeek/ON,s210-rank6-d1-pos2,210,s210-rank6,cooperation,1,True,noise01,False,0.03141666666666687,False
DeepSeek/ON,s210-rank6-d1-pos2,210,s210-rank6,cooperation,1,True,long,False,0.017104166666666698,False
DeepSeek/ON,s210-rank6-d1-pos3,210,s210-rank6,accurate,1,True,default,False,0.2710416666666666,True
DeepSeek/ON,s210-rank6-d1-pos3,210,s210-rank6,accurate,1,True,noise01,False,0.27200000000000024,True
DeepSeek/ON,s210-rank6-d1-pos3,210,s210-rank6,accurate,1,True,long,False,0.12620833333333348,True
DeepSeek/ON,s210-rank6-d1-pos4,210,s210-rank6,mismatched,1,False,default,True,0.0,False
DeepSeek/ON,s210-rank6-d1-pos4,210,s210-rank6,mismatched,1,False,noise01,True,0.0,False
DeepSeek/ON,s210-rank6-d1-pos4,210,s210-rank6,mismatched,1,False,long,True,0.0,False
DeepSeek/ON,s208-rank6-d1-pos0,208,s208-rank6,score,1,True,default,False,0.03275000000000006,False
DeepSeek/ON,s208-rank6-d1-pos0,208,s208-rank6,score,1,True,noise01,False,0.0422499999999999,False
DeepSeek/ON,s208-rank6-d1-pos0,208,s208-rank6,score,1,True,long,False,0.005041666666666611,False
DeepSeek/ON,s208-rank6-d1-pos1,208,s208-rank6,background,1,True,default,False,0.04849999999999999,False
DeepSeek/ON,s208-rank6-d1-pos1,208,s208-rank6,background,1,True,noise01,False,0.05412499999999998,False
DeepSeek/ON,s208-rank6-d1-pos1,208,s208-rank6,background,1,True,long,False,0.029979166666666668,False
DeepSeek/ON,s208-rank6-d1-pos2,208,s208-rank6,cooperation,1,True,default,False,0.07533333333333325,False
DeepSeek/ON,s208-rank6-d1-pos2,208,s208-rank6,cooperation,1,True,noise01,False,0.07070833333333337,False
DeepSeek/ON,s208-rank6-d1-pos2,208,s208-rank6,cooperation,1,True,long,False,0.042458333333333265,False
DeepSeek/ON,s208-rank6-d1-pos3,208,s208-rank6,mismatched,1,True,default,False,0.026958333333333417,False
DeepSeek/ON,s208-rank6-d1-pos3,208,s208-rank6,mismatched,1,True,noise01,False,0.05062500000000014,False
DeepSeek/ON,s208-rank6-d1-pos3,208,s208-rank6,mismatched,1,True,long,False,0.022520833333333323,False
DeepSeek/ON,s208-rank6-d1-pos4,208,s208-rank6,accurate,1,True,default,False,0.10979166666666651,True
DeepSeek/ON,s208-rank6-d1-pos4,208,s208-rank6,accurate,1,True,noise01,False,0.11920833333333314,True
DeepSeek/ON,s208-rank6-d1-pos4,208,s208-rank6,accurate,1,True,long,False,0.05618750000000006,True
DeepSeek/ON,s201-rank3-d1-pos0,201,s201-rank3,accurate,1,True,default,False,-0.03279166666666633,False
DeepSeek/ON,s201-rank3-d1-pos0,201,s201-rank3,accurate,1,True,noise01,False,-0.04120833333333307,False
DeepSeek/ON,s201-rank3-d1-pos0,201,s201-rank3,accurate,1,True,long,False,-0.03524999999999978,False
DeepSeek/ON,s201-rank3-d1-pos1,201,s201-rank3,cooperation,1,True,default,False,-0.0037083333333334245,False
DeepSeek/ON,s201-rank3-d1-pos1,201,s201-rank3,cooperation,1,True,noise01,False,-0.04599999999999982,False
DeepSeek/ON,s201-rank3-d1-pos1,201,s201-rank3,cooperation,1,True,long,False,-0.0031250000000000444,False
DeepSeek/ON,s201-rank3-d1-pos2,201,s201-rank3,score,1,True,default,False,0.04487500000000022,True
DeepSeek/ON,s201-rank3-d1-pos2,201,s201-rank3,score,1,True,noise01,False,0.03883333333333372,True
DeepSeek/ON,s201-rank3-d1-pos2,201,s201-rank3,score,1,True,long,False,0.10106250000000006,True
DeepSeek/ON,s201-rank3-d1-pos3,201,s201-rank3,mismatched,1,True,default,False,-0.07054166666666628,False
DeepSeek/ON,s201-rank3-d1-pos3,201,s201-rank3,mismatched,1,True,noise01,False,-0.07191666666666663,False
DeepSeek/ON,s201-rank3-d1-pos3,201,s201-rank3,mismatched,1,True,long,False,-0.014562499999999812,False
DeepSeek/ON,s201-rank3-d1-pos4,201,s201-rank3,background,1,True,default,False,-0.13129166666666658,False
DeepSeek/ON,s201-rank3-d1-pos4,201,s201-rank3,background,1,True,noise01,False,-0.1861666666666668,False
DeepSeek/ON,s201-rank3-d1-pos4,201,s201-rank3,background,1,True,long,False,-0.06875000000000009,False
DeepSeek/ON,s200-rank3-d0-pos0,200,s200-rank3,mismatched,0,True,default,False,-0.0003750000000000142,False
DeepSeek/ON,s200-rank3-d0-pos0,200,s200-rank3,mismatched,0,True,noise01,False,0.007708333333333206,False
DeepSeek/ON,s200-rank3-d0-pos0,200,s200-rank3,mismatched,0,True,long,False,-0.07962499999999961,False
DeepSeek/ON,s200-rank3-d0-pos1,200,s200-rank3,background,0,True,default,False,-0.00158333333333327,False
DeepSeek/ON,s200-rank3-d0-pos1,200,s200-rank3,background,0,True,noise01,False,0.012749999999999817,False
DeepSeek/ON,s200-rank3-d0-pos1,200,s200-rank3,background,0,True,long,False,0.012354166666666888,False
DeepSeek/ON,s200-rank3-d0-pos2,200,s200-rank3,cooperation,0,True,default,False,0.02083333333333348,False
DeepSeek/ON,s200-rank3-d0-pos2,200,s200-rank3,cooperation,0,True,noise01,False,0.009291666666666476,False
DeepSeek/ON,s200-rank3-d0-pos2,200,s200-rank3,cooperation,0,True,long,False,-0.0717291666666664,False
DeepSeek/ON,s200-rank3-d0-pos3,200,s200-rank3,accurate,0,True,default,False,-0.0003750000000000142,False
DeepSeek/ON,s200-rank3-d0-pos3,200,s200-rank3,accurate,0,True,noise01,False,0.007708333333333206,False
DeepSeek/ON,s200-rank3-d0-pos3,200,s200-rank3,accurate,0,True,long,False,-0.07962499999999961,False
DeepSeek/ON,s200-rank3-d0-pos4,200,s200-rank3,score,0,True,default,False,0.026541666666666686,True
DeepSeek/ON,s200-rank3-d0-pos4,200,s200-rank3,score,0,True,noise01,False,0.03324999999999978,True
DeepSeek/ON,s200-rank3-d0-pos4,200,s200-rank3,score,0,True,long,False,-0.06693749999999965,True
DeepSeek/ON,s218-rank1-d1-pos0,218,s218-rank1,cooperation,1,True,default,False,-0.17137499999999983,False
DeepSeek/ON,s218-rank1-d1-pos0,218,s218-rank1,cooperation,1,True,noise01,False,-0.19245833333333318,False
DeepSeek/ON,s218-rank1-d1-pos0,218,s218-rank1,cooperation,1,True,long,False,-0.08852083333333338,False
DeepSeek/ON,s218-rank1-d1-pos1,218,s218-rank1,accurate,1,True,default,False,0.0159166666666668,False
DeepSeek/ON,s218-rank1-d1-pos1,218,s218-rank1,accurate,1,True,noise01,False,0.0030000000000001137,False
DeepSeek/ON,s218-rank1-d1-pos1,218,s218-rank1,accurate,1,True,long,False,0.0987083333333334,False
DeepSeek/ON,s218-rank1-d1-pos2,218,s218-rank1,score,1,True,default,False,0.004250000000000087,False
DeepSeek/ON,s218-rank1-d1-pos2,218,s218-rank1,score,1,True,noise01,False,0.011541666666667005,False
DeepSeek/ON,s218-rank1-d1-pos2,218,s218-rank1,score,1,True,long,False,0.10587499999999994,False
DeepSeek/ON,s218-rank1-d1-pos3,218,s218-rank1,mismatched,1,True,default,False,-0.02387500000000009,False
DeepSeek/ON,s218-rank1-d1-pos3,218,s218-rank1,mismatched,1,True,noise01,False,-0.03958333333333308,False
DeepSeek/ON,s218-rank1-d1-pos3,218,s218-rank1,mismatched,1,True,long,False,0.11639583333333348,False
DeepSeek/ON,s218-rank1-d1-pos4,218,s218-rank1,background,1,True,default,False,0.022541666666666682,True
DeepSeek/ON,s218-rank1-d1-pos4,218,s218-rank1,background,1,True,noise01,False,0.039000000000000146,True
DeepSeek/ON,s218-rank1-d1-pos4,218,s218-rank1,background,1,True,long,False,0.08931250000000013,True
DeepSeek/ON,s216-rank6-d1-pos0,216,s216-rank6,mismatched,1,True,default,False,0.013666666666666716,False
DeepSeek/ON,s216-rank6-d1-pos0,216,s216-rank6,mismatched,1,True,noise01,False,-0.010833333333333028,False
DeepSeek/ON,s216-rank6-d1-pos0,216,s216-rank6,mismatched,1,True,long,False,0.03647916666666684,False
DeepSeek/ON,s216-rank6-d1-pos1,216,s216-rank6,accurate,1,True,default,False,0.057958333333333556,True
DeepSeek/ON,s216-rank6-d1-pos1,216,s216-rank6,accurate,1,True,noise01,False,0.04587500000000033,True
DeepSeek/ON,s216-rank6-d1-pos1,216,s216-rank6,accurate,1,True,long,False,0.07752083333333326,True
DeepSeek/ON,s216-rank6-d1-pos2,216,s216-rank6,score,1,True,default,False,0.13450000000000029,True
DeepSeek/ON,s216-rank6-d1-pos2,216,s216-rank6,score,1,True,noise01,False,0.09958333333333358,True
DeepSeek/ON,s216-rank6-d1-pos2,216,s216-rank6,score,1,True,long,False,0.11835416666666676,True
DeepSeek/ON,s216-rank6-d1-pos3,216,s216-rank6,background,1,True,default,False,0.06262499999999993,True
DeepSeek/ON,s216-rank6-d1-pos3,216,s216-rank6,background,1,True,noise01,False,0.048708333333333576,True
DeepSeek/ON,s216-rank6-d1-pos3,216,s216-rank6,background,1,True,long,False,0.0667291666666665,True
DeepSeek/ON,s216-rank6-d1-pos4,216,s216-rank6,cooperation,1,True,default,False,0.00474999999999981,False
DeepSeek/ON,s216-rank6-d1-pos4,216,s216-rank6,cooperation,1,True,noise01,False,0.011166666666666769,False
DeepSeek/ON,s216-rank6-d1-pos4,216,s216-rank6,cooperation,1,True,long,False,0.04241666666666677,False
DeepSeek/ON,s212-rank3-d1-pos0,212,s212-rank3,accurate,1,True,default,False,0.1320833333333331,False
DeepSeek/ON,s212-rank3-d1-pos0,212,s212-rank3,accurate,1,True,noise01,False,0.12087500000000007,False
DeepSeek/ON,s212-rank3-d1-pos0,212,s212-rank3,accurate,1,True,long,False,0.01966666666666672,False
DeepSeek/ON,s212-rank3-d1-pos1,212,s212-rank3,score,1,True,default,False,0.09779166666666672,True
DeepSeek/ON,s212-rank3-d1-pos1,212,s212-rank3,score,1,True,noise01,False,0.10845833333333332,True
DeepSeek/ON,s212-rank3-d1-pos1,212,s212-rank3,score,1,True,long,False,0.007083333333333108,True
DeepSeek/ON,s212-rank3-d1-pos2,212,s212-rank3,mismatched,1,True,default,False,0.09245833333333309,True
DeepSeek/ON,s212-rank3-d1-pos2,212,s212-rank3,mismatched,1,True,noise01,False,0.08950000000000036,True
DeepSeek/ON,s212-rank3-d1-pos2,212,s212-rank3,mismatched,1,True,long,False,-0.007479166666666703,True
DeepSeek/ON,s212-rank3-d1-pos3,212,s212-rank3,background,1,True,default,False,0.12416666666666654,True
DeepSeek/ON,s212-rank3-d1-pos3,212,s212-rank3,background,1,True,noise01,False,0.13695833333333307,True
DeepSeek/ON,s212-rank3-d1-pos3,212,s212-rank3,background,1,True,long,False,0.012187499999999796,True
DeepSeek/ON,s212-rank3-d1-pos4,212,s212-rank3,cooperation,1,True,default,False,0.12937500000000002,True
DeepSeek/ON,s212-rank3-d1-pos4,212,s212-rank3,cooperation,1,True,noise01,False,0.15520833333333361,True
DeepSeek/ON,s212-rank3-d1-pos4,212,s212-rank3,cooperation,1,True,long,False,0.05343750000000003,True
DeepSeek/ON,s202-rank3-d1-pos0,202,s202-rank3,mismatched,1,True,default,False,-0.012833333333333474,True
DeepSeek/ON,s202-rank3-d1-pos0,202,s202-rank3,mismatched,1,True,noise01,False,-0.006166666666666876,True
DeepSeek/ON,s202-rank3-d1-pos0,202,s202-rank3,mismatched,1,True,long,False,-0.09885416666666647,True
DeepSeek/ON,s202-rank3-d1-pos1,202,s202-rank3,cooperation,1,True,default,False,-0.13562500000000033,False
DeepSeek/ON,s202-rank3-d1-pos1,202,s202-rank3,cooperation,1,True,noise01,False,-0.08250000000000002,False
DeepSeek/ON,s202-rank3-d1-pos1,202,s202-rank3,cooperation,1,True,long,False,-0.2036041666666666,False
DeepSeek/ON,s202-rank3-d1-pos2,202,s202-rank3,background,1,True,default,False,0.014708333333333323,True
DeepSeek/ON,s202-rank3-d1-pos2,202,s202-rank3,background,1,True,noise01,False,0.05512499999999987,True
DeepSeek/ON,s202-rank3-d1-pos2,202,s202-rank3,background,1,True,long,False,-0.06504166666666666,True
DeepSeek/ON,s202-rank3-d1-pos3,202,s202-rank3,score,1,True,default,False,-0.02141666666666686,False
DeepSeek/ON,s202-rank3-d1-pos3,202,s202-rank3,score,1,True,noise01,False,0.011833333333333362,False
DeepSeek/ON,s202-rank3-d1-pos3,202,s202-rank3,score,1,True,long,False,-0.0690624999999998,False
DeepSeek/ON,s202-rank3-d1-pos4,202,s202-rank3,accurate,1,True,default,False,0.10562500000000008,True
DeepSeek/ON,s202-rank3-d1-pos4,202,s202-rank3,accurate,1,True,noise01,False,0.16224999999999978,True
DeepSeek/ON,s202-rank3-d1-pos4,202,s202-rank3,accurate,1,True,long,False,0.11654166666666654,True
DeepSeek/ON,s206-rank3-d0-pos0,206,s206-rank3,cooperation,0,True,default,False,-0.03645833333333326,False
DeepSeek/ON,s206-rank3-d0-pos0,206,s206-rank3,cooperation,0,True,noise01,False,-0.01883333333333348,False
DeepSeek/ON,s206-rank3-d0-pos0,206,s206-rank3,cooperation,0,True,long,False,-0.09329166666666677,False
DeepSeek/ON,s206-rank3-d0-pos1,206,s206-rank3,background,0,True,default,False,-0.029749999999999943,False
DeepSeek/ON,s206-rank3-d0-pos1,206,s206-rank3,background,0,True,noise01,False,-0.03191666666666659,False
DeepSeek/ON,s206-rank3-d0-pos1,206,s206-rank3,background,0,True,long,False,-0.04541666666666666,False
DeepSeek/ON,s206-rank3-d0-pos2,206,s206-rank3,accurate,0,True,default,False,0.07170833333333326,False
DeepSeek/ON,s206-rank3-d0-pos2,206,s206-rank3,accurate,0,True,noise01,False,0.08279166666666682,False
DeepSeek/ON,s206-rank3-d0-pos2,206,s206-rank3,accurate,0,True,long,False,0.03681250000000014,False
DeepSeek/ON,s206-rank3-d0-pos3,206,s206-rank3,mismatched,0,True,default,False,0.06595833333333334,False
DeepSeek/ON,s206-rank3-d0-pos3,206,s206-rank3,mismatched,0,True,noise01,False,0.07766666666666633,False
DeepSeek/ON,s206-rank3-d0-pos3,206,s206-rank3,mismatched,0,True,long,False,0.036541666666666694,False
DeepSeek/ON,s206-rank3-d0-pos4,206,s206-rank3,score,0,True,default,False,0.025791666666666657,True
DeepSeek/ON,s206-rank3-d0-pos4,206,s206-rank3,score,0,True,noise01,False,0.047666666666666524,True
DeepSeek/ON,s206-rank3-d0-pos4,206,s206-rank3,score,0,True,long,False,0.024666666666666615,True
DeepSeek/ON,s209-rank6-d0-pos0,209,s209-rank6,mismatched,0,True,default,False,0.021374999999999922,False
DeepSeek/ON,s209-rank6-d0-pos0,209,s209-rank6,mismatched,0,True,noise01,False,0.019833333333333147,False
DeepSeek/ON,s209-rank6-d0-pos0,209,s209-rank6,mismatched,0,True,long,False,0.02389583333333367,False
DeepSeek/ON,s209-rank6-d0-pos1,209,s209-rank6,background,0,True,default,False,0.010250000000000092,True
DeepSeek/ON,s209-rank6-d0-pos1,209,s209-rank6,background,0,True,noise01,False,0.007374999999999909,True
DeepSeek/ON,s209-rank6-d0-pos1,209,s209-rank6,background,0,True,long,False,-0.013499999999999845,True
DeepSeek/ON,s209-rank6-d0-pos2,209,s209-rank6,accurate,0,True,default,False,0.1282916666666667,True
DeepSeek/ON,s209-rank6-d0-pos2,209,s209-rank6,accurate,0,True,noise01,False,0.1439583333333332,True
DeepSeek/ON,s209-rank6-d0-pos2,209,s209-rank6,accurate,0,True,long,False,0.14429166666666693,True
DeepSeek/ON,s209-rank6-d0-pos3,209,s209-rank6,score,0,True,default,False,0.07712500000000011,True
DeepSeek/ON,s209-rank6-d0-pos3,209,s209-rank6,score,0,True,noise01,False,0.07791666666666663,True
DeepSeek/ON,s209-rank6-d0-pos3,209,s209-rank6,score,0,True,long,False,0.017625000000000224,True
DeepSeek/ON,s209-rank6-d0-pos4,209,s209-rank6,cooperation,0,True,default,False,0.032624999999999904,True
DeepSeek/ON,s209-rank6-d0-pos4,209,s209-rank6,cooperation,0,True,noise01,False,0.056791666666666574,True
DeepSeek/ON,s209-rank6-d0-pos4,209,s209-rank6,cooperation,0,True,long,False,0.015437500000000215,True
DeepSeek/ON,s204-rank6-d0-pos0,204,s204-rank6,score,0,True,default,False,-0.0060833333333334405,False
DeepSeek/ON,s204-rank6-d0-pos0,204,s204-rank6,score,0,True,noise01,False,-0.010666666666666602,False
DeepSeek/ON,s204-rank6-d0-pos0,204,s204-rank6,score,0,True,long,False,0.004187500000000233,False
DeepSeek/ON,s204-rank6-d0-pos1,204,s204-rank6,mismatched,0,True,default,False,0.1376666666666666,True
DeepSeek/ON,s204-rank6-d0-pos1,204,s204-rank6,mismatched,0,True,noise01,False,0.11370833333333352,True
DeepSeek/ON,s204-rank6-d0-pos1,204,s204-rank6,mismatched,0,True,long,False,0.11672916666666677,True
DeepSeek/ON,s204-rank6-d0-pos2,204,s204-rank6,cooperation,0,True,default,False,0.12462499999999954,True
DeepSeek/ON,s204-rank6-d0-pos2,204,s204-rank6,cooperation,0,True,noise01,False,0.13145833333333345,True
DeepSeek/ON,s204-rank6-d0-pos2,204,s204-rank6,cooperation,0,True,long,False,0.09929166666666678,True
DeepSeek/ON,s204-rank6-d0-pos3,204,s204-rank6,accurate,0,True,default,False,0.07158333333333333,False
DeepSeek/ON,s204-rank6-d0-pos3,204,s204-rank6,accurate,0,True,noise01,False,0.03183333333333338,False
DeepSeek/ON,s204-rank6-d0-pos3,204,s204-rank6,accurate,0,True,long,False,0.0707083333333336,False
DeepSeek/ON,s204-rank6-d0-pos4,204,s204-rank6,background,0,True,default,False,-0.04616666666666669,False
DeepSeek/ON,s204-rank6-d0-pos4,204,s204-rank6,background,0,True,noise01,False,-0.05412499999999998,False
DeepSeek/ON,s204-rank6-d0-pos4,204,s204-rank6,background,0,True,long,False,0.03145833333333359,False
DeepSeek/ON,s202-rank6-d0-pos0,202,s202-rank6,mismatched,0,True,default,False,-0.02616666666666645,False
DeepSeek/ON,s202-rank6-d0-pos0,202,s202-rank6,mismatched,0,True,noise01,False,-0.07016666666666693,False
DeepSeek/ON,s202-rank6-d0-pos0,202,s202-rank6,mismatched,0,True,long,False,-0.0717500000000002,False
DeepSeek/ON,s202-rank6-d0-pos1,202,s202-rank6,cooperation,0,True,default,False,0.12979166666666697,True
DeepSeek/ON,s202-rank6-d0-pos1,202,s202-rank6,cooperation,0,True,noise01,False,0.12308333333333321,True
DeepSeek/ON,s202-rank6-d0-pos1,202,s202-rank6,cooperation,0,True,long,False,0.16260416666666644,True
DeepSeek/ON,s202-rank6-d0-pos2,202,s202-rank6,background,0,True,default,False,0.05358333333333376,False
DeepSeek/ON,s202-rank6-d0-pos2,202,s202-rank6,background,0,True,noise01,False,0.04916666666666636,False
DeepSeek/ON,s202-rank6-d0-pos2,202,s202-rank6,background,0,True,long,False,0.018291666666666817,False
DeepSeek/ON,s202-rank6-d0-pos3,202,s202-rank6,score,0,True,default,False,0.04012500000000019,True
DeepSeek/ON,s202-rank6-d0-pos3,202,s202-rank6,score,0,True,noise01,False,0.030249999999999888,True
DeepSeek/ON,s202-rank6-d0-pos3,202,s202-rank6,score,0,True,long,False,0.020437499999999886,True
DeepSeek/ON,s202-rank6-d0-pos4,202,s202-rank6,accurate,0,True,default,False,0.03391666666666682,False
DeepSeek/ON,s202-rank6-d0-pos4,202,s202-rank6,accurate,0,True,noise01,False,0.005374999999999908,False
DeepSeek/ON,s202-rank6-d0-pos4,202,s202-rank6,accurate,0,True,long,False,0.005249999999999977,False
DeepSeek/ON,s204-rank1-d1-pos0,204,s204-rank1,score,1,True,default,False,0.04550000000000032,False
DeepSeek/ON,s204-rank1-d1-pos0,204,s204-rank1,score,1,True,noise01,False,0.05466666666666686,False
DeepSeek/ON,s204-rank1-d1-pos0,204,s204-rank1,score,1,True,long,False,0.024229166666666746,False
DeepSeek/ON,s204-rank1-d1-pos1,204,s204-rank1,mismatched,1,True,default,False,0.11937500000000001,True
DeepSeek/ON,s204-rank1-d1-pos1,204,s204-rank1,mismatched,1,True,noise01,False,0.11379166666666674,True
DeepSeek/ON,s204-rank1-d1-pos1,204,s204-rank1,mismatched,1,True,long,False,0.14829166666666693,True
DeepSeek/ON,s204-rank1-d1-pos2,204,s204-rank1,cooperation,1,True,default,False,0.0014583333333333393,True
DeepSeek/ON,s204-rank1-d1-pos2,204,s204-rank1,cooperation,1,True,noise01,False,0.003083333333333327,True
DeepSeek/ON,s204-rank1-d1-pos2,204,s204-rank1,cooperation,1,True,long,False,0.0014375000000002025,True
DeepSeek/ON,s204-rank1-d1-pos3,204,s204-rank1,accurate,1,True,default,False,0.19445833333333362,True
DeepSeek/ON,s204-rank1-d1-pos3,204,s204-rank1,accurate,1,True,noise01,False,0.2018749999999998,True
DeepSeek/ON,s204-rank1-d1-pos3,204,s204-rank1,accurate,1,True,long,False,0.10158333333333336,True
DeepSeek/ON,s204-rank1-d1-pos4,204,s204-rank1,background,1,True,default,False,0.0013333333333336306,False
DeepSeek/ON,s204-rank1-d1-pos4,204,s204-rank1,background,1,True,noise01,False,0.002458333333333451,False
DeepSeek/ON,s204-rank1-d1-pos4,204,s204-rank1,background,1,True,long,False,0.0014166666666668437,False
DeepSeek/ON,s207-rank3-d1-pos0,207,s207-rank3,cooperation,1,True,default,False,-0.0023333333333335204,False
DeepSeek/ON,s207-rank3-d1-pos0,207,s207-rank3,cooperation,1,True,noise01,False,0.0011250000000000426,False
DeepSeek/ON,s207-rank3-d1-pos0,207,s207-rank3,cooperation,1,True,long,False,-0.07158333333333311,False
DeepSeek/ON,s207-rank3-d1-pos1,207,s207-rank3,accurate,1,True,default,False,0.06566666666666654,True
DeepSeek/ON,s207-rank3-d1-pos1,207,s207-rank3,accurate,1,True,noise01,False,0.04495833333333321,True
DeepSeek/ON,s207-rank3-d1-pos1,207,s207-rank3,accurate,1,True,long,False,-0.029395833333333066,True
DeepSeek/ON,s207-rank3-d1-pos2,207,s207-rank3,background,1,True,default,False,0.14662499999999978,True
DeepSeek/ON,s207-rank3-d1-pos2,207,s207-rank3,background,1,True,noise01,False,0.1549166666666668,True
DeepSeek/ON,s207-rank3-d1-pos2,207,s207-rank3,background,1,True,long,False,0.08458333333333368,True
DeepSeek/ON,s207-rank3-d1-pos3,207,s207-rank3,score,1,True,default,False,-0.01750000000000007,False
DeepSeek/ON,s207-rank3-d1-pos3,207,s207-rank3,score,1,True,noise01,False,-0.017458333333333353,False
DeepSeek/ON,s207-rank3-d1-pos3,207,s207-rank3,score,1,True,long,False,-0.08154166666666618,False
DeepSeek/ON,s207-rank3-d1-pos4,207,s207-rank3,mismatched,1,True,default,False,-0.018500000000000183,True
DeepSeek/ON,s207-rank3-d1-pos4,207,s207-rank3,mismatched,1,True,noise01,False,-0.0358750000000001,True
DeepSeek/ON,s207-rank3-d1-pos4,207,s207-rank3,mismatched,1,True,long,False,-0.07983333333333298,True
DeepSeek/ON,s202-rank6-d1-pos0,202,s202-rank6,mismatched,1,True,default,False,0.23837500000000023,True
DeepSeek/ON,s202-rank6-d1-pos0,202,s202-rank6,mismatched,1,True,noise01,False,0.19674999999999976,True
DeepSeek/ON,s202-rank6-d1-pos0,202,s202-rank6,mismatched,1,True,long,False,0.0858333333333332,True
DeepSeek/ON,s202-rank6-d1-pos1,202,s202-rank6,cooperation,1,True,default,False,0.059208333333333085,False
DeepSeek/ON,s202-rank6-d1-pos1,202,s202-rank6,cooperation,1,True,noise01,False,0.058791666666666575,False
DeepSeek/ON,s202-rank6-d1-pos1,202,s202-rank6,cooperation,1,True,long,False,0.03314583333333321,False
DeepSeek/ON,s202-rank6-d1-pos2,202,s202-rank6,background,1,True,default,False,0.1260833333333331,True
DeepSeek/ON,s202-rank6-d1-pos2,202,s202-rank6,background,1,True,noise01,False,0.11658333333333326,True
DeepSeek/ON,s202-rank6-d1-pos2,202,s202-rank6,background,1,True,long,False,0.06227083333333305,True
DeepSeek/ON,s202-rank6-d1-pos3,202,s202-rank6,score,1,True,default,False,0.041333333333333444,False
DeepSeek/ON,s202-rank6-d1-pos3,202,s202-rank6,score,1,True,noise01,False,0.032874999999999766,False
DeepSeek/ON,s202-rank6-d1-pos3,202,s202-rank6,score,1,True,long,False,0.0327291666666667,False
DeepSeek/ON,s202-rank6-d1-pos4,202,s202-rank6,accurate,1,True,default,False,0.062166666666666925,True
DeepSeek/ON,s202-rank6-d1-pos4,202,s202-rank6,accurate,1,True,noise01,False,0.09133333333333304,True
DeepSeek/ON,s202-rank6-d1-pos4,202,s202-rank6,accurate,1,True,long,False,0.014604166666666751,True
DeepSeek/ON,s201-rank3-d0-pos0,201,s201-rank3,accurate,0,True,default,False,0.10354166666666709,True
DeepSeek/ON,s201-rank3-d0-pos0,201,s201-rank3,accurate,0,True,noise01,False,0.11091666666666677,True
DeepSeek/ON,s201-rank3-d0-pos0,201,s201-rank3,accurate,0,True,long,False,0.1598750000000002,True
DeepSeek/ON,s201-rank3-d0-pos1,201,s201-rank3,cooperation,0,True,default,False,-0.10266666666666646,False
DeepSeek/ON,s201-rank3-d0-pos1,201,s201-rank3,cooperation,0,True,noise01,False,-0.09000000000000008,False
DeepSeek/ON,s201-rank3-d0-pos1,201,s201-rank3,cooperation,0,True,long,False,-0.05395833333333311,False
DeepSeek/ON,s201-rank3-d0-pos2,201,s201-rank3,score,0,True,default,False,-0.23699999999999966,False
DeepSeek/ON,s201-rank3-d0-pos2,201,s201-rank3,score,0,True,noise01,False,-0.21245833333333297,False
DeepSeek/ON,s201-rank3-d0-pos2,201,s201-rank3,score,0,True,long,False,-0.11104166666666648,False
DeepSeek/ON,s201-rank3-d0-pos3,201,s201-rank3,mismatched,0,True,default,False,-0.024749999999999606,False
DeepSeek/ON,s201-rank3-d0-pos3,201,s201-rank3,mismatched,0,True,noise01,False,-0.044916666666666494,False
DeepSeek/ON,s201-rank3-d0-pos3,201,s201-rank3,mismatched,0,True,long,False,-0.007729166666666787,False
DeepSeek/ON,s201-rank3-d0-pos4,201,s201-rank3,background,0,True,default,False,-0.05599999999999983,False
DeepSeek/ON,s201-rank3-d0-pos4,201,s201-rank3,background,0,True,noise01,False,-0.06837499999999985,False
DeepSeek/ON,s201-rank3-d0-pos4,201,s201-rank3,background,0,True,long,False,-0.010354166666666664,False
DeepSeek/ON,s200-rank3-d1-pos0,200,s200-rank3,mismatched,1,True,default,False,-0.0003750000000000142,False
DeepSeek/ON,s200-rank3-d1-pos0,200,s200-rank3,mismatched,1,True,noise01,False,0.007708333333333206,False
DeepSeek/ON,s200-rank3-d1-pos0,200,s200-rank3,mismatched,1,True,long,False,-0.07962499999999961,False
DeepSeek/ON,s200-rank3-d1-pos1,200,s200-rank3,background,1,True,default,False,0.12216666666666676,True
DeepSeek/ON,s200-rank3-d1-pos1,200,s200-rank3,background,1,True,noise01,False,0.11274999999999968,True
DeepSeek/ON,s200-rank3-d1-pos1,200,s200-rank3,background,1,True,long,False,0.05002083333333385,True
DeepSeek/ON,s200-rank3-d1-pos2,200,s200-rank3,cooperation,1,True,default,False,0.1945416666666664,True
DeepSeek/ON,s200-rank3-d1-pos2,200,s200-rank3,cooperation,1,True,noise01,False,0.1785833333333331,True
DeepSeek/ON,s200-rank3-d1-pos2,200,s200-rank3,cooperation,1,True,long,False,0.1453958333333336,True
DeepSeek/ON,s200-rank3-d1-pos3,200,s200-rank3,accurate,1,True,default,False,0.12112500000000015,True
DeepSeek/ON,s200-rank3-d1-pos3,200,s200-rank3,accurate,1,True,noise01,False,0.12462499999999999,True
DeepSeek/ON,s200-rank3-d1-pos3,200,s200-rank3,accurate,1,True,long,False,-0.02147916666666627,True
DeepSeek/ON,s200-rank3-d1-pos4,200,s200-rank3,score,1,True,default,False,0.012041666666666506,False
DeepSeek/ON,s200-rank3-d1-pos4,200,s200-rank3,score,1,True,noise01,False,0.021416666666666417,False
DeepSeek/ON,s200-rank3-d1-pos4,200,s200-rank3,score,1,True,long,False,-0.05106249999999979,False
DeepSeek/ON,s204-rank3-d0-pos0,204,s204-rank3,score,0,True,default,False,-0.04704166666666665,False
DeepSeek/ON,s204-rank3-d0-pos0,204,s204-rank3,score,0,True,noise01,False,-0.036833333333333274,False
DeepSeek/ON,s204-rank3-d0-pos0,204,s204-rank3,score,0,True,long,False,-0.0181874999999998,False
DeepSeek/ON,s204-rank3-d0-pos1,204,s204-rank3,mismatched,0,True,default,False,0.15587499999999999,True
DeepSeek/ON,s204-rank3-d0-pos1,204,s204-rank3,mismatched,0,True,noise01,False,0.13420833333333304,True
DeepSeek/ON,s204-rank3-d0-pos1,204,s204-rank3,mismatched,0,True,long,False,0.07710416666666675,True
DeepSeek/ON,s204-rank3-d0-pos2,204,s204-rank3,cooperation,0,True,default,False,-0.01229166666666659,False
DeepSeek/ON,s204-rank3-d0-pos2,204,s204-rank3,cooperation,0,True,noise01,False,0.003666666666666707,False
DeepSeek/ON,s204-rank3-d0-pos2,204,s204-rank3,cooperation,0,True,long,False,0.0020625000000003,False
DeepSeek/ON,s204-rank3-d0-pos3,204,s204-rank3,accurate,0,True,default,False,0.11033333333333317,True
DeepSeek/ON,s204-rank3-d0-pos3,204,s204-rank3,accurate,0,True,noise01,False,0.10375000000000023,True
DeepSeek/ON,s204-rank3-d0-pos3,204,s204-rank3,accurate,0,True,long,False,0.05652083333333335,True
DeepSeek/ON,s204-rank3-d0-pos4,204,s204-rank3,background,0,True,default,False,0.046250000000000124,True
DeepSeek/ON,s204-rank3-d0-pos4,204,s204-rank3,background,0,True,noise01,False,0.04437500000000005,True
DeepSeek/ON,s204-rank3-d0-pos4,204,s204-rank3,background,0,True,long,False,0.022375000000000256,True
DeepSeek/ON,s200-rank6-d1-pos0,200,s200-rank6,mismatched,1,True,default,False,0.15108333333333324,False
DeepSeek/ON,s200-rank6-d1-pos0,200,s200-rank6,mismatched,1,True,noise01,False,0.06958333333333333,False
DeepSeek/ON,s200-rank6-d1-pos0,200,s200-rank6,mismatched,1,True,long,False,0.10924999999999985,False
DeepSeek/ON,s200-rank6-d1-pos1,200,s200-rank6,background,1,True,default,False,0.11187499999999972,False
DeepSeek/ON,s200-rank6-d1-pos1,200,s200-rank6,background,1,True,noise01,False,0.07999999999999985,False
DeepSeek/ON,s200-rank6-d1-pos1,200,s200-rank6,background,1,True,long,False,0.11960416666666629,False
DeepSeek/ON,s200-rank6-d1-pos2,200,s200-rank6,cooperation,1,True,default,False,0.10083333333333311,True
DeepSeek/ON,s200-rank6-d1-pos2,200,s200-rank6,cooperation,1,True,noise01,False,0.06895833333333345,True
DeepSeek/ON,s200-rank6-d1-pos2,200,s200-rank6,cooperation,1,True,long,False,0.09941666666666649,True
DeepSeek/ON,s200-rank6-d1-pos3,200,s200-rank6,accurate,1,True,default,False,0.15587499999999999,True
DeepSeek/ON,s200-rank6-d1-pos3,200,s200-rank6,accurate,1,True,noise01,False,0.10179166666666672,True
DeepSeek/ON,s200-rank6-d1-pos3,200,s200-rank6,accurate,1,True,long,False,0.07208333333333306,True
DeepSeek/ON,s200-rank6-d1-pos4,200,s200-rank6,score,1,True,default,False,0.0994583333333332,False
DeepSeek/ON,s200-rank6-d1-pos4,200,s200-rank6,score,1,True,noise01,False,0.06629166666666664,False
DeepSeek/ON,s200-rank6-d1-pos4,200,s200-rank6,score,1,True,long,False,0.09104166666666647,False
DeepSeek/ON,s207-rank1-d1-pos0,207,s207-rank1,cooperation,1,True,default,False,0.3004166666666668,True
DeepSeek/ON,s207-rank1-d1-pos0,207,s207-rank1,cooperation,1,True,noise01,False,0.23524999999999996,True
DeepSeek/ON,s207-rank1-d1-pos0,207,s207-rank1,cooperation,1,True,long,False,0.12616666666666676,True
DeepSeek/ON,s207-rank1-d1-pos1,207,s207-rank1,accurate,1,True,default,False,0.25120833333333326,True
DeepSeek/ON,s207-rank1-d1-pos1,207,s207-rank1,accurate,1,True,noise01,False,0.20058333333333356,True
DeepSeek/ON,s207-rank1-d1-pos1,207,s207-rank1,accurate,1,True,long,False,0.09412500000000001,True
DeepSeek/ON,s207-rank1-d1-pos2,207,s207-rank1,background,1,True,default,False,0.3069166666666667,False
DeepSeek/ON,s207-rank1-d1-pos2,207,s207-rank1,background,1,True,noise01,False,0.25275000000000003,False
DeepSeek/ON,s207-rank1-d1-pos2,207,s207-rank1,background,1,True,long,False,0.12927083333333345,False
DeepSeek/ON,s207-rank1-d1-pos3,207,s207-rank1,score,1,True,default,False,0.12341666666666673,False
DeepSeek/ON,s207-rank1-d1-pos3,207,s207-rank1,score,1,True,noise01,False,0.12437500000000012,False
DeepSeek/ON,s207-rank1-d1-pos3,207,s207-rank1,score,1,True,long,False,0.04689583333333336,False
DeepSeek/ON,s207-rank1-d1-pos4,207,s207-rank1,mismatched,1,True,default,False,0.07525000000000004,False
DeepSeek/ON,s207-rank1-d1-pos4,207,s207-rank1,mismatched,1,True,noise01,False,0.08025000000000015,False
DeepSeek/ON,s207-rank1-d1-pos4,207,s207-rank1,mismatched,1,True,long,True,0.0,False
DeepSeek/ON,s203-rank1-d0-pos0,203,s203-rank1,score,0,True,default,False,-0.00029166666666657903,False
DeepSeek/ON,s203-rank1-d0-pos0,203,s203-rank1,score,0,True,noise01,False,-0.008124999999999716,False
DeepSeek/ON,s203-rank1-d0-pos0,203,s203-rank1,score,0,True,long,False,-0.033583333333333076,False
DeepSeek/ON,s203-rank1-d0-pos1,203,s203-rank1,mismatched,0,True,default,False,0.015416666666666634,True
DeepSeek/ON,s203-rank1-d0-pos1,203,s203-rank1,mismatched,0,True,noise01,False,0.0008333333333332416,True
DeepSeek/ON,s203-rank1-d0-pos1,203,s203-rank1,mismatched,0,True,long,False,-0.03408333333333324,True
DeepSeek/ON,s203-rank1-d0-pos2,203,s203-rank1,background,0,True,default,False,0.013624999999999998,False
DeepSeek/ON,s203-rank1-d0-pos2,203,s203-rank1,background,0,True,noise01,False,0.01333333333333342,False
DeepSeek/ON,s203-rank1-d0-pos2,203,s203-rank1,background,0,True,long,False,0.003979166666666867,False
DeepSeek/ON,s203-rank1-d0-pos3,203,s203-rank1,cooperation,0,True,default,False,-0.10054166666666675,False
DeepSeek/ON,s203-rank1-d0-pos3,203,s203-rank1,cooperation,0,True,noise01,False,-0.076125,False
DeepSeek/ON,s203-rank1-d0-pos3,203,s203-rank1,cooperation,0,True,long,False,-0.1371874999999998,False
DeepSeek/ON,s203-rank1-d0-pos4,203,s203-rank1,accurate,0,True,default,False,0.1396666666666666,True
DeepSeek/ON,s203-rank1-d0-pos4,203,s203-rank1,accurate,0,True,noise01,False,0.13924999999999987,True
DeepSeek/ON,s203-rank1-d0-pos4,203,s203-rank1,accurate,0,True,long,False,0.10241666666666704,True
DeepSeek/ON,s208-rank3-d1-pos0,208,s208-rank3,score,1,True,default,False,0.0185416666666669,False
DeepSeek/ON,s208-rank3-d1-pos0,208,s208-rank3,score,1,True,noise01,False,0.0071666666666667656,False
DeepSeek/ON,s208-rank3-d1-pos0,208,s208-rank3,score,1,True,long,False,-0.005833333333333357,False
DeepSeek/ON,s208-rank3-d1-pos1,208,s208-rank3,background,1,True,default,False,-0.06374999999999997,False
DeepSeek/ON,s208-rank3-d1-pos1,208,s208-rank3,background,1,True,noise01,False,-0.03458333333333319,False
DeepSeek/ON,s208-rank3-d1-pos1,208,s208-rank3,background,1,True,long,False,-0.09691666666666654,False
DeepSeek/ON,s208-rank3-d1-pos2,208,s208-rank3,cooperation,1,True,default,False,0.009958333333333291,True
DeepSeek/ON,s208-rank3-d1-pos2,208,s208-rank3,cooperation,1,True,noise01,False,0.00924999999999998,True
DeepSeek/ON,s208-rank3-d1-pos2,208,s208-rank3,cooperation,1,True,long,False,-0.0026250000000000995,True
DeepSeek/ON,s208-rank3-d1-pos3,208,s208-rank3,mismatched,1,True,default,False,0.016458333333333464,False
DeepSeek/ON,s208-rank3-d1-pos3,208,s208-rank3,mismatched,1,True,noise01,False,0.018500000000000183,False
DeepSeek/ON,s208-rank3-d1-pos3,208,s208-rank3,mismatched,1,True,long,False,-0.02922916666666686,False
DeepSeek/ON,s208-rank3-d1-pos4,208,s208-rank3,accurate,1,True,default,False,0.13337500000000024,True
DeepSeek/ON,s208-rank3-d1-pos4,208,s208-rank3,accurate,1,True,noise01,False,0.13079166666666686,True
DeepSeek/ON,s208-rank3-d1-pos4,208,s208-rank3,accurate,1,True,long,False,0.029541666666666577,True
DeepSeek/ON,s211-rank6-d1-pos0,211,s211-rank6,mismatched,1,True,default,False,0.18270833333333347,False
DeepSeek/ON,s211-rank6-d1-pos0,211,s211-rank6,mismatched,1,True,noise01,False,0.1659583333333332,False
DeepSeek/ON,s211-rank6-d1-pos0,211,s211-rank6,mismatched,1,True,long,False,0.15752083333333333,False
DeepSeek/ON,s211-rank6-d1-pos1,211,s211-rank6,accurate,1,True,default,False,0.17245833333333338,False
DeepSeek/ON,s211-rank6-d1-pos1,211,s211-rank6,accurate,1,True,noise01,False,0.18066666666666675,False
DeepSeek/ON,s211-rank6-d1-pos1,211,s211-rank6,accurate,1,True,long,False,0.18758333333333344,False
DeepSeek/ON,s211-rank6-d1-pos2,211,s211-rank6,cooperation,1,True,default,False,0.2731666666666668,False
DeepSeek/ON,s211-rank6-d1-pos2,211,s211-rank6,cooperation,1,True,noise01,False,0.2650833333333331,False
DeepSeek/ON,s211-rank6-d1-pos2,211,s211-rank6,cooperation,1,True,long,False,0.25616666666666665,False
DeepSeek/ON,s211-rank6-d1-pos3,211,s211-rank6,score,1,True,default,False,0.06637499999999985,True
DeepSeek/ON,s211-rank6-d1-pos3,211,s211-rank6,score,1,True,noise01,False,0.06658333333333344,True
DeepSeek/ON,s211-rank6-d1-pos3,211,s211-rank6,score,1,True,long,False,0.05427083333333327,True
DeepSeek/ON,s211-rank6-d1-pos4,211,s211-rank6,background,1,True,default,False,0.3018333333333334,True
DeepSeek/ON,s211-rank6-d1-pos4,211,s211-rank6,background,1,True,noise01,False,0.2836249999999998,True
DeepSeek/ON,s211-rank6-d1-pos4,211,s211-rank6,background,1,True,long,False,0.2664791666666666,True
DeepSeek/ON,s211-rank6-d0-pos0,211,s211-rank6,mismatched,0,True,default,False,0.1589583333333333,True
DeepSeek/ON,s211-rank6-d0-pos0,211,s211-rank6,mismatched,0,True,noise01,False,0.17029166666666695,True
DeepSeek/ON,s211-rank6-d0-pos0,211,s211-rank6,mismatched,0,True,long,False,0.16529166666666661,True
DeepSeek/ON,s211-rank6-d0-pos1,211,s211-rank6,accurate,0,True,default,False,0.1659999999999997,True
DeepSeek/ON,s211-rank6-d0-pos1,211,s211-rank6,accurate,0,True,noise01,False,0.15341666666666676,True
DeepSeek/ON,s211-rank6-d0-pos1,211,s211-rank6,accurate,0,True,long,False,0.14439583333333328,True
DeepSeek/ON,s211-rank6-d0-pos2,211,s211-rank6,cooperation,0,True,default,False,0.1343749999999999,True
DeepSeek/ON,s211-rank6-d0-pos2,211,s211-rank6,cooperation,0,True,noise01,False,0.13508333333333322,True
DeepSeek/ON,s211-rank6-d0-pos2,211,s211-rank6,cooperation,0,True,long,False,0.13839583333333327,True
DeepSeek/ON,s211-rank6-d0-pos3,211,s211-rank6,score,0,True,default,False,0.003833333333333133,False
DeepSeek/ON,s211-rank6-d0-pos3,211,s211-rank6,score,0,True,noise01,False,0.022916666666666696,False
DeepSeek/ON,s211-rank6-d0-pos3,211,s211-rank6,score,0,True,long,False,-0.006020833333333364,False
DeepSeek/ON,s211-rank6-d0-pos4,211,s211-rank6,background,0,True,default,False,0.16508333333333325,False
DeepSeek/ON,s211-rank6-d0-pos4,211,s211-rank6,background,0,True,noise01,False,0.16579166666666678,False
DeepSeek/ON,s211-rank6-d0-pos4,211,s211-rank6,background,0,True,long,False,0.1428541666666665,False
DeepSeek/ON,s212-rank6-d0-pos0,212,s212-rank6,accurate,0,True,default,False,0.055375000000000174,False
DeepSeek/ON,s212-rank6-d0-pos0,212,s212-rank6,accurate,0,True,noise01,False,0.06566666666666654,False
DeepSeek/ON,s212-rank6-d0-pos0,212,s212-rank6,accurate,0,True,long,False,-0.007437499999999986,False
DeepSeek/ON,s212-rank6-d0-pos1,212,s212-rank6,score,0,True,default,False,0.07633333333333381,True
DeepSeek/ON,s212-rank6-d0-pos1,212,s212-rank6,score,0,True,noise01,False,0.10320833333333335,True
DeepSeek/ON,s212-rank6-d0-pos1,212,s212-rank6,score,0,True,long,False,0.05254166666666649,True
DeepSeek/ON,s212-rank6-d0-pos2,212,s212-rank6,mismatched,0,True,default,False,0.034541666666666915,False
DeepSeek/ON,s212-rank6-d0-pos2,212,s212-rank6,mismatched,0,True,noise01,False,0.05358333333333354,False
DeepSeek/ON,s212-rank6-d0-pos2,212,s212-rank6,mismatched,0,True,long,False,-0.0017083333333334227,False
DeepSeek/ON,s212-rank6-d0-pos3,212,s212-rank6,background,0,True,default,False,0.03908333333333358,True
DeepSeek/ON,s212-rank6-d0-pos3,212,s212-rank6,background,0,True,noise01,False,0.07425000000000015,True
DeepSeek/ON,s212-rank6-d0-pos3,212,s212-rank6,background,0,True,long,False,0.013833333333333364,True
DeepSeek/ON,s212-rank6-d0-pos4,212,s212-rank6,cooperation,0,True,default,False,0.08495833333333325,True
DeepSeek/ON,s212-rank6-d0-pos4,212,s212-rank6,cooperation,0,True,noise01,False,0.09095833333333347,True
DeepSeek/ON,s212-rank6-d0-pos4,212,s212-rank6,cooperation,0,True,long,False,-0.0011666666666667602,True
DeepSeek/ON,s213-rank1-d1-pos0,213,s213-rank1,accurate,1,True,default,False,-0.028124999999999956,False
DeepSeek/ON,s213-rank1-d1-pos0,213,s213-rank1,accurate,1,True,noise01,False,-0.030166666666666897,False
DeepSeek/ON,s213-rank1-d1-pos0,213,s213-rank1,accurate,1,True,long,False,-0.0010624999999999662,False
DeepSeek/ON,s213-rank1-d1-pos1,213,s213-rank1,cooperation,1,True,default,False,0.06887500000000024,False
DeepSeek/ON,s213-rank1-d1-pos1,213,s213-rank1,cooperation,1,True,noise01,False,0.08374999999999999,False
DeepSeek/ON,s213-rank1-d1-pos1,213,s213-rank1,cooperation,1,True,long,False,0.033354166666666796,False
DeepSeek/ON,s213-rank1-d1-pos2,213,s213-rank1,background,1,True,default,False,0.02795833333333353,False
DeepSeek/ON,s213-rank1-d1-pos2,213,s213-rank1,background,1,True,noise01,False,0.03687499999999999,False
DeepSeek/ON,s213-rank1-d1-pos2,213,s213-rank1,background,1,True,long,False,0.03316666666666657,False
DeepSeek/ON,s213-rank1-d1-pos3,213,s213-rank1,score,1,True,default,False,0.13954166666666667,True
DeepSeek/ON,s213-rank1-d1-pos3,213,s213-rank1,score,1,True,noise01,False,0.09262499999999974,True
DeepSeek/ON,s213-rank1-d1-pos3,213,s213-rank1,score,1,True,long,False,0.14229166666666648,True
DeepSeek/ON,s213-rank1-d1-pos4,213,s213-rank1,mismatched,1,True,default,False,0.08650000000000002,True
DeepSeek/ON,s213-rank1-d1-pos4,213,s213-rank1,mismatched,1,True,noise01,False,0.06554166666666661,True
DeepSeek/ON,s213-rank1-d1-pos4,213,s213-rank1,mismatched,1,True,long,False,0.03806250000000011,True
DeepSeek/ON,s205-rank3-d0-pos0,205,s205-rank3,mismatched,0,True,default,False,0.022916666666666474,False
DeepSeek/ON,s205-rank3-d0-pos0,205,s205-rank3,mismatched,0,True,noise01,False,-0.022500000000000187,False
DeepSeek/ON,s205-rank3-d0-pos0,205,s205-rank3,mismatched,0,True,long,False,-0.027958333333333307,False
DeepSeek/ON,s205-rank3-d0-pos1,205,s205-rank3,score,0,True,default,False,0.011500000000000066,False
DeepSeek/ON,s205-rank3-d0-pos1,205,s205-rank3,score,0,True,noise01,False,-0.008166666666666655,False
DeepSeek/ON,s205-rank3-d0-pos1,205,s205-rank3,score,0,True,long,False,0.0025416666666666643,False
DeepSeek/ON,s205-rank3-d0-pos2,205,s205-rank3,background,0,True,default,False,0.10558333333333336,True
DeepSeek/ON,s205-rank3-d0-pos2,205,s205-rank3,background,0,True,noise01,False,0.07458333333333345,True
DeepSeek/ON,s205-rank3-d0-pos2,205,s205-rank3,background,0,True,long,False,0.06441666666666657,True
DeepSeek/ON,s205-rank3-d0-pos3,205,s205-rank3,accurate,0,True,default,False,0.05804166666666677,True
DeepSeek/ON,s205-rank3-d0-pos3,205,s205-rank3,accurate,0,True,noise01,False,0.005166666666666764,True
DeepSeek/ON,s205-rank3-d0-pos3,205,s205-rank3,accurate,0,True,long,False,0.059520833333333245,True
DeepSeek/ON,s205-rank3-d0-pos4,205,s205-rank3,cooperation,0,True,default,False,-0.015333333333333421,False
DeepSeek/ON,s205-rank3-d0-pos4,205,s205-rank3,cooperation,0,True,noise01,False,-0.015458333333333352,False
DeepSeek/ON,s205-rank3-d0-pos4,205,s205-rank3,cooperation,0,True,long,False,-0.025854166666666734,False
DeepSeek/ON,s213-rank3-d0-pos0,213,s213-rank3,accurate,0,True,default,False,0.23079166666666673,True
DeepSeek/ON,s213-rank3-d0-pos0,213,s213-rank3,accurate,0,True,noise01,False,0.20166666666666666,True
DeepSeek/ON,s213-rank3-d0-pos0,213,s213-rank3,accurate,0,True,long,False,0.20483333333333364,True
DeepSeek/ON,s213-rank3-d0-pos1,213,s213-rank3,cooperation,0,True,default,False,0.07816666666666672,True
DeepSeek/ON,s213-rank3-d0-pos1,213,s213-rank3,cooperation,0,True,noise01,False,0.05741666666666667,True
DeepSeek/ON,s213-rank3-d0-pos1,213,s213-rank3,cooperation,0,True,long,False,0.027395833333333508,True
DeepSeek/ON,s213-rank3-d0-pos2,213,s213-rank3,background,0,True,default,False,0.02620833333333339,True
DeepSeek/ON,s213-rank3-d0-pos2,213,s213-rank3,background,0,True,noise01,False,0.008333333333333304,True
DeepSeek/ON,s213-rank3-d0-pos2,213,s213-rank3,background,0,True,long,False,-0.002374999999999794,True
DeepSeek/ON,s213-rank3-d0-pos3,213,s213-rank3,score,0,True,default,False,0.17766666666666664,True
DeepSeek/ON,s213-rank3-d0-pos3,213,s213-rank3,score,0,True,noise01,False,0.1576249999999999,True
DeepSeek/ON,s213-rank3-d0-pos3,213,s213-rank3,score,0,True,long,False,0.08020833333333321,True
DeepSeek/ON,s213-rank3-d0-pos4,213,s213-rank3,mismatched,0,True,default,False,0.006250000000000089,False
DeepSeek/ON,s213-rank3-d0-pos4,213,s213-rank3,mismatched,0,True,noise01,False,0.020208333333333384,False
DeepSeek/ON,s213-rank3-d0-pos4,213,s213-rank3,mismatched,0,True,long,False,0.010708333333333542,False
DeepSeek/ON,s203-rank3-d1-pos0,203,s203-rank3,score,1,False,default,True,0.0,False
DeepSeek/ON,s203-rank3-d1-pos0,203,s203-rank3,score,1,False,noise01,True,0.0,False
DeepSeek/ON,s203-rank3-d1-pos0,203,s203-rank3,score,1,False,long,True,0.0,False
DeepSeek/ON,s203-rank3-d1-pos1,203,s203-rank3,mismatched,1,True,default,False,0.05066666666666686,False
DeepSeek/ON,s203-rank3-d1-pos1,203,s203-rank3,mismatched,1,True,noise01,False,0.04895833333333366,False
DeepSeek/ON,s203-rank3-d1-pos1,203,s203-rank3,mismatched,1,True,long,False,0.12058333333333326,False
DeepSeek/ON,s203-rank3-d1-pos2,203,s203-rank3,background,1,True,default,False,0.04995833333333333,False
DeepSeek/ON,s203-rank3-d1-pos2,203,s203-rank3,background,1,True,noise01,False,0.04854166666666693,False
DeepSeek/ON,s203-rank3-d1-pos2,203,s203-rank3,background,1,True,long,False,0.12024999999999997,False
DeepSeek/ON,s203-rank3-d1-pos3,203,s203-rank3,cooperation,1,True,default,False,0.054916666666666725,True
DeepSeek/ON,s203-rank3-d1-pos3,203,s203-rank3,cooperation,1,True,noise01,False,0.044541666666666924,True
DeepSeek/ON,s203-rank3-d1-pos3,203,s203-rank3,cooperation,1,True,long,False,0.12970833333333331,True
DeepSeek/ON,s203-rank3-d1-pos4,203,s203-rank3,accurate,1,True,default,False,0.0448333333333335,False
DeepSeek/ON,s203-rank3-d1-pos4,203,s203-rank3,accurate,1,True,noise01,False,0.02883333333333349,False
DeepSeek/ON,s203-rank3-d1-pos4,203,s203-rank3,accurate,1,True,long,False,0.11804166666666682,False
DeepSeek/ON,s217-rank6-d0-pos0,217,s217-rank6,accurate,0,True,default,False,0.048666666666666636,False
DeepSeek/ON,s217-rank6-d0-pos0,217,s217-rank6,accurate,0,True,noise01,False,0.014416666666666744,False
DeepSeek/ON,s217-rank6-d0-pos0,217,s217-rank6,accurate,0,True,long,False,0.10747916666666679,False
DeepSeek/ON,s217-rank6-d0-pos1,217,s217-rank6,mismatched,0,True,default,False,0.03550000000000009,True
DeepSeek/ON,s217-rank6-d0-pos1,217,s217-rank6,mismatched,0,True,noise01,False,-0.009083333333333332,True
DeepSeek/ON,s217-rank6-d0-pos1,217,s217-rank6,mismatched,0,True,long,False,0.1022291666666666,True
DeepSeek/ON,s217-rank6-d0-pos2,217,s217-rank6,cooperation,0,True,default,False,0.054458333333333275,False
DeepSeek/ON,s217-rank6-d0-pos2,217,s217-rank6,cooperation,0,True,noise01,False,0.03458333333333363,False
DeepSeek/ON,s217-rank6-d0-pos2,217,s217-rank6,cooperation,0,True,long,False,0.11220833333333324,False
DeepSeek/ON,s217-rank6-d0-pos3,217,s217-rank6,background,0,True,default,False,0.054625000000000146,True
DeepSeek/ON,s217-rank6-d0-pos3,217,s217-rank6,background,0,True,noise01,False,0.01983333333333359,True
DeepSeek/ON,s217-rank6-d0-pos3,217,s217-rank6,background,0,True,long,False,0.13845833333333335,True
DeepSeek/ON,s217-rank6-d0-pos4,217,s217-rank6,score,0,True,default,False,0.06929166666666653,True
DeepSeek/ON,s217-rank6-d0-pos4,217,s217-rank6,score,0,True,noise01,False,0.05391666666666661,True
DeepSeek/ON,s217-rank6-d0-pos4,217,s217-rank6,score,0,True,long,False,0.12693749999999993,True
DeepSeek/ON,s207-rank6-d0-pos0,207,s207-rank6,cooperation,0,True,default,False,-0.039999999999999813,False
DeepSeek/ON,s207-rank6-d0-pos0,207,s207-rank6,cooperation,0,True,noise01,False,-0.009750000000000147,False
DeepSeek/ON,s207-rank6-d0-pos0,207,s207-rank6,cooperation,0,True,long,False,-0.006000000000000005,False
DeepSeek/ON,s207-rank6-d0-pos1,207,s207-rank6,accurate,0,True,default,False,0.033833333333333604,False
DeepSeek/ON,s207-rank6-d0-pos1,207,s207-rank6,accurate,0,True,noise01,False,0.0402083333333334,False
DeepSeek/ON,s207-rank6-d0-pos1,207,s207-rank6,accurate,0,True,long,False,0.008333333333333526,False
DeepSeek/ON,s207-rank6-d0-pos2,207,s207-rank6,background,0,True,default,False,-0.014416666666666522,False
DeepSeek/ON,s207-rank6-d0-pos2,207,s207-rank6,background,0,True,noise01,False,-0.002666666666666817,False
DeepSeek/ON,s207-rank6-d0-pos2,207,s207-rank6,background,0,True,long,False,-0.005916666666666348,False
DeepSeek/ON,s207-rank6-d0-pos3,207,s207-rank6,score,0,True,default,False,0.08479166666666704,True
DeepSeek/ON,s207-rank6-d0-pos3,207,s207-rank6,score,0,True,noise01,False,0.08008333333333328,True
DeepSeek/ON,s207-rank6-d0-pos3,207,s207-rank6,score,0,True,long,False,0.03214583333333332,True
DeepSeek/ON,s207-rank6-d0-pos4,207,s207-rank6,mismatched,0,True,default,False,-0.0405416666666667,False
DeepSeek/ON,s207-rank6-d0-pos4,207,s207-rank6,mismatched,0,True,noise01,False,-0.025291666666666712,False
DeepSeek/ON,s207-rank6-d0-pos4,207,s207-rank6,mismatched,0,True,long,False,-0.03154166666666658,False
DeepSeek/ON,s217-rank3-d0-pos0,217,s217-rank3,accurate,0,True,default,False,0.04729166666666673,True
DeepSeek/ON,s217-rank3-d0-pos0,217,s217-rank3,accurate,0,True,noise01,False,0.056624999999999925,True
DeepSeek/ON,s217-rank3-d0-pos0,217,s217-rank3,accurate,0,True,long,False,0.0199583333333333,True
DeepSeek/ON,s217-rank3-d0-pos1,217,s217-rank3,mismatched,0,True,default,False,0.26383333333333336,False
DeepSeek/ON,s217-rank3-d0-pos1,217,s217-rank3,mismatched,0,True,noise01,False,0.19233333333333302,False
DeepSeek/ON,s217-rank3-d0-pos1,217,s217-rank3,mismatched,0,True,long,False,0.10385416666666658,False
DeepSeek/ON,s217-rank3-d0-pos2,217,s217-rank3,cooperation,0,True,default,False,0.019333333333333425,False
DeepSeek/ON,s217-rank3-d0-pos2,217,s217-rank3,cooperation,0,True,noise01,False,0.024708333333333332,False
DeepSeek/ON,s217-rank3-d0-pos2,217,s217-rank3,cooperation,0,True,long,False,0.0007291666666664476,False
DeepSeek/ON,s217-rank3-d0-pos3,217,s217-rank3,background,0,True,default,False,0.06699999999999995,False
DeepSeek/ON,s217-rank3-d0-pos3,217,s217-rank3,background,0,True,noise01,False,0.07162500000000005,False
DeepSeek/ON,s217-rank3-d0-pos3,217,s217-rank3,background,0,True,long,False,-0.002583333333333382,False
DeepSeek/ON,s217-rank3-d0-pos4,217,s217-rank3,score,0,True,default,False,0.06954166666666683,False
DeepSeek/ON,s217-rank3-d0-pos4,217,s217-rank3,score,0,True,noise01,False,0.07275000000000009,False
DeepSeek/ON,s217-rank3-d0-pos4,217,s217-rank3,score,0,True,long,False,0.03943749999999979,False
DeepSeek/ON,s201-rank1-d0-pos0,201,s201-rank1,accurate,0,True,default,False,-0.006749999999999812,False
DeepSeek/ON,s201-rank1-d0-pos0,201,s201-rank1,accurate,0,True,noise01,False,-0.016208333333332936,False
DeepSeek/ON,s201-rank1-d0-pos0,201,s201-rank1,accurate,0,True,long,False,-0.016958333333333186,False
DeepSeek/ON,s201-rank1-d0-pos1,201,s201-rank1,cooperation,0,True,default,False,-0.0006249999999998757,False
DeepSeek/ON,s201-rank1-d0-pos1,201,s201-rank1,cooperation,0,True,noise01,False,-0.010999999999999899,False
DeepSeek/ON,s201-rank1-d0-pos1,201,s201-rank1,cooperation,0,True,long,False,-0.02633333333333332,False
DeepSeek/ON,s201-rank1-d0-pos2,201,s201-rank1,score,0,True,default,False,0.009250000000000203,True
DeepSeek/ON,s201-rank1-d0-pos2,201,s201-rank1,score,0,True,noise01,False,0.008666666666666822,True
DeepSeek/ON,s201-rank1-d0-pos2,201,s201-rank1,score,0,True,long,False,0.0015000000000000568,True
DeepSeek/ON,s201-rank1-d0-pos3,201,s201-rank1,mismatched,0,True,default,False,-0.09420833333333323,False
DeepSeek/ON,s201-rank1-d0-pos3,201,s201-rank1,mismatched,0,True,noise01,False,-0.0635833333333331,False
DeepSeek/ON,s201-rank1-d0-pos3,201,s201-rank1,mismatched,0,True,long,False,-0.07004166666666656,False
DeepSeek/ON,s201-rank1-d0-pos4,201,s201-rank1,background,0,True,default,False,0.0023333333333332984,False
DeepSeek/ON,s201-rank1-d0-pos4,201,s201-rank1,background,0,True,noise01,False,-0.0013333333333331865,False
DeepSeek/ON,s201-rank1-d0-pos4,201,s201-rank1,background,0,True,long,False,0.00043749999999986855,False
DeepSeek/ON,s215-rank1-d0-pos0,215,s215-rank1,background,0,True,default,False,-0.10541666666666649,False
DeepSeek/ON,s215-rank1-d0-pos0,215,s215-rank1,background,0,True,noise01,False,-0.14729166666666682,False
DeepSeek/ON,s215-rank1-d0-pos0,215,s215-rank1,background,0,True,long,False,-0.16645833333333337,False
DeepSeek/ON,s215-rank1-d0-pos1,215,s215-rank1,accurate,0,True,default,False,0.3955416666666667,True
DeepSeek/ON,s215-rank1-d0-pos1,215,s215-rank1,accurate,0,True,noise01,False,0.3649583333333333,True
DeepSeek/ON,s215-rank1-d0-pos1,215,s215-rank1,accurate,0,True,long,False,0.15602083333333305,True
DeepSeek/ON,s215-rank1-d0-pos2,215,s215-rank1,mismatched,0,True,default,False,0.026583333333333403,True
DeepSeek/ON,s215-rank1-d0-pos2,215,s215-rank1,mismatched,0,True,noise01,False,0.023541666666666572,True
DeepSeek/ON,s215-rank1-d0-pos2,215,s215-rank1,mismatched,0,True,long,False,-0.00956250000000014,True
DeepSeek/ON,s215-rank1-d0-pos3,215,s215-rank1,cooperation,0,True,default,False,0.377291666666667,True
DeepSeek/ON,s215-rank1-d0-pos3,215,s215-rank1,cooperation,0,True,noise01,False,0.3234999999999999,True
DeepSeek/ON,s215-rank1-d0-pos3,215,s215-rank1,cooperation,0,True,long,False,0.3417291666666664,True
DeepSeek/ON,s215-rank1-d0-pos4,215,s215-rank1,score,0,True,default,False,0.16270833333333345,True
DeepSeek/ON,s215-rank1-d0-pos4,215,s215-rank1,score,0,True,noise01,False,0.1283333333333332,True
DeepSeek/ON,s215-rank1-d0-pos4,215,s215-rank1,score,0,True,long,False,0.1450625000000001,True
DeepSeek/ON,s213-rank6-d0-pos0,213,s213-rank6,accurate,0,True,default,False,0.03970833333333368,False
DeepSeek/ON,s213-rank6-d0-pos0,213,s213-rank6,accurate,0,True,noise01,False,0.03283333333333327,False
DeepSeek/ON,s213-rank6-d0-pos0,213,s213-rank6,accurate,0,True,long,False,0.013666666666666716,False
DeepSeek/ON,s213-rank6-d0-pos1,213,s213-rank6,cooperation,0,True,default,False,-0.0323333333333331,False
DeepSeek/ON,s213-rank6-d0-pos1,213,s213-rank6,cooperation,0,True,noise01,False,-0.01966666666666672,False
DeepSeek/ON,s213-rank6-d0-pos1,213,s213-rank6,cooperation,0,True,long,False,-0.012979166666666542,False
DeepSeek/ON,s213-rank6-d0-pos2,213,s213-rank6,background,0,True,default,False,0.0737500000000002,True
DeepSeek/ON,s213-rank6-d0-pos2,213,s213-rank6,background,0,True,noise01,False,0.08462500000000017,True
DeepSeek/ON,s213-rank6-d0-pos2,213,s213-rank6,background,0,True,long,False,0.03408333333333324,True
DeepSeek/ON,s213-rank6-d0-pos3,213,s213-rank6,score,0,True,default,False,0.10537500000000022,True
DeepSeek/ON,s213-rank6-d0-pos3,213,s213-rank6,score,0,True,noise01,False,0.1299583333333334,True
DeepSeek/ON,s213-rank6-d0-pos3,213,s213-rank6,score,0,True,long,False,0.043749999999999956,True
DeepSeek/ON,s213-rank6-d0-pos4,213,s213-rank6,mismatched,0,True,default,False,0.039125000000000076,True
DeepSeek/ON,s213-rank6-d0-pos4,213,s213-rank6,mismatched,0,True,noise01,False,0.04212500000000019,True
DeepSeek/ON,s213-rank6-d0-pos4,213,s213-rank6,mismatched,0,True,long,False,0.026604166666666762,True
DeepSeek/ON,s215-rank1-d1-pos0,215,s215-rank1,background,1,True,default,False,0.11837500000000012,True
DeepSeek/ON,s215-rank1-d1-pos0,215,s215-rank1,background,1,True,noise01,False,0.10216666666666652,True
DeepSeek/ON,s215-rank1-d1-pos0,215,s215-rank1,background,1,True,long,False,0.08720833333333311,True
DeepSeek/ON,s215-rank1-d1-pos1,215,s215-rank1,accurate,1,True,default,False,0.04337500000000016,False
DeepSeek/ON,s215-rank1-d1-pos1,215,s215-rank1,accurate,1,True,noise01,False,0.03479166666666633,False
DeepSeek/ON,s215-rank1-d1-pos1,215,s215-rank1,accurate,1,True,long,False,0.05902083333333308,False
DeepSeek/ON,s215-rank1-d1-pos2,215,s215-rank1,mismatched,1,True,default,False,-0.019041666666666623,False
DeepSeek/ON,s215-rank1-d1-pos2,215,s215-rank1,mismatched,1,True,noise01,False,-0.02508333333333357,False
DeepSeek/ON,s215-rank1-d1-pos2,215,s215-rank1,mismatched,1,True,long,False,-0.035541666666666805,False
DeepSeek/ON,s215-rank1-d1-pos3,215,s215-rank1,cooperation,1,True,default,False,0.01779166666666665,False
DeepSeek/ON,s215-rank1-d1-pos3,215,s215-rank1,cooperation,1,True,noise01,False,0.006833333333333025,False
DeepSeek/ON,s215-rank1-d1-pos3,215,s215-rank1,cooperation,1,True,long,False,0.006270833333333226,False
DeepSeek/ON,s215-rank1-d1-pos4,215,s215-rank1,score,1,True,default,False,0.06954166666666661,False
DeepSeek/ON,s215-rank1-d1-pos4,215,s215-rank1,score,1,True,noise01,False,0.044041666666666535,False
DeepSeek/ON,s215-rank1-d1-pos4,215,s215-rank1,score,1,True,long,False,0.04479166666666656,False
DeepSeek/ON,s212-rank1-d1-pos0,212,s212-rank1,accurate,1,True,default,False,0.02637500000000026,True
DeepSeek/ON,s212-rank1-d1-pos0,212,s212-rank1,accurate,1,True,noise01,False,0.035416666666667096,True
DeepSeek/ON,s212-rank1-d1-pos0,212,s212-rank1,accurate,1,True,long,False,-0.0518333333333334,True
DeepSeek/ON,s212-rank1-d1-pos1,212,s212-rank1,score,1,True,default,False,0.002874999999999961,True
DeepSeek/ON,s212-rank1-d1-pos1,212,s212-rank1,score,1,True,noise01,False,0.0022083333333335897,True
DeepSeek/ON,s212-rank1-d1-pos1,212,s212-rank1,score,1,True,long,False,-0.03731249999999986,True
DeepSeek/ON,s212-rank1-d1-pos2,212,s212-rank1,mismatched,1,True,default,False,0.10579166666666673,False
DeepSeek/ON,s212-rank1-d1-pos2,212,s212-rank1,mismatched,1,True,noise01,False,0.09387500000000037,False
DeepSeek/ON,s212-rank1-d1-pos2,212,s212-rank1,mismatched,1,True,long,False,0.05906250000000002,False
DeepSeek/ON,s212-rank1-d1-pos3,212,s212-rank1,background,1,True,default,False,-0.0018333333333333535,False
DeepSeek/ON,s212-rank1-d1-pos3,212,s212-rank1,background,1,True,noise01,False,0.004666666666667041,False
DeepSeek/ON,s212-rank1-d1-pos3,212,s212-rank1,background,1,True,long,False,-0.11029166666666668,False
DeepSeek/ON,s212-rank1-d1-pos4,212,s212-rank1,cooperation,1,True,default,False,0.050458333333333716,True
DeepSeek/ON,s212-rank1-d1-pos4,212,s212-rank1,cooperation,1,True,noise01,False,0.05225000000000013,True
DeepSeek/ON,s212-rank1-d1-pos4,212,s212-rank1,cooperation,1,True,long,False,0.03166666666666651,True
DeepSeek/ON,s204-rank1-d0-pos0,204,s204-rank1,score,0,True,default,False,0.13004166666666683,True
DeepSeek/ON,s204-rank1-d0-pos0,204,s204-rank1,score,0,True,noise01,False,0.12079166666666685,True
DeepSeek/ON,s204-rank1-d0-pos0,204,s204-rank1,score,0,True,long,False,0.15479166666666666,True
DeepSeek/ON,s204-rank1-d0-pos1,204,s204-rank1,mismatched,0,True,default,False,0.007583333333333497,False
DeepSeek/ON,s204-rank1-d0-pos1,204,s204-rank1,mismatched,0,True,noise01,False,0.02416666666666667,False
DeepSeek/ON,s204-rank1-d0-pos1,204,s204-rank1,mismatched,0,True,long,False,-0.00014583333333306747,False
DeepSeek/ON,s204-rank1-d0-pos2,204,s204-rank1,cooperation,0,True,default,False,0.001291666666666913,False
DeepSeek/ON,s204-rank1-d0-pos2,204,s204-rank1,cooperation,0,True,noise01,False,0.00029166666666657903,False
DeepSeek/ON,s204-rank1-d0-pos2,204,s204-rank1,cooperation,0,True,long,False,0.00041666666666650976,False
DeepSeek/ON,s204-rank1-d0-pos3,204,s204-rank1,accurate,0,True,default,False,0.02737500000000015,False
DeepSeek/ON,s204-rank1-d0-pos3,204,s204-rank1,accurate,0,True,noise01,False,0.03245833333333348,False
DeepSeek/ON,s204-rank1-d0-pos3,204,s204-rank1,accurate,0,True,long,False,0.1068541666666667,False
DeepSeek/ON,s204-rank1-d0-pos4,204,s204-rank1,background,0,True,default,False,0.04866666666666686,True
DeepSeek/ON,s204-rank1-d0-pos4,204,s204-rank1,background,0,True,noise01,False,0.03370833333333345,True
DeepSeek/ON,s204-rank1-d0-pos4,204,s204-rank1,background,0,True,long,False,0.11175000000000024,True
DeepSeek/ON,s210-rank3-d0-pos0,210,s210-rank3,background,0,True,default,False,0.0728333333333333,True
DeepSeek/ON,s210-rank3-d0-pos0,210,s210-rank3,background,0,True,noise01,False,0.1011666666666664,True
DeepSeek/ON,s210-rank3-d0-pos0,210,s210-rank3,background,0,True,long,False,0.0419583333333331,True
DeepSeek/ON,s210-rank3-d0-pos1,210,s210-rank3,score,0,True,default,False,0.06979166666666647,True
DeepSeek/ON,s210-rank3-d0-pos1,210,s210-rank3,score,0,True,noise01,False,0.08441666666666636,True
DeepSeek/ON,s210-rank3-d0-pos1,210,s210-rank3,score,0,True,long,False,0.0248541666666664,True
DeepSeek/ON,s210-rank3-d0-pos2,210,s210-rank3,cooperation,0,True,default,False,0.09504166666666669,True
DeepSeek/ON,s210-rank3-d0-pos2,210,s210-rank3,cooperation,0,True,noise01,False,0.10704166666666648,True
DeepSeek/ON,s210-rank3-d0-pos2,210,s210-rank3,cooperation,0,True,long,False,0.06702083333333309,True
DeepSeek/ON,s210-rank3-d0-pos3,210,s210-rank3,accurate,0,True,default,False,0.11283333333333312,False
DeepSeek/ON,s210-rank3-d0-pos3,210,s210-rank3,accurate,0,True,noise01,False,0.11462499999999975,False
DeepSeek/ON,s210-rank3-d0-pos3,210,s210-rank3,accurate,0,True,long,False,0.07072916666666651,False
DeepSeek/ON,s210-rank3-d0-pos4,210,s210-rank3,mismatched,0,True,default,False,0.015333333333333199,False
DeepSeek/ON,s210-rank3-d0-pos4,210,s210-rank3,mismatched,0,True,noise01,False,0.03683333333333305,False
DeepSeek/ON,s210-rank3-d0-pos4,210,s210-rank3,mismatched,0,True,long,False,0.018020833333333375,False
DeepSeek/ON,s208-rank3-d0-pos0,208,s208-rank3,score,0,True,default,False,0.09849999999999981,True
DeepSeek/ON,s208-rank3-d0-pos0,208,s208-rank3,score,0,True,noise01,False,0.07637499999999986,True
DeepSeek/ON,s208-rank3-d0-pos0,208,s208-rank3,score,0,True,long,False,0.03541666666666665,True
DeepSeek/ON,s208-rank3-d0-pos1,208,s208-rank3,background,0,True,default,False,0.024208333333333165,True
DeepSeek/ON,s208-rank3-d0-pos1,208,s208-rank3,background,0,True,noise01,False,0.010666666666666824,True
DeepSeek/ON,s208-rank3-d0-pos1,208,s208-rank3,background,0,True,long,False,-0.008770833333333394,True
DeepSeek/ON,s208-rank3-d0-pos2,208,s208-rank3,cooperation,0,True,default,False,-0.02558333333333329,False
DeepSeek/ON,s208-rank3-d0-pos2,208,s208-rank3,cooperation,0,True,noise01,False,-0.044208333333333405,False
DeepSeek/ON,s208-rank3-d0-pos2,208,s208-rank3,cooperation,0,True,long,False,-0.03175000000000017,False
DeepSeek/ON,s208-rank3-d0-pos3,208,s208-rank3,mismatched,0,True,default,False,0.08262499999999995,True
DeepSeek/ON,s208-rank3-d0-pos3,208,s208-rank3,mismatched,0,True,noise01,False,0.07945833333333296,True
DeepSeek/ON,s208-rank3-d0-pos3,208,s208-rank3,mismatched,0,True,long,False,0.028458333333333252,True
DeepSeek/ON,s208-rank3-d0-pos4,208,s208-rank3,accurate,0,True,default,False,0.03170833333333345,False
DeepSeek/ON,s208-rank3-d0-pos4,208,s208-rank3,accurate,0,True,noise01,False,0.02037499999999981,False
DeepSeek/ON,s208-rank3-d0-pos4,208,s208-rank3,accurate,0,True,long,False,-0.001979166666666865,False
DeepSeek/ON,s219-rank1-d0-pos0,219,s219-rank1,accurate,0,True,default,False,0.04875000000000007,True
DeepSeek/ON,s219-rank1-d0-pos0,219,s219-rank1,accurate,0,True,noise01,False,0.06025000000000014,True
DeepSeek/ON,s219-rank1-d0-pos0,219,s219-rank1,accurate,0,True,long,False,0.04449999999999976,True
DeepSeek/ON,s219-rank1-d0-pos1,219,s219-rank1,score,0,True,default,False,0.044666666666666854,True
DeepSeek/ON,s219-rank1-d0-pos1,219,s219-rank1,score,0,True,noise01,False,0.04904166666666687,True
DeepSeek/ON,s219-rank1-d0-pos1,219,s219-rank1,score,0,True,long,False,0.005520833333332975,True
DeepSeek/ON,s219-rank1-d0-pos2,219,s219-rank1,cooperation,0,True,default,False,0.05416666666666692,False
DeepSeek/ON,s219-rank1-d0-pos2,219,s219-rank1,cooperation,0,True,noise01,False,0.0677916666666667,False
DeepSeek/ON,s219-rank1-d0-pos2,219,s219-rank1,cooperation,0,True,long,False,0.013812499999999783,False
DeepSeek/ON,s219-rank1-d0-pos3,219,s219-rank1,background,0,True,default,False,0.049416666666666664,True
DeepSeek/ON,s219-rank1-d0-pos3,219,s219-rank1,background,0,True,noise01,False,0.06729166666666697,True
DeepSeek/ON,s219-rank1-d0-pos3,219,s219-rank1,background,0,True,long,False,-0.08462500000000017,True
DeepSeek/ON,s219-rank1-d0-pos4,219,s219-rank1,mismatched,0,True,default,False,0.09775000000000023,True
DeepSeek/ON,s219-rank1-d0-pos4,219,s219-rank1,mismatched,0,True,noise01,False,0.09795833333333315,True
DeepSeek/ON,s219-rank1-d0-pos4,219,s219-rank1,mismatched,0,True,long,False,0.03531249999999986,True
DeepSeek/ON,s203-rank3-d0-pos0,203,s203-rank3,score,0,True,default,False,0.04100000000000015,True
DeepSeek/ON,s203-rank3-d0-pos0,203,s203-rank3,score,0,True,noise01,False,0.03533333333333344,True
DeepSeek/ON,s203-rank3-d0-pos0,203,s203-rank3,score,0,True,long,False,0.11185416666666659,True
DeepSeek/ON,s203-rank3-d0-pos1,203,s203-rank3,mismatched,0,True,default,False,0.029583333333333517,True
DeepSeek/ON,s203-rank3-d0-pos1,203,s203-rank3,mismatched,0,True,noise01,False,0.0005416666666668846,True
DeepSeek/ON,s203-rank3-d0-pos1,203,s203-rank3,mismatched,0,True,long,False,0.10070833333333318,True
DeepSeek/ON,s203-rank3-d0-pos2,203,s203-rank3,background,0,True,default,False,0.06291666666666673,True
DeepSeek/ON,s203-rank3-d0-pos2,203,s203-rank3,background,0,True,noise01,False,0.08333333333333348,True
DeepSeek/ON,s203-rank3-d0-pos2,203,s203-rank3,background,0,True,long,False,0.14075000000000015,True
DeepSeek/ON,s203-rank3-d0-pos3,203,s203-rank3,cooperation,0,True,default,False,0.027000000000000135,False
DeepSeek/ON,s203-rank3-d0-pos3,203,s203-rank3,cooperation,0,True,noise01,False,0.01245833333333346,False
DeepSeek/ON,s203-rank3-d0-pos3,203,s203-rank3,cooperation,0,True,long,False,0.11214583333333339,False
DeepSeek/ON,s203-rank3-d0-pos4,203,s203-rank3,accurate,0,True,default,False,0.08325000000000005,True
DeepSeek/ON,s203-rank3-d0-pos4,203,s203-rank3,accurate,0,True,noise01,False,0.05929166666666674,True
DeepSeek/ON,s203-rank3-d0-pos4,203,s203-rank3,accurate,0,True,long,False,0.15804166666666664,True
DeepSeek/ON,s209-rank6-d1-pos0,209,s209-rank6,mismatched,1,True,default,False,0.14787499999999998,True
DeepSeek/ON,s209-rank6-d1-pos0,209,s209-rank6,mismatched,1,True,noise01,False,0.0954999999999997,True
DeepSeek/ON,s209-rank6-d1-pos0,209,s209-rank6,mismatched,1,True,long,False,0.07035416666666694,True
DeepSeek/ON,s209-rank6-d1-pos1,209,s209-rank6,background,1,True,default,False,-0.008791666666666531,False
DeepSeek/ON,s209-rank6-d1-pos1,209,s209-rank6,background,1,True,noise01,False,0.005166666666666542,False
DeepSeek/ON,s209-rank6-d1-pos1,209,s209-rank6,background,1,True,long,False,0.01133333333333364,False
DeepSeek/ON,s209-rank6-d1-pos2,209,s209-rank6,accurate,1,True,default,False,0.006333333333333302,False
DeepSeek/ON,s209-rank6-d1-pos2,209,s209-rank6,accurate,1,True,noise01,False,0.014208333333333156,False
DeepSeek/ON,s209-rank6-d1-pos2,209,s209-rank6,accurate,1,True,long,False,0.0073750000000001315,False
DeepSeek/ON,s209-rank6-d1-pos3,209,s209-rank6,score,1,True,default,False,-0.05341666666666667,False
DeepSeek/ON,s209-rank6-d1-pos3,209,s209-rank6,score,1,True,noise01,False,-0.0202500000000001,False
DeepSeek/ON,s209-rank6-d1-pos3,209,s209-rank6,score,1,True,long,False,-0.04814583333333289,False
DeepSeek/ON,s209-rank6-d1-pos4,209,s209-rank6,cooperation,1,True,default,False,-0.01404166666666673,False
DeepSeek/ON,s209-rank6-d1-pos4,209,s209-rank6,cooperation,1,True,noise01,False,0.0026249999999998774,False
DeepSeek/ON,s209-rank6-d1-pos4,209,s209-rank6,cooperation,1,True,long,False,-0.0055833333333330515,False
DeepSeek/ON,s200-rank6-d0-pos0,200,s200-rank6,mismatched,0,True,default,False,0.1872916666666664,True
DeepSeek/ON,s200-rank6-d0-pos0,200,s200-rank6,mismatched,0,True,noise01,False,0.1349999999999998,True
DeepSeek/ON,s200-rank6-d0-pos0,200,s200-rank6,mismatched,0,True,long,False,0.15545833333333303,True
DeepSeek/ON,s200-rank6-d0-pos1,200,s200-rank6,background,0,True,default,False,0.12674999999999992,True
DeepSeek/ON,s200-rank6-d0-pos1,200,s200-rank6,background,0,True,noise01,False,0.09629166666666666,True
DeepSeek/ON,s200-rank6-d0-pos1,200,s200-rank6,background,0,True,long,False,0.10954166666666643,True
DeepSeek/ON,s200-rank6-d0-pos2,200,s200-rank6,cooperation,0,True,default,False,0.07441666666666658,False
DeepSeek/ON,s200-rank6-d0-pos2,200,s200-rank6,cooperation,0,True,noise01,False,0.0018333333333333535,False
DeepSeek/ON,s200-rank6-d0-pos2,200,s200-rank6,cooperation,0,True,long,False,0.07360416666666647,False
DeepSeek/ON,s200-rank6-d0-pos3,200,s200-rank6,accurate,0,True,default,False,0.14979166666666677,False
DeepSeek/ON,s200-rank6-d0-pos3,200,s200-rank6,accurate,0,True,noise01,False,0.11987499999999995,False
DeepSeek/ON,s200-rank6-d0-pos3,200,s200-rank6,accurate,0,True,long,False,0.15208333333333313,False
DeepSeek/ON,s200-rank6-d0-pos4,200,s200-rank6,score,0,True,default,False,0.0994583333333332,True
DeepSeek/ON,s200-rank6-d0-pos4,200,s200-rank6,score,0,True,noise01,False,0.06629166666666664,True
DeepSeek/ON,s200-rank6-d0-pos4,200,s200-rank6,score,0,True,long,False,0.09104166666666647,True
DeepSeek/ON,s207-rank6-d1-pos0,207,s207-rank6,cooperation,1,True,default,False,0.03716666666666679,True
DeepSeek/ON,s207-rank6-d1-pos0,207,s207-rank6,cooperation,1,True,noise01,False,0.05829166666666641,True
DeepSeek/ON,s207-rank6-d1-pos0,207,s207-rank6,cooperation,1,True,long,False,0.008333333333333526,True
DeepSeek/ON,s207-rank6-d1-pos1,207,s207-rank6,accurate,1,True,default,False,0.13733333333333353,True
DeepSeek/ON,s207-rank6-d1-pos1,207,s207-rank6,accurate,1,True,noise01,False,0.13516666666666644,True
DeepSeek/ON,s207-rank6-d1-pos1,207,s207-rank6,accurate,1,True,long,False,0.12402083333333325,True
DeepSeek/ON,s207-rank6-d1-pos2,207,s207-rank6,background,1,True,default,False,0.055333333333333456,True
DeepSeek/ON,s207-rank6-d1-pos2,207,s207-rank6,background,1,True,noise01,False,0.057041666666666435,True
DeepSeek/ON,s207-rank6-d1-pos2,207,s207-rank6,background,1,True,long,False,0.015875000000000083,True
DeepSeek/ON,s207-rank6-d1-pos3,207,s207-rank6,score,1,True,default,False,0.061750000000000194,False
DeepSeek/ON,s207-rank6-d1-pos3,207,s207-rank6,score,1,True,noise01,False,0.07041666666666635,False
DeepSeek/ON,s207-rank6-d1-pos3,207,s207-rank6,score,1,True,long,False,0.13637500000000014,False
DeepSeek/ON,s207-rank6-d1-pos4,207,s207-rank6,mismatched,1,True,default,False,0.09604166666666702,True
DeepSeek/ON,s207-rank6-d1-pos4,207,s207-rank6,mismatched,1,True,noise01,False,0.08666666666666667,True
DeepSeek/ON,s207-rank6-d1-pos4,207,s207-rank6,mismatched,1,True,long,False,0.07679166666666681,True
DeepSeek/ON,s200-rank1-d1-pos0,200,s200-rank1,mismatched,1,True,default,False,0.006333333333333524,False
DeepSeek/ON,s200-rank1-d1-pos0,200,s200-rank1,mismatched,1,True,noise01,False,0.007750000000000146,False
DeepSeek/ON,s200-rank1-d1-pos0,200,s200-rank1,mismatched,1,True,long,False,0.023499999999999854,False
DeepSeek/ON,s200-rank1-d1-pos1,200,s200-rank1,background,1,True,default,False,0.04895833333333344,True
DeepSeek/ON,s200-rank1-d1-pos1,200,s200-rank1,background,1,True,noise01,False,0.04475000000000029,True
DeepSeek/ON,s200-rank1-d1-pos1,200,s200-rank1,background,1,True,long,False,0.03408333333333369,True
DeepSeek/ON,s200-rank1-d1-pos2,200,s200-rank1,cooperation,1,True,default,False,0.03400000000000003,True
DeepSeek/ON,s200-rank1-d1-pos2,200,s200-rank1,cooperation,1,True,noise01,False,0.025249999999999995,True
DeepSeek/ON,s200-rank1-d1-pos2,200,s200-rank1,cooperation,1,True,long,False,0.013291666666666702,True
DeepSeek/ON,s200-rank1-d1-pos3,200,s200-rank1,accurate,1,True,default,False,0.011874999999999858,False
DeepSeek/ON,s200-rank1-d1-pos3,200,s200-rank1,accurate,1,True,noise01,False,0.03491666666666671,False
DeepSeek/ON,s200-rank1-d1-pos3,200,s200-rank1,accurate,1,True,long,False,0.006645833333333462,False
DeepSeek/ON,s200-rank1-d1-pos4,200,s200-rank1,score,1,True,default,False,0.02499999999999991,True
DeepSeek/ON,s200-rank1-d1-pos4,200,s200-rank1,score,1,True,noise01,False,0.013833333333333586,True
DeepSeek/ON,s200-rank1-d1-pos4,200,s200-rank1,score,1,True,long,False,0.011416666666666853,True
DeepSeek/ON,s216-rank3-d1-pos0,216,s216-rank3,mismatched,1,True,default,False,0.22933333333333317,True
DeepSeek/ON,s216-rank3-d1-pos0,216,s216-rank3,mismatched,1,True,noise01,False,0.1770833333333337,True
DeepSeek/ON,s216-rank3-d1-pos0,216,s216-rank3,mismatched,1,True,long,False,0.17158333333333342,True
DeepSeek/ON,s216-rank3-d1-pos1,216,s216-rank3,accurate,1,True,default,False,0.11895833333333328,False
DeepSeek/ON,s216-rank3-d1-pos1,216,s216-rank3,accurate,1,True,noise01,False,0.08087500000000003,False
DeepSeek/ON,s216-rank3-d1-pos1,216,s216-rank3,accurate,1,True,long,False,0.04187500000000011,False
DeepSeek/ON,s216-rank3-d1-pos2,216,s216-rank3,score,1,True,default,False,0.052999999999999714,False
DeepSeek/ON,s216-rank3-d1-pos2,216,s216-rank3,score,1,True,noise01,False,0.04600000000000004,False
DeepSeek/ON,s216-rank3-d1-pos2,216,s216-rank3,score,1,True,long,False,0.018458333333333243,False
DeepSeek/ON,s216-rank3-d1-pos3,216,s216-rank3,background,1,True,default,False,0.05195833333333333,False
DeepSeek/ON,s216-rank3-d1-pos3,216,s216-rank3,background,1,True,noise01,False,0.04475000000000007,False
DeepSeek/ON,s216-rank3-d1-pos3,216,s216-rank3,background,1,True,long,False,0.009833333333333139,False
DeepSeek/ON,s216-rank3-d1-pos4,216,s216-rank3,cooperation,1,True,default,False,0.08508333333333318,True
DeepSeek/ON,s216-rank3-d1-pos4,216,s216-rank3,cooperation,1,True,noise01,False,0.07050000000000023,True
DeepSeek/ON,s216-rank3-d1-pos4,216,s216-rank3,cooperation,1,True,long,False,0.04791666666666661,True
DeepSeek/ON,s210-rank3-d1-pos0,210,s210-rank3,background,1,True,default,False,0.0728333333333333,False
DeepSeek/ON,s210-rank3-d1-pos0,210,s210-rank3,background,1,True,noise01,False,0.1011666666666664,False
DeepSeek/ON,s210-rank3-d1-pos0,210,s210-rank3,background,1,True,long,False,0.054916666666666725,False
DeepSeek/ON,s210-rank3-d1-pos1,210,s210-rank3,score,1,True,default,False,0.05216666666666647,False
DeepSeek/ON,s210-rank3-d1-pos1,210,s210-rank3,score,1,True,noise01,False,0.04283333333333306,False
DeepSeek/ON,s210-rank3-d1-pos1,210,s210-rank3,score,1,True,long,False,0.02908333333333335,False
DeepSeek/ON,s210-rank3-d1-pos2,210,s210-rank3,cooperation,1,True,default,False,0.09766666666666657,False
DeepSeek/ON,s210-rank3-d1-pos2,210,s210-rank3,cooperation,1,True,noise01,False,0.12449999999999983,False
DeepSeek/ON,s210-rank3-d1-pos2,210,s210-rank3,cooperation,1,True,long,False,0.08916666666666662,False
DeepSeek/ON,s210-rank3-d1-pos3,210,s210-rank3,accurate,1,True,default,False,0.08254166666666651,True
DeepSeek/ON,s210-rank3-d1-pos3,210,s210-rank3,accurate,1,True,noise01,False,0.09883333333333333,True
DeepSeek/ON,s210-rank3-d1-pos3,210,s210-rank3,accurate,1,True,long,False,0.06354166666666661,True
DeepSeek/ON,s210-rank3-d1-pos4,210,s210-rank3,mismatched,1,True,default,False,0.08904166666666669,True
DeepSeek/ON,s210-rank3-d1-pos4,210,s210-rank3,mismatched,1,True,noise01,False,0.10491666666666655,True
DeepSeek/ON,s210-rank3-d1-pos4,210,s210-rank3,mismatched,1,True,long,False,0.0749791666666666,True
DeepSeek/ON,s215-rank3-d1-pos0,215,s215-rank3,background,1,True,default,False,0.06904166666666667,True
DeepSeek/ON,s215-rank3-d1-pos0,215,s215-rank3,background,1,True,noise01,False,0.06058333333333321,True
DeepSeek/ON,s215-rank3-d1-pos0,215,s215-rank3,background,1,True,long,False,0.0072708333333333375,True
DeepSeek/ON,s215-rank3-d1-pos1,215,s215-rank3,accurate,1,True,default,False,0.041166666666666796,True
DeepSeek/ON,s215-rank3-d1-pos1,215,s215-rank3,accurate,1,True,noise01,False,0.04574999999999996,True
DeepSeek/ON,s215-rank3-d1-pos1,215,s215-rank3,accurate,1,True,long,False,0.001875000000000071,True
DeepSeek/ON,s215-rank3-d1-pos2,215,s215-rank3,mismatched,1,True,default,False,0.02341666666666664,False
DeepSeek/ON,s215-rank3-d1-pos2,215,s215-rank3,mismatched,1,True,noise01,False,0.02358333333333351,False
DeepSeek/ON,s215-rank3-d1-pos2,215,s215-rank3,mismatched,1,True,long,False,-0.013249999999999762,False
DeepSeek/ON,s215-rank3-d1-pos3,215,s215-rank3,cooperation,1,True,default,False,0.056958333333333666,True
DeepSeek/ON,s215-rank3-d1-pos3,215,s215-rank3,cooperation,1,True,noise01,False,0.04925000000000024,True
DeepSeek/ON,s215-rank3-d1-pos3,215,s215-rank3,cooperation,1,True,long,False,0.02358333333333351,True
DeepSeek/ON,s215-rank3-d1-pos4,215,s215-rank3,score,1,True,default,False,0.025000000000000355,False
DeepSeek/ON,s215-rank3-d1-pos4,215,s215-rank3,score,1,True,noise01,False,0.036416666666666764,False
DeepSeek/ON,s215-rank3-d1-pos4,215,s215-rank3,score,1,True,long,False,0.011812500000000004,False
DeepSeek/ON,s219-rank3-d1-pos0,219,s219-rank3,accurate,1,True,default,False,0.012166666666666659,False
DeepSeek/ON,s219-rank3-d1-pos0,219,s219-rank3,accurate,1,True,noise01,False,-0.013291666666666702,False
DeepSeek/ON,s219-rank3-d1-pos0,219,s219-rank3,accurate,1,True,long,False,-0.016833333333333478,False
DeepSeek/ON,s219-rank3-d1-pos1,219,s219-rank3,score,1,True,default,False,0.07866666666666666,False
DeepSeek/ON,s219-rank3-d1-pos1,219,s219-rank3,score,1,True,noise01,False,0.027541666666666798,False
DeepSeek/ON,s219-rank3-d1-pos1,219,s219-rank3,score,1,True,long,False,0.008041666666666725,False
DeepSeek/ON,s219-rank3-d1-pos2,219,s219-rank3,cooperation,1,True,default,False,0.0315833333333333,True
DeepSeek/ON,s219-rank3-d1-pos2,219,s219-rank3,cooperation,1,True,noise01,False,0.026458333333333472,True
DeepSeek/ON,s219-rank3-d1-pos2,219,s219-rank3,cooperation,1,True,long,False,-0.004687499999999956,True
DeepSeek/ON,s219-rank3-d1-pos3,219,s219-rank3,background,1,True,default,False,0.008124999999999938,True
DeepSeek/ON,s219-rank3-d1-pos3,219,s219-rank3,background,1,True,noise01,False,0.010208333333333153,True
DeepSeek/ON,s219-rank3-d1-pos3,219,s219-rank3,background,1,True,long,False,-0.00047916666666658614,True
DeepSeek/ON,s219-rank3-d1-pos4,219,s219-rank3,mismatched,1,True,default,False,0.015833333333333144,False
DeepSeek/ON,s219-rank3-d1-pos4,219,s219-rank3,mismatched,1,True,noise01,False,-0.01520833333333349,False
DeepSeek/ON,s219-rank3-d1-pos4,219,s219-rank3,mismatched,1,True,long,False,-0.011208333333333487,False
DeepSeek/ON,s212-rank3-d0-pos0,212,s212-rank3,accurate,0,True,default,False,0.024124999999999952,True
DeepSeek/ON,s212-rank3-d0-pos0,212,s212-rank3,accurate,0,True,noise01,False,0.04108333333333336,True
DeepSeek/ON,s212-rank3-d0-pos0,212,s212-rank3,accurate,0,True,long,False,-0.04310416666666672,True
DeepSeek/ON,s212-rank3-d0-pos1,212,s212-rank3,score,0,True,default,False,0.0532083333333333,False
DeepSeek/ON,s212-rank3-d0-pos1,212,s212-rank3,score,0,True,noise01,False,0.04558333333333331,False
DeepSeek/ON,s212-rank3-d0-pos1,212,s212-rank3,score,0,True,long,False,-0.03404166666666675,False
DeepSeek/ON,s212-rank3-d0-pos2,212,s212-rank3,mismatched,0,True,default,False,0.0068749999999999645,False
DeepSeek/ON,s212-rank3-d0-pos2,212,s212-rank3,mismatched,0,True,noise01,False,-0.00158333333333327,False
DeepSeek/ON,s212-rank3-d0-pos2,212,s212-rank3,mismatched,0,True,long,False,-0.0656458333333334,False
DeepSeek/ON,s212-rank3-d0-pos3,212,s212-rank3,background,0,True,default,False,0.08899999999999997,False
DeepSeek/ON,s212-rank3-d0-pos3,212,s212-rank3,background,0,True,noise01,False,0.09899999999999998,False
DeepSeek/ON,s212-rank3-d0-pos3,212,s212-rank3,background,0,True,long,False,-0.017916666666666803,False
DeepSeek/ON,s212-rank3-d0-pos4,212,s212-rank3,cooperation,0,True,default,False,0.05470833333333336,False
DeepSeek/ON,s212-rank3-d0-pos4,212,s212-rank3,cooperation,0,True,noise01,False,0.055625000000000036,False
DeepSeek/ON,s212-rank3-d0-pos4,212,s212-rank3,cooperation,0,True,long,False,0.011895833333333217,False
DeepSeek/ON,s215-rank3-d0-pos0,215,s215-rank3,background,0,True,default,False,-0.004624999999999657,False
DeepSeek/ON,s215-rank3-d0-pos0,215,s215-rank3,background,0,True,noise01,False,0.008375000000000021,False
DeepSeek/ON,s215-rank3-d0-pos0,215,s215-rank3,background,0,True,long,False,6.250000000007638e-05,False
DeepSeek/ON,s215-rank3-d0-pos1,215,s215-rank3,accurate,0,True,default,False,0.008041666666666725,False
DeepSeek/ON,s215-rank3-d0-pos1,215,s215-rank3,accurate,0,True,noise01,False,0.007250000000000201,False
DeepSeek/ON,s215-rank3-d0-pos1,215,s215-rank3,accurate,0,True,long,False,0.0072708333333333375,False
DeepSeek/ON,s215-rank3-d0-pos2,215,s215-rank3,mismatched,0,False,default,True,0.0,False
DeepSeek/ON,s215-rank3-d0-pos2,215,s215-rank3,mismatched,0,False,noise01,True,0.0,False
DeepSeek/ON,s215-rank3-d0-pos2,215,s215-rank3,mismatched,0,False,long,True,0.0,False
DeepSeek/ON,s215-rank3-d0-pos3,215,s215-rank3,cooperation,0,True,default,False,0.042333333333333556,False
DeepSeek/ON,s215-rank3-d0-pos3,215,s215-rank3,cooperation,0,True,noise01,False,0.04545833333333338,False
DeepSeek/ON,s215-rank3-d0-pos3,215,s215-rank3,cooperation,0,True,long,False,0.006604166666666744,False
DeepSeek/ON,s215-rank3-d0-pos4,215,s215-rank3,score,0,True,default,False,0.0767500000000001,True
DeepSeek/ON,s215-rank3-d0-pos4,215,s215-rank3,score,0,True,noise01,False,0.03499999999999992,True
DeepSeek/ON,s215-rank3-d0-pos4,215,s215-rank3,score,0,True,long,False,0.012916666666666687,True
DeepSeek/ON,s208-rank6-d0-pos0,208,s208-rank6,score,0,True,default,False,0.046499999999999986,True
DeepSeek/ON,s208-rank6-d0-pos0,208,s208-rank6,score,0,True,noise01,False,0.04641666666666655,True
DeepSeek/ON,s208-rank6-d0-pos0,208,s208-rank6,score,0,True,long,False,0.014250000000000096,True
DeepSeek/ON,s208-rank6-d0-pos1,208,s208-rank6,background,0,True,default,False,0.19495833333333334,True
DeepSeek/ON,s208-rank6-d0-pos1,208,s208-rank6,background,0,True,noise01,False,0.2007916666666667,True
DeepSeek/ON,s208-rank6-d0-pos1,208,s208-rank6,background,0,True,long,False,0.0784583333333333,True
DeepSeek/ON,s208-rank6-d0-pos2,208,s208-rank6,cooperation,0,True,default,False,0.09012500000000023,True
DeepSeek/ON,s208-rank6-d0-pos2,208,s208-rank6,cooperation,0,True,noise01,False,0.08949999999999991,True
DeepSeek/ON,s208-rank6-d0-pos2,208,s208-rank6,cooperation,0,True,long,False,0.07237500000000008,True
DeepSeek/ON,s208-rank6-d0-pos3,208,s208-rank6,mismatched,0,True,default,False,0.16970833333333313,True
DeepSeek/ON,s208-rank6-d0-pos3,208,s208-rank6,mismatched,0,True,noise01,False,0.15049999999999986,True
DeepSeek/ON,s208-rank6-d0-pos3,208,s208-rank6,mismatched,0,True,long,False,0.07137499999999974,True
DeepSeek/ON,s208-rank6-d0-pos4,208,s208-rank6,accurate,0,True,default,False,0.04441666666666699,False
DeepSeek/ON,s208-rank6-d0-pos4,208,s208-rank6,accurate,0,True,noise01,False,0.05391666666666661,False
DeepSeek/ON,s208-rank6-d0-pos4,208,s208-rank6,accurate,0,True,long,False,0.02660416666666654,False
DeepSeek/ON,s209-rank3-d0-pos0,209,s209-rank3,mismatched,0,True,default,False,0.0069583333333334,False
DeepSeek/ON,s209-rank3-d0-pos0,209,s209-rank3,mismatched,0,True,noise01,False,0.01241666666666652,False
DeepSeek/ON,s209-rank3-d0-pos0,209,s209-rank3,mismatched,0,True,long,False,0.012125000000000163,False
DeepSeek/ON,s209-rank3-d0-pos1,209,s209-rank3,background,0,True,default,False,0.019916666666666583,True
DeepSeek/ON,s209-rank3-d0-pos1,209,s209-rank3,background,0,True,noise01,False,0.027249999999999996,True
DeepSeek/ON,s209-rank3-d0-pos1,209,s209-rank3,background,0,True,long,False,0.019729166666666798,True
DeepSeek/ON,s209-rank3-d0-pos2,209,s209-rank3,accurate,0,True,default,False,0.018458333333333465,True
DeepSeek/ON,s209-rank3-d0-pos2,209,s209-rank3,accurate,0,True,noise01,False,0.03324999999999978,True
DeepSeek/ON,s209-rank3-d0-pos2,209,s209-rank3,accurate,0,True,long,False,0.024833333333333485,True
DeepSeek/ON,s209-rank3-d0-pos3,209,s209-rank3,score,0,True,default,False,0.10400000000000009,True
DeepSeek/ON,s209-rank3-d0-pos3,209,s209-rank3,score,0,True,noise01,False,0.05612499999999976,True
DeepSeek/ON,s209-rank3-d0-pos3,209,s209-rank3,score,0,True,long,False,0.0865625000000001,True
DeepSeek/ON,s209-rank3-d0-pos4,209,s209-rank3,cooperation,0,True,default,False,0.06329166666666675,True
DeepSeek/ON,s209-rank3-d0-pos4,209,s209-rank3,cooperation,0,True,noise01,False,0.05483333333333329,True
DeepSeek/ON,s209-rank3-d0-pos4,209,s209-rank3,cooperation,0,True,long,False,0.0546875,True
DeepSeek/ON,s211-rank1-d1-pos0,211,s211-rank1,mismatched,1,True,default,False,0.03229166666666683,False
DeepSeek/ON,s211-rank1-d1-pos0,211,s211-rank1,mismatched,1,True,noise01,False,0.06466666666666665,False
DeepSeek/ON,s211-rank1-d1-pos0,211,s211-rank1,mismatched,1,True,long,False,0.024708333333333554,False
DeepSeek/ON,s211-rank1-d1-pos1,211,s211-rank1,accurate,1,True,default,False,0.0812083333333331,False
DeepSeek/ON,s211-rank1-d1-pos1,211,s211-rank1,accurate,1,True,noise01,False,0.12712499999999993,False
DeepSeek/ON,s211-rank1-d1-pos1,211,s211-rank1,accurate,1,True,long,False,0.07668750000000024,False
DeepSeek/ON,s211-rank1-d1-pos2,211,s211-rank1,cooperation,1,True,default,False,0.027458333333333362,False
DeepSeek/ON,s211-rank1-d1-pos2,211,s211-rank1,cooperation,1,True,noise01,False,0.046666666666666634,False
DeepSeek/ON,s211-rank1-d1-pos2,211,s211-rank1,cooperation,1,True,long,False,-0.005833333333333135,False
DeepSeek/ON,s211-rank1-d1-pos3,211,s211-rank1,score,1,True,default,False,0.0601666666666667,True
DeepSeek/ON,s211-rank1-d1-pos3,211,s211-rank1,score,1,True,noise01,False,0.09179166666666694,True
DeepSeek/ON,s211-rank1-d1-pos3,211,s211-rank1,score,1,True,long,False,0.04239583333333341,True
DeepSeek/ON,s211-rank1-d1-pos4,211,s211-rank1,background,1,True,default,False,0.18787500000000001,True
DeepSeek/ON,s211-rank1-d1-pos4,211,s211-rank1,background,1,True,noise01,False,0.21816666666666684,True
DeepSeek/ON,s211-rank1-d1-pos4,211,s211-rank1,background,1,True,long,False,0.17210416666666672,True
DeepSeek/ON,s218-rank6-d1-pos0,218,s218-rank6,cooperation,1,True,default,False,0.17204166666666687,True
DeepSeek/ON,s218-rank6-d1-pos0,218,s218-rank6,cooperation,1,True,noise01,False,0.15675000000000017,True
DeepSeek/ON,s218-rank6-d1-pos0,218,s218-rank6,cooperation,1,True,long,False,0.16366666666666685,True
DeepSeek/ON,s218-rank6-d1-pos1,218,s218-rank6,accurate,1,True,default,False,0.08070833333333316,False
DeepSeek/ON,s218-rank6-d1-pos1,218,s218-rank6,accurate,1,True,noise01,False,0.08979166666666694,False
DeepSeek/ON,s218-rank6-d1-pos1,218,s218-rank6,accurate,1,True,long,False,0.12593750000000004,False
DeepSeek/ON,s218-rank6-d1-pos2,218,s218-rank6,score,1,True,default,False,0.12062499999999998,False
DeepSeek/ON,s218-rank6-d1-pos2,218,s218-rank6,score,1,True,noise01,False,0.10550000000000015,False
DeepSeek/ON,s218-rank6-d1-pos2,218,s218-rank6,score,1,True,long,False,0.16581250000000014,False
DeepSeek/ON,s218-rank6-d1-pos3,218,s218-rank6,mismatched,1,True,default,False,0.21391666666666653,True
DeepSeek/ON,s218-rank6-d1-pos3,218,s218-rank6,mismatched,1,True,noise01,False,0.16020833333333329,True
DeepSeek/ON,s218-rank6-d1-pos3,218,s218-rank6,mismatched,1,True,long,False,0.2551041666666669,True
DeepSeek/ON,s218-rank6-d1-pos4,218,s218-rank6,background,1,True,default,False,-0.005708333333333204,False
DeepSeek/ON,s218-rank6-d1-pos4,218,s218-rank6,background,1,True,noise01,False,-0.048958333333333215,False
DeepSeek/ON,s218-rank6-d1-pos4,218,s218-rank6,background,1,True,long,False,-0.014499999999999957,False
DeepSeek/ON,s216-rank6-d0-pos0,216,s216-rank6,mismatched,0,True,default,False,-0.040583333333333416,False
DeepSeek/ON,s216-rank6-d0-pos0,216,s216-rank6,mismatched,0,True,noise01,False,-0.029833333333333156,False
DeepSeek/ON,s216-rank6-d0-pos0,216,s216-rank6,mismatched,0,True,long,False,0.024979166666666774,False
DeepSeek/ON,s216-rank6-d0-pos1,216,s216-rank6,accurate,0,True,default,False,0.01666666666666683,False
DeepSeek/ON,s216-rank6-d0-pos1,216,s216-rank6,accurate,0,True,noise01,False,-0.003541666666666554,False
DeepSeek/ON,s216-rank6-d0-pos1,216,s216-rank6,accurate,0,True,long,False,0.04912499999999986,False
DeepSeek/ON,s216-rank6-d0-pos2,216,s216-rank6,score,0,True,default,False,0.02129166666666671,False
DeepSeek/ON,s216-rank6-d0-pos2,216,s216-rank6,score,0,True,noise01,False,0.021666666666666723,False
DeepSeek/ON,s216-rank6-d0-pos2,216,s216-rank6,score,0,True,long,False,0.053479166666666744,False
DeepSeek/ON,s216-rank6-d0-pos3,216,s216-rank6,background,0,True,default,False,0.00474999999999981,False
DeepSeek/ON,s216-rank6-d0-pos3,216,s216-rank6,background,0,True,noise01,False,0.011166666666666769,False
DeepSeek/ON,s216-rank6-d0-pos3,216,s216-rank6,background,0,True,long,False,0.04241666666666677,False
DeepSeek/ON,s216-rank6-d0-pos4,216,s216-rank6,cooperation,0,True,default,False,0.07437500000000008,True
DeepSeek/ON,s216-rank6-d0-pos4,216,s216-rank6,cooperation,0,True,noise01,False,0.040458333333333485,True
DeepSeek/ON,s216-rank6-d0-pos4,216,s216-rank6,cooperation,0,True,long,False,0.06637499999999985,True
DeepSeek/ON,s210-rank1-d1-pos0,210,s210-rank1,background,1,True,default,False,0.01475000000000004,False
DeepSeek/ON,s210-rank1-d1-pos0,210,s210-rank1,background,1,True,noise01,False,-0.0005833333333331581,False
DeepSeek/ON,s210-rank1-d1-pos0,210,s210-rank1,background,1,True,long,False,-0.005395833333333266,False
DeepSeek/ON,s210-rank1-d1-pos1,210,s210-rank1,score,1,True,default,False,0.008708333333333318,False
DeepSeek/ON,s210-rank1-d1-pos1,210,s210-rank1,score,1,True,noise01,False,-0.0024999999999997247,False
DeepSeek/ON,s210-rank1-d1-pos1,210,s210-rank1,score,1,True,long,False,-0.007187499999999902,False
DeepSeek/ON,s210-rank1-d1-pos2,210,s210-rank1,cooperation,1,True,default,False,0.009333333333333416,True
DeepSeek/ON,s210-rank1-d1-pos2,210,s210-rank1,cooperation,1,True,noise01,False,0.008375000000000021,True
DeepSeek/ON,s210-rank1-d1-pos2,210,s210-rank1,cooperation,1,True,long,False,-0.016458333333333464,True
DeepSeek/ON,s210-rank1-d1-pos3,210,s210-rank1,accurate,1,True,default,False,0.009333333333333416,False
DeepSeek/ON,s210-rank1-d1-pos3,210,s210-rank1,accurate,1,True,noise01,False,0.008375000000000021,False
DeepSeek/ON,s210-rank1-d1-pos3,210,s210-rank1,accurate,1,True,long,False,-0.0034999999999998366,False
DeepSeek/ON,s210-rank1-d1-pos4,210,s210-rank1,mismatched,1,True,default,False,-0.11037499999999989,False
DeepSeek/ON,s210-rank1-d1-pos4,210,s210-rank1,mismatched,1,True,noise01,False,-0.08549999999999991,False
DeepSeek/ON,s210-rank1-d1-pos4,210,s210-rank1,mismatched,1,True,long,False,-0.12454166666666677,False
DeepSeek/ON,s211-rank3-d0-pos0,211,s211-rank3,mismatched,0,True,default,False,-0.026791666666666547,False
DeepSeek/ON,s211-rank3-d0-pos0,211,s211-rank3,mismatched,0,True,noise01,False,-0.006833333333333469,False
DeepSeek/ON,s211-rank3-d0-pos0,211,s211-rank3,mismatched,0,True,long,False,-0.026916666666666922,False
DeepSeek/ON,s211-rank3-d0-pos1,211,s211-rank3,accurate,0,True,default,False,0.04862500000000014,True
DeepSeek/ON,s211-rank3-d0-pos1,211,s211-rank3,accurate,0,True,noise01,False,0.09358333333333357,True
DeepSeek/ON,s211-rank3-d0-pos1,211,s211-rank3,accurate,0,True,long,False,0.05281249999999993,True
DeepSeek/ON,s211-rank3-d0-pos2,211,s211-rank3,cooperation,0,True,default,False,0.14395833333333363,False
DeepSeek/ON,s211-rank3-d0-pos2,211,s211-rank3,cooperation,0,True,noise01,False,0.16908333333333347,False
DeepSeek/ON,s211-rank3-d0-pos2,211,s211-rank3,cooperation,0,True,long,False,0.0989374999999999,False
DeepSeek/ON,s211-rank3-d0-pos3,211,s211-rank3,score,0,True,default,False,0.04962500000000003,False
DeepSeek/ON,s211-rank3-d0-pos3,211,s211-rank3,score,0,True,noise01,False,0.0824583333333333,False
DeepSeek/ON,s211-rank3-d0-pos3,211,s211-rank3,score,0,True,long,False,0.06874999999999987,False
DeepSeek/ON,s211-rank3-d0-pos4,211,s211-rank3,background,0,True,default,False,0.2738333333333334,True
DeepSeek/ON,s211-rank3-d0-pos4,211,s211-rank3,background,0,True,noise01,False,0.2769166666666667,True
DeepSeek/ON,s211-rank3-d0-pos4,211,s211-rank3,background,0,True,long,False,0.2748124999999999,True
DeepSeek/ON,s204-rank3-d1-pos0,204,s204-rank3,score,1,True,default,False,-0.018750000000000044,False
DeepSeek/ON,s204-rank3-d1-pos0,204,s204-rank3,score,1,True,noise01,False,-0.015750000000000153,False
DeepSeek/ON,s204-rank3-d1-pos0,204,s204-rank3,score,1,True,long,False,-0.09372916666666664,False
DeepSeek/ON,s204-rank3-d1-pos1,204,s204-rank3,mismatched,1,True,default,False,0.018625000000000114,False
DeepSeek/ON,s204-rank3-d1-pos1,204,s204-rank3,mismatched,1,True,noise01,False,0.017249999999999988,False
DeepSeek/ON,s204-rank3-d1-pos1,204,s204-rank3,mismatched,1,True,long,False,0.016708333333333325,False
DeepSeek/ON,s204-rank3-d1-pos2,204,s204-rank3,cooperation,1,True,default,False,0.0011666666666667602,True
DeepSeek/ON,s204-rank3-d1-pos2,204,s204-rank3,cooperation,1,True,noise01,False,0.019416666666666638,True
DeepSeek/ON,s204-rank3-d1-pos2,204,s204-rank3,cooperation,1,True,long,False,0.006041666666666723,True
DeepSeek/ON,s204-rank3-d1-pos3,204,s204-rank3,accurate,1,True,default,False,0.06895833333333323,False
DeepSeek/ON,s204-rank3-d1-pos3,204,s204-rank3,accurate,1,True,noise01,False,0.061958333333333115,False
DeepSeek/ON,s204-rank3-d1-pos3,204,s204-rank3,accurate,1,True,long,False,0.04095833333333343,False
DeepSeek/ON,s204-rank3-d1-pos4,204,s204-rank3,background,1,True,default,False,0.07654166666666651,False
DeepSeek/ON,s204-rank3-d1-pos4,204,s204-rank3,background,1,True,noise01,False,0.05916666666666659,False
DeepSeek/ON,s204-rank3-d1-pos4,204,s204-rank3,background,1,True,long,False,0.05431250000000021,False
DeepSeek/ON,s217-rank6-d1-pos0,217,s217-rank6,accurate,1,True,default,False,0.10683333333333334,True
DeepSeek/ON,s217-rank6-d1-pos0,217,s217-rank6,accurate,1,True,noise01,False,0.05775000000000019,True
DeepSeek/ON,s217-rank6-d1-pos0,217,s217-rank6,accurate,1,True,long,False,0.13064583333333335,True
DeepSeek/ON,s217-rank6-d1-pos1,217,s217-rank6,mismatched,1,True,default,False,-0.14787499999999998,False
DeepSeek/ON,s217-rank6-d1-pos1,217,s217-rank6,mismatched,1,True,noise01,False,-0.13591666666666669,False
DeepSeek/ON,s217-rank6-d1-pos1,217,s217-rank6,mismatched,1,True,long,False,0.028833333333333266,False
DeepSeek/ON,s217-rank6-d1-pos2,217,s217-rank6,cooperation,1,True,default,False,0.02054166666666668,True
DeepSeek/ON,s217-rank6-d1-pos2,217,s217-rank6,cooperation,1,True,noise01,False,-0.013708333333333211,True
DeepSeek/ON,s217-rank6-d1-pos2,217,s217-rank6,cooperation,1,True,long,False,0.13610416666666647,True
DeepSeek/ON,s217-rank6-d1-pos3,217,s217-rank6,background,1,True,default,False,0.04791666666666683,False
DeepSeek/ON,s217-rank6-d1-pos3,217,s217-rank6,background,1,True,noise01,False,0.028833333333333266,False
DeepSeek/ON,s217-rank6-d1-pos3,217,s217-rank6,background,1,True,long,False,0.11162500000000009,False
DeepSeek/ON,s217-rank6-d1-pos4,217,s217-rank6,score,1,True,default,False,0.04962500000000003,False
DeepSeek/ON,s217-rank6-d1-pos4,217,s217-rank6,score,1,True,noise01,False,0.030624999999999902,False
DeepSeek/ON,s217-rank6-d1-pos4,217,s217-rank6,score,1,True,long,False,0.11266666666666647,False
DeepSeek/ON,s215-rank6-d0-pos0,215,s215-rank6,background,0,True,default,False,0.25449999999999995,True
DeepSeek/ON,s215-rank6-d0-pos0,215,s215-rank6,background,0,True,noise01,False,0.2532083333333335,True
DeepSeek/ON,s215-rank6-d0-pos0,215,s215-rank6,background,0,True,long,False,0.20914583333333336,True
DeepSeek/ON,s215-rank6-d0-pos1,215,s215-rank6,accurate,0,True,default,False,0.22691666666666666,False
DeepSeek/ON,s215-rank6-d0-pos1,215,s215-rank6,accurate,0,True,noise01,False,0.2400416666666667,False
DeepSeek/ON,s215-rank6-d0-pos1,215,s215-rank6,accurate,0,True,long,False,0.21762499999999996,False
DeepSeek/ON,s215-rank6-d0-pos2,215,s215-rank6,mismatched,0,True,default,False,0.22287500000000038,False
DeepSeek/ON,s215-rank6-d0-pos2,215,s215-rank6,mismatched,0,True,noise01,False,0.24116666666666675,False
DeepSeek/ON,s215-rank6-d0-pos2,215,s215-rank6,mismatched,0,True,long,False,0.20429166666666654,False
DeepSeek/ON,s215-rank6-d0-pos3,215,s215-rank6,cooperation,0,True,default,False,0.2027916666666667,False
DeepSeek/ON,s215-rank6-d0-pos3,215,s215-rank6,cooperation,0,True,noise01,False,0.21516666666666673,False
DeepSeek/ON,s215-rank6-d0-pos3,215,s215-rank6,cooperation,0,True,long,False,0.21262499999999984,False
DeepSeek/ON,s215-rank6-d0-pos4,215,s215-rank6,score,0,True,default,False,0.28237500000000026,True
DeepSeek/ON,s215-rank6-d0-pos4,215,s215-rank6,score,0,True,noise01,False,0.27245833333333347,True
DeepSeek/ON,s215-rank6-d0-pos4,215,s215-rank6,score,0,True,long,False,0.2565000000000002,True
DeepSeek/ON,s200-rank1-d0-pos0,200,s200-rank1,mismatched,0,True,default,False,0.007833333333333137,True
DeepSeek/ON,s200-rank1-d0-pos0,200,s200-rank1,mismatched,0,True,noise01,False,0.031791666666666885,True
DeepSeek/ON,s200-rank1-d0-pos0,200,s200-rank1,mismatched,0,True,long,False,0.003666666666666707,True
DeepSeek/ON,s200-rank1-d0-pos1,200,s200-rank1,background,0,True,default,False,0.014666666666666606,False
DeepSeek/ON,s200-rank1-d0-pos1,200,s200-rank1,background,0,True,noise01,False,0.023166666666667002,False
DeepSeek/ON,s200-rank1-d0-pos1,200,s200-rank1,background,0,True,long,False,0.006729166666666675,False
DeepSeek/ON,s200-rank1-d0-pos2,200,s200-rank1,cooperation,0,True,default,False,0.01083333333333325,False
DeepSeek/ON,s200-rank1-d0-pos2,200,s200-rank1,cooperation,0,True,noise01,False,0.010416666666666963,False
DeepSeek/ON,s200-rank1-d0-pos2,200,s200-rank1,cooperation,0,True,long,False,-0.0051874999999999005,False
DeepSeek/ON,s200-rank1-d0-pos3,200,s200-rank1,accurate,0,True,default,False,0.07200000000000006,True
DeepSeek/ON,s200-rank1-d0-pos3,200,s200-rank1,accurate,0,True,noise01,False,0.053333333333333455,True
DeepSeek/ON,s200-rank1-d0-pos3,200,s200-rank1,accurate,0,True,long,False,0.05860416666666679,True
DeepSeek/ON,s200-rank1-d0-pos4,200,s200-rank1,score,0,True,default,False,0.01170833333333321,False
DeepSeek/ON,s200-rank1-d0-pos4,200,s200-rank1,score,0,True,noise01,False,0.01620833333333338,False
DeepSeek/ON,s200-rank1-d0-pos4,200,s200-rank1,score,0,True,long,False,0.0015416666666667744,False
DeepSeek/ON,s218-rank1-d0-pos0,218,s218-rank1,cooperation,0,True,default,False,-0.004083333333333217,True
DeepSeek/ON,s218-rank1-d0-pos0,218,s218-rank1,cooperation,0,True,noise01,False,0.007041666666666835,True
DeepSeek/ON,s218-rank1-d0-pos0,218,s218-rank1,cooperation,0,True,long,False,0.09212500000000001,True
DeepSeek/ON,s218-rank1-d0-pos1,218,s218-rank1,accurate,0,True,default,False,0.009583333333333499,True
DeepSeek/ON,s218-rank1-d0-pos1,218,s218-rank1,accurate,0,True,noise01,False,0.006291666666666806,True
DeepSeek/ON,s218-rank1-d0-pos1,218,s218-rank1,accurate,0,True,long,False,0.09331250000000013,True
DeepSeek/ON,s218-rank1-d0-pos2,218,s218-rank1,score,0,True,default,False,0.26445833333333346,True
DeepSeek/ON,s218-rank1-d0-pos2,218,s218-rank1,score,0,True,noise01,False,0.2555416666666668,True
DeepSeek/ON,s218-rank1-d0-pos2,218,s218-rank1,score,0,True,long,False,0.3978541666666664,True
DeepSeek/ON,s218-rank1-d0-pos3,218,s218-rank1,mismatched,0,True,default,False,0.2527083333333333,True
DeepSeek/ON,s218-rank1-d0-pos3,218,s218-rank1,mismatched,0,True,noise01,False,0.2522916666666668,True
DeepSeek/ON,s218-rank1-d0-pos3,218,s218-rank1,mismatched,0,True,long,False,0.32754166666666684,True
DeepSeek/ON,s218-rank1-d0-pos4,218,s218-rank1,background,0,True,default,False,0.013083333333333558,False
DeepSeek/ON,s218-rank1-d0-pos4,218,s218-rank1,background,0,True,noise01,False,0.012500000000000178,False
DeepSeek/ON,s218-rank1-d0-pos4,218,s218-rank1,background,0,True,long,False,0.09422916666666681,False
DeepSeek/ON,s219-rank1-d1-pos0,219,s219-rank1,accurate,1,True,default,False,-0.08420833333333322,False
DeepSeek/ON,s219-rank1-d1-pos0,219,s219-rank1,accurate,1,True,noise01,False,-0.09287499999999982,False
DeepSeek/ON,s219-rank1-d1-pos0,219,s219-rank1,accurate,1,True,long,False,-0.04143750000000024,False
DeepSeek/ON,s219-rank1-d1-pos1,219,s219-rank1,score,1,True,default,False,0.04433333333333356,False
DeepSeek/ON,s219-rank1-d1-pos1,219,s219-rank1,score,1,True,noise01,False,0.02029166666666682,False
DeepSeek/ON,s219-rank1-d1-pos1,219,s219-rank1,score,1,True,long,False,0.03897916666666634,False
DeepSeek/ON,s219-rank1-d1-pos2,219,s219-rank1,cooperation,1,True,default,False,0.14062500000000022,True
DeepSeek/ON,s219-rank1-d1-pos2,219,s219-rank1,cooperation,1,True,noise01,False,0.11295833333333372,True
DeepSeek/ON,s219-rank1-d1-pos2,219,s219-rank1,cooperation,1,True,long,False,0.04816666666666647,True
DeepSeek/ON,s219-rank1-d1-pos3,219,s219-rank1,background,1,True,default,False,0.023541666666667016,False
DeepSeek/ON,s219-rank1-d1-pos3,219,s219-rank1,background,1,True,noise01,False,0.008166666666666655,False
DeepSeek/ON,s219-rank1-d1-pos3,219,s219-rank1,background,1,True,long,False,-0.02706250000000021,False
DeepSeek/ON,s219-rank1-d1-pos4,219,s219-rank1,mismatched,1,True,default,False,0.01520833333333349,False
DeepSeek/ON,s219-rank1-d1-pos4,219,s219-rank1,mismatched,1,True,noise01,False,0.009333333333333416,False
DeepSeek/ON,s219-rank1-d1-pos4,219,s219-rank1,mismatched,1,True,long,False,-0.02662500000000012,False
DeepSeek/ON,s214-rank3-d1-pos0,214,s214-rank3,mismatched,1,True,default,False,0.045583333333332865,True
DeepSeek/ON,s214-rank3-d1-pos0,214,s214-rank3,mismatched,1,True,noise01,False,0.038625000000000353,True
DeepSeek/ON,s214-rank3-d1-pos0,214,s214-rank3,mismatched,1,True,long,False,-0.005249999999999977,True
DeepSeek/ON,s214-rank3-d1-pos1,214,s214-rank3,background,1,True,default,False,-0.06258333333333366,False
DeepSeek/ON,s214-rank3-d1-pos1,214,s214-rank3,background,1,True,noise01,False,-0.06599999999999984,False
DeepSeek/ON,s214-rank3-d1-pos1,214,s214-rank3,background,1,True,long,False,-0.14960416666666676,False
DeepSeek/ON,s214-rank3-d1-pos2,214,s214-rank3,accurate,1,True,default,False,0.044041666666666535,True
DeepSeek/ON,s214-rank3-d1-pos2,214,s214-rank3,accurate,1,True,noise01,False,0.03183333333333338,True
DeepSeek/ON,s214-rank3-d1-pos2,214,s214-rank3,accurate,1,True,long,False,0.03550000000000031,True
DeepSeek/ON,s214-rank3-d1-pos3,214,s214-rank3,score,1,True,default,False,0.016999999999999904,True
DeepSeek/ON,s214-rank3-d1-pos3,214,s214-rank3,score,1,True,noise01,False,0.017125000000000057,True
DeepSeek/ON,s214-rank3-d1-pos3,214,s214-rank3,score,1,True,long,False,-0.044187499999999824,True
DeepSeek/ON,s214-rank3-d1-pos4,214,s214-rank3,cooperation,1,True,default,False,0.019458333333333355,True
DeepSeek/ON,s214-rank3-d1-pos4,214,s214-rank3,cooperation,1,True,noise01,False,0.01866666666666683,True
DeepSeek/ON,s214-rank3-d1-pos4,214,s214-rank3,cooperation,1,True,long,False,-0.06035416666666649,True
DeepSeek/ON,s219-rank3-d0-pos0,219,s219-rank3,accurate,0,True,default,False,0.013375000000000137,True
DeepSeek/ON,s219-rank3-d0-pos0,219,s219-rank3,accurate,0,True,noise01,False,0.02874999999999983,True
DeepSeek/ON,s219-rank3-d0-pos0,219,s219-rank3,accurate,0,True,long,False,0.01766666666666672,True
DeepSeek/ON,s219-rank3-d0-pos1,219,s219-rank3,score,0,True,default,False,0.11391666666666667,True
DeepSeek/ON,s219-rank3-d0-pos1,219,s219-rank3,score,0,True,noise01,False,0.12429166666666691,True
DeepSeek/ON,s219-rank3-d0-pos1,219,s219-rank3,score,0,True,long,False,0.04210416666666661,True
DeepSeek/ON,s219-rank3-d0-pos2,219,s219-rank3,cooperation,0,True,default,False,0.03904166666666664,False
DeepSeek/ON,s219-rank3-d0-pos2,219,s219-rank3,cooperation,0,True,noise01,False,0.014375000000000027,False
DeepSeek/ON,s219-rank3-d0-pos2,219,s219-rank3,cooperation,0,True,long,False,0.01550000000000007,False
DeepSeek/ON,s219-rank3-d0-pos3,219,s219-rank3,background,0,True,default,False,-0.028625000000000123,False
DeepSeek/ON,s219-rank3-d0-pos3,219,s219-rank3,background,0,True,noise01,False,-0.03708333333333336,False
DeepSeek/ON,s219-rank3-d0-pos3,219,s219-rank3,background,0,True,long,False,-0.03431250000000019,False
DeepSeek/ON,s219-rank3-d0-pos4,219,s219-rank3,mismatched,0,True,default,False,0.04125000000000001,False
DeepSeek/ON,s219-rank3-d0-pos4,219,s219-rank3,mismatched,0,True,noise01,False,0.006999999999999895,False
DeepSeek/ON,s219-rank3-d0-pos4,219,s219-rank3,mismatched,0,True,long,False,-0.014854166666666835,False
DeepSeek/ON,s216-rank1-d1-pos0,216,s216-rank1,mismatched,1,True,default,False,0.07537500000000019,True
DeepSeek/ON,s216-rank1-d1-pos0,216,s216-rank1,mismatched,1,True,noise01,False,0.044749999999999845,True
DeepSeek/ON,s216-rank1-d1-pos0,216,s216-rank1,mismatched,1,True,long,False,0.07389583333333327,True
DeepSeek/ON,s216-rank1-d1-pos1,216,s216-rank1,accurate,1,True,default,False,0.050999999999999934,False
DeepSeek/ON,s216-rank1-d1-pos1,216,s216-rank1,accurate,1,True,noise01,False,0.02995833333333331,False
DeepSeek/ON,s216-rank1-d1-pos1,216,s216-rank1,accurate,1,True,long,False,0.05033333333333312,False
DeepSeek/ON,s216-rank1-d1-pos2,216,s216-rank1,score,1,True,default,False,0.005708333333333204,False
DeepSeek/ON,s216-rank1-d1-pos2,216,s216-rank1,score,1,True,noise01,False,0.0055833333333332735,False
DeepSeek/ON,s216-rank1-d1-pos2,216,s216-rank1,score,1,True,long,False,0.009500000000000064,False
DeepSeek/ON,s216-rank1-d1-pos3,216,s216-rank1,background,1,True,default,False,0.005708333333333204,False
DeepSeek/ON,s216-rank1-d1-pos3,216,s216-rank1,background,1,True,noise01,False,0.0055833333333332735,False
DeepSeek/ON,s216-rank1-d1-pos3,216,s216-rank1,background,1,True,long,False,0.009500000000000064,False
DeepSeek/ON,s216-rank1-d1-pos4,216,s216-rank1,cooperation,1,True,default,False,0.047416666666666885,False
DeepSeek/ON,s216-rank1-d1-pos4,216,s216-rank1,cooperation,1,True,noise01,False,0.030583333333333407,False
DeepSeek/ON,s216-rank1-d1-pos4,216,s216-rank1,cooperation,1,True,long,False,0.026937499999999837,False
DeepSeek/ON,s201-rank6-d1-pos0,201,s201-rank6,accurate,1,True,default,False,0.20887499999999992,True
DeepSeek/ON,s201-rank6-d1-pos0,201,s201-rank6,accurate,1,True,noise01,False,0.21104166666666635,True
DeepSeek/ON,s201-rank6-d1-pos0,201,s201-rank6,accurate,1,True,long,False,0.12337500000000001,True
DeepSeek/ON,s201-rank6-d1-pos1,201,s201-rank6,cooperation,1,True,default,False,0.07587499999999991,False
DeepSeek/ON,s201-rank6-d1-pos1,201,s201-rank6,cooperation,1,True,noise01,False,0.07787499999999992,False
DeepSeek/ON,s201-rank6-d1-pos1,201,s201-rank6,cooperation,1,True,long,False,0.043020833333333064,False
DeepSeek/ON,s201-rank6-d1-pos2,201,s201-rank6,score,1,True,default,False,0.10020833333333323,True
DeepSeek/ON,s201-rank6-d1-pos2,201,s201-rank6,score,1,True,noise01,False,0.09474999999999989,True
DeepSeek/ON,s201-rank6-d1-pos2,201,s201-rank6,score,1,True,long,False,0.08854166666666652,True
DeepSeek/ON,s201-rank6-d1-pos3,201,s201-rank6,mismatched,1,True,default,False,0.17820833333333352,True
DeepSeek/ON,s201-rank6-d1-pos3,201,s201-rank6,mismatched,1,True,noise01,False,0.16820833333333307,True
DeepSeek/ON,s201-rank6-d1-pos3,201,s201-rank6,mismatched,1,True,long,False,0.1131875,True
DeepSeek/ON,s201-rank6-d1-pos4,201,s201-rank6,background,1,True,default,False,0.195583333333333,True
DeepSeek/ON,s201-rank6-d1-pos4,201,s201-rank6,background,1,True,noise01,False,0.19433333333333347,True
DeepSeek/ON,s201-rank6-d1-pos4,201,s201-rank6,background,1,True,long,False,0.11531249999999993,True
DeepSeek/ON,s204-rank6-d1-pos0,204,s204-rank6,score,1,True,default,False,0.08054166666666651,True
DeepSeek/ON,s204-rank6-d1-pos0,204,s204-rank6,score,1,True,noise01,False,0.07570833333333327,True
DeepSeek/ON,s204-rank6-d1-pos0,204,s204-rank6,score,1,True,long,False,0.08993750000000023,True
DeepSeek/ON,s204-rank6-d1-pos1,204,s204-rank6,mismatched,1,True,default,False,0.07304166666666645,False
DeepSeek/ON,s204-rank6-d1-pos1,204,s204-rank6,mismatched,1,True,noise01,False,0.06875000000000009,False
DeepSeek/ON,s204-rank6-d1-pos1,204,s204-rank6,mismatched,1,True,long,False,0.08643750000000017,False
DeepSeek/ON,s204-rank6-d1-pos2,204,s204-rank6,cooperation,1,True,default,False,0.0529166666666665,False
DeepSeek/ON,s204-rank6-d1-pos2,204,s204-rank6,cooperation,1,True,noise01,False,0.05454166666666671,False
DeepSeek/ON,s204-rank6-d1-pos2,204,s204-rank6,cooperation,1,True,long,False,0.04716666666666702,False
DeepSeek/ON,s204-rank6-d1-pos3,204,s204-rank6,accurate,1,True,default,False,0.12949999999999973,True
DeepSeek/ON,s204-rank6-d1-pos3,204,s204-rank6,accurate,1,True,noise01,False,0.1200416666666666,True
DeepSeek/ON,s204-rank6-d1-pos3,204,s204-rank6,accurate,1,True,long,False,0.10983333333333345,True
DeepSeek/ON,s204-rank6-d1-pos4,204,s204-rank6,background,1,True,default,False,0.13379166666666675,True
DeepSeek/ON,s204-rank6-d1-pos4,204,s204-rank6,background,1,True,noise01,False,0.12608333333333355,True
DeepSeek/ON,s204-rank6-d1-pos4,204,s204-rank6,background,1,True,long,False,0.1295416666666669,True
DeepSeek/ON,s205-rank6-d1-pos0,205,s205-rank6,mismatched,1,True,default,False,0.009708333333333208,True
DeepSeek/ON,s205-rank6-d1-pos0,205,s205-rank6,mismatched,1,True,noise01,False,0.039124999999999854,True
DeepSeek/ON,s205-rank6-d1-pos0,205,s205-rank6,mismatched,1,True,long,False,-0.007125000000000048,True
DeepSeek/ON,s205-rank6-d1-pos1,205,s205-rank6,score,1,True,default,False,0.010458333333333236,True
DeepSeek/ON,s205-rank6-d1-pos1,205,s205-rank6,score,1,True,noise01,False,0.04558333333333353,True
DeepSeek/ON,s205-rank6-d1-pos1,205,s205-rank6,score,1,True,long,False,-0.02445833333333325,True
DeepSeek/ON,s205-rank6-d1-pos2,205,s205-rank6,background,1,True,default,False,-0.02883333333333349,True
DeepSeek/ON,s205-rank6-d1-pos2,205,s205-rank6,background,1,True,noise01,False,-0.014249999999999874,True
DeepSeek/ON,s205-rank6-d1-pos2,205,s205-rank6,background,1,True,long,False,-0.05308333333333337,True
DeepSeek/ON,s205-rank6-d1-pos3,205,s205-rank6,accurate,1,True,default,False,-0.008416666666666739,False
DeepSeek/ON,s205-rank6-d1-pos3,205,s205-rank6,accurate,1,True,noise01,False,-0.003541666666666554,False
DeepSeek/ON,s205-rank6-d1-pos3,205,s205-rank6,accurate,1,True,long,False,-0.03781250000000003,False
DeepSeek/ON,s205-rank6-d1-pos4,205,s205-rank6,cooperation,1,True,default,False,0.018374999999999808,True
DeepSeek/ON,s205-rank6-d1-pos4,205,s205-rank6,cooperation,1,True,noise01,False,0.023625000000000007,True
DeepSeek/ON,s205-rank6-d1-pos4,205,s205-rank6,cooperation,1,True,long,False,-0.041291666666666726,True
DeepSeek/ON,s205-rank1-d1-pos0,205,s205-rank1,mismatched,1,True,default,False,0.08662499999999973,True
DeepSeek/ON,s205-rank1-d1-pos0,205,s205-rank1,mismatched,1,True,noise01,False,0.09108333333333296,True
DeepSeek/ON,s205-rank1-d1-pos0,205,s205-rank1,mismatched,1,True,long,False,0.038854166666666634,True
DeepSeek/ON,s205-rank1-d1-pos1,205,s205-rank1,score,1,True,default,False,0.014000000000000012,True
DeepSeek/ON,s205-rank1-d1-pos1,205,s205-rank1,score,1,True,noise01,False,0.017958333333333076,True
DeepSeek/ON,s205-rank1-d1-pos1,205,s205-rank1,score,1,True,long,False,-0.013624999999999998,True
DeepSeek/ON,s205-rank1-d1-pos2,205,s205-rank1,background,1,True,default,False,0.0754999999999999,False
DeepSeek/ON,s205-rank1-d1-pos2,205,s205-rank1,background,1,True,noise01,False,0.061374999999999735,False
DeepSeek/ON,s205-rank1-d1-pos2,205,s205-rank1,background,1,True,long,False,0.011729166666666568,False
DeepSeek/ON,s205-rank1-d1-pos3,205,s205-rank1,accurate,1,True,default,False,0.059541666666666604,False
DeepSeek/ON,s205-rank1-d1-pos3,205,s205-rank1,accurate,1,True,noise01,False,0.04025000000000012,False
DeepSeek/ON,s205-rank1-d1-pos3,205,s205-rank1,accurate,1,True,long,False,0.07431250000000023,False
DeepSeek/ON,s205-rank1-d1-pos4,205,s205-rank1,cooperation,1,True,default,False,0.047250000000000014,True
DeepSeek/ON,s205-rank1-d1-pos4,205,s205-rank1,cooperation,1,True,noise01,False,0.0349583333333332,True
DeepSeek/ON,s205-rank1-d1-pos4,205,s205-rank1,cooperation,1,True,long,False,0.017166666666666774,True
DeepSeek/ON,s206-rank1-d1-pos0,206,s206-rank1,cooperation,1,True,default,False,-0.006291666666666584,False
DeepSeek/ON,s206-rank1-d1-pos0,206,s206-rank1,cooperation,1,True,noise01,False,-0.04875000000000007,False
DeepSeek/ON,s206-rank1-d1-pos0,206,s206-rank1,cooperation,1,True,long,False,-0.011270833333333341,False
DeepSeek/ON,s206-rank1-d1-pos1,206,s206-rank1,background,1,True,default,False,0.016874999999999973,False
DeepSeek/ON,s206-rank1-d1-pos1,206,s206-rank1,background,1,True,noise01,False,0.014708333333333323,False
DeepSeek/ON,s206-rank1-d1-pos1,206,s206-rank1,background,1,True,long,False,-0.012916666666666465,False
DeepSeek/ON,s206-rank1-d1-pos2,206,s206-rank1,accurate,1,False,default,True,0.0,False
DeepSeek/ON,s206-rank1-d1-pos2,206,s206-rank1,accurate,1,False,noise01,True,0.0,False
DeepSeek/ON,s206-rank1-d1-pos2,206,s206-rank1,accurate,1,False,long,True,0.0,False
DeepSeek/ON,s206-rank1-d1-pos3,206,s206-rank1,mismatched,1,True,default,False,-0.007333333333333192,False
DeepSeek/ON,s206-rank1-d1-pos3,206,s206-rank1,mismatched,1,True,noise01,False,-0.016958333333333186,False
DeepSeek/ON,s206-rank1-d1-pos3,206,s206-rank1,mismatched,1,True,long,False,-0.0023958333333331527,False
DeepSeek/ON,s206-rank1-d1-pos4,206,s206-rank1,score,1,True,default,False,0.006208333333333371,False
DeepSeek/ON,s206-rank1-d1-pos4,206,s206-rank1,score,1,True,noise01,False,0.00550000000000006,False
DeepSeek/ON,s206-rank1-d1-pos4,206,s206-rank1,score,1,True,long,False,-0.0208124999999999,False
DeepSeek/ON,s212-rank6-d1-pos0,212,s212-rank6,accurate,1,True,default,False,0.10679166666666662,True
DeepSeek/ON,s212-rank6-d1-pos0,212,s212-rank6,accurate,1,True,noise01,False,0.12212500000000004,True
DeepSeek/ON,s212-rank6-d1-pos0,212,s212-rank6,accurate,1,True,long,False,0.08377083333333335,True
DeepSeek/ON,s212-rank6-d1-pos1,212,s212-rank6,score,1,True,default,False,0.05445833333333372,False
DeepSeek/ON,s212-rank6-d1-pos1,212,s212-rank6,score,1,True,noise01,False,0.06370833333333348,False
DeepSeek/ON,s212-rank6-d1-pos1,212,s212-rank6,score,1,True,long,False,0.0036249999999997673,False
DeepSeek/ON,s212-rank6-d1-pos2,212,s212-rank6,mismatched,1,True,default,False,0.0674166666666669,True
DeepSeek/ON,s212-rank6-d1-pos2,212,s212-rank6,mismatched,1,True,noise01,False,0.0890833333333334,True
DeepSeek/ON,s212-rank6-d1-pos2,212,s212-rank6,mismatched,1,True,long,False,0.04854166666666648,True
DeepSeek/ON,s212-rank6-d1-pos3,212,s212-rank6,background,1,True,default,False,0.043791666666666895,False
DeepSeek/ON,s212-rank6-d1-pos3,212,s212-rank6,background,1,True,noise01,False,0.060416666666666785,False
DeepSeek/ON,s212-rank6-d1-pos3,212,s212-rank6,background,1,True,long,False,-0.006437500000000096,False
DeepSeek/ON,s212-rank6-d1-pos4,212,s212-rank6,cooperation,1,True,default,False,0.019500000000000295,False
DeepSeek/ON,s212-rank6-d1-pos4,212,s212-rank6,cooperation,1,True,noise01,False,0.061583333333333545,False
DeepSeek/ON,s212-rank6-d1-pos4,212,s212-rank6,cooperation,1,True,long,False,-0.04122916666666665,False
DeepSeek/ON,s217-rank1-d1-pos0,217,s217-rank1,accurate,1,True,default,False,-0.001875000000000071,False
DeepSeek/ON,s217-rank1-d1-pos0,217,s217-rank1,accurate,1,True,noise01,False,-0.020375000000000254,False
DeepSeek/ON,s217-rank1-d1-pos0,217,s217-rank1,accurate,1,True,long,False,-0.00374999999999992,False
DeepSeek/ON,s217-rank1-d1-pos1,217,s217-rank1,mismatched,1,True,default,False,0.005083333333333329,False
DeepSeek/ON,s217-rank1-d1-pos1,217,s217-rank1,mismatched,1,True,noise01,False,0.006041666666666501,False
DeepSeek/ON,s217-rank1-d1-pos1,217,s217-rank1,mismatched,1,True,long,False,0.02268749999999997,False
DeepSeek/ON,s217-rank1-d1-pos2,217,s217-rank1,cooperation,1,True,default,False,0.0024999999999999467,False
DeepSeek/ON,s217-rank1-d1-pos2,217,s217-rank1,cooperation,1,True,noise01,False,0.0029999999999996696,False
DeepSeek/ON,s217-rank1-d1-pos2,217,s217-rank1,cooperation,1,True,long,False,0.0016458333333333464,False
DeepSeek/ON,s217-rank1-d1-pos3,217,s217-rank1,background,1,True,default,False,0.0006250000000000977,False
DeepSeek/ON,s217-rank1-d1-pos3,217,s217-rank1,background,1,True,noise01,False,0.0009166666666664547,False
DeepSeek/ON,s217-rank1-d1-pos3,217,s217-rank1,background,1,True,long,False,0.0202500000000001,False
DeepSeek/ON,s217-rank1-d1-pos4,217,s217-rank1,score,1,True,default,False,0.18233333333333324,True
DeepSeek/ON,s217-rank1-d1-pos4,217,s217-rank1,score,1,True,noise01,False,0.12354166666666666,True
DeepSeek/ON,s217-rank1-d1-pos4,217,s217-rank1,score,1,True,long,False,0.07310416666666653,True
DeepSeek/ON,s214-rank6-d0-pos0,214,s214-rank6,mismatched,0,True,default,False,0.049250000000000016,False
DeepSeek/ON,s214-rank6-d0-pos0,214,s214-rank6,mismatched,0,True,noise01,False,0.050875000000000004,False
DeepSeek/ON,s214-rank6-d0-pos0,214,s214-rank6,mismatched,0,True,long,False,0.06314583333333323,False
DeepSeek/ON,s214-rank6-d0-pos1,214,s214-rank6,background,0,True,default,False,-0.07916666666666661,False
DeepSeek/ON,s214-rank6-d0-pos1,214,s214-rank6,background,0,True,noise01,False,-0.09129166666666655,False
DeepSeek/ON,s214-rank6-d0-pos1,214,s214-rank6,background,0,True,long,False,-0.09458333333333346,False
DeepSeek/ON,s214-rank6-d0-pos2,214,s214-rank6,accurate,0,True,default,False,0.15012500000000006,True
DeepSeek/ON,s214-rank6-d0-pos2,214,s214-rank6,accurate,0,True,noise01,False,0.1416250000000001,True
DeepSeek/ON,s214-rank6-d0-pos2,214,s214-rank6,accurate,0,True,long,False,0.19783333333333308,True
DeepSeek/ON,s214-rank6-d0-pos3,214,s214-rank6,score,0,True,default,False,0.10758333333333336,False
DeepSeek/ON,s214-rank6-d0-pos3,214,s214-rank6,score,0,True,noise01,False,0.06854166666666694,False
DeepSeek/ON,s214-rank6-d0-pos3,214,s214-rank6,score,0,True,long,False,0.10950000000000015,False
DeepSeek/ON,s214-rank6-d0-pos4,214,s214-rank6,cooperation,0,True,default,False,0.12995833333333318,True
DeepSeek/ON,s214-rank6-d0-pos4,214,s214-rank6,cooperation,0,True,noise01,False,0.11079166666666684,True
DeepSeek/ON,s214-rank6-d0-pos4,214,s214-rank6,cooperation,0,True,long,False,0.11620833333333325,True
DeepSeek/ON,s214-rank1-d0-pos0,214,s214-rank1,mismatched,0,True,default,False,-0.0007499999999998064,False
DeepSeek/ON,s214-rank1-d0-pos0,214,s214-rank1,mismatched,0,True,noise01,False,-0.01949999999999985,False
DeepSeek/ON,s214-rank1-d0-pos0,214,s214-rank1,mismatched,0,True,long,False,-0.02168749999999986,False
DeepSeek/ON,s214-rank1-d0-pos1,214,s214-rank1,background,0,True,default,False,0.026708333333333556,True
DeepSeek/ON,s214-rank1-d0-pos1,214,s214-rank1,background,0,True,noise01,False,0.03754166666666636,True
DeepSeek/ON,s214-rank1-d0-pos1,214,s214-rank1,background,0,True,long,False,0.009749999999999925,True
DeepSeek/ON,s214-rank1-d0-pos2,214,s214-rank1,accurate,0,True,default,False,0.07591666666666685,True
DeepSeek/ON,s214-rank1-d0-pos2,214,s214-rank1,accurate,0,True,noise01,False,0.09004166666666658,True
DeepSeek/ON,s214-rank1-d0-pos2,214,s214-rank1,accurate,0,True,long,False,0.06112500000000032,True
DeepSeek/ON,s214-rank1-d0-pos3,214,s214-rank1,score,0,True,default,False,0.13779166666666653,True
DeepSeek/ON,s214-rank1-d0-pos3,214,s214-rank1,score,0,True,noise01,False,0.12708333333333321,True
DeepSeek/ON,s214-rank1-d0-pos3,214,s214-rank1,score,0,True,long,False,0.12637500000000013,True
DeepSeek/ON,s214-rank1-d0-pos4,214,s214-rank1,cooperation,0,True,default,False,0.06291666666666695,True
DeepSeek/ON,s214-rank1-d0-pos4,214,s214-rank1,cooperation,0,True,noise01,False,0.02629166666666638,True
DeepSeek/ON,s214-rank1-d0-pos4,214,s214-rank1,cooperation,0,True,long,False,0.00374999999999992,True
Qwen/OFF,s206-rank6-d1-pos0,206,s206-rank6,cooperation,1,True,default,False,0.10924999999999963,True
Qwen/OFF,s206-rank6-d1-pos0,206,s206-rank6,cooperation,1,True,noise01,False,0.09570833333333306,True
Qwen/OFF,s206-rank6-d1-pos0,206,s206-rank6,cooperation,1,True,long,False,0.08168750000000036,True
Qwen/OFF,s206-rank6-d1-pos1,206,s206-rank6,background,1,True,default,False,0.005416666666666403,False
Qwen/OFF,s206-rank6-d1-pos1,206,s206-rank6,background,1,True,noise01,False,0.006291666666666584,False
Qwen/OFF,s206-rank6-d1-pos1,206,s206-rank6,background,1,True,long,False,0.003958333333333508,False
Qwen/OFF,s206-rank6-d1-pos2,206,s206-rank6,accurate,1,True,default,False,0.004250000000000087,True
Qwen/OFF,s206-rank6-d1-pos2,206,s206-rank6,accurate,1,True,noise01,False,0.023083333333333345,True
Qwen/OFF,s206-rank6-d1-pos2,206,s206-rank6,accurate,1,True,long,False,-0.0291874999999997,True
Qwen/OFF,s206-rank6-d1-pos3,206,s206-rank6,mismatched,1,False,default,True,0.0,False
Qwen/OFF,s206-rank6-d1-pos3,206,s206-rank6,mismatched,1,False,noise01,True,0.0,False
Qwen/OFF,s206-rank6-d1-pos3,206,s206-rank6,mismatched,1,False,long,True,0.0,False
Qwen/OFF,s206-rank6-d1-pos4,206,s206-rank6,score,1,True,default,False,0.03512500000000007,True
Qwen/OFF,s206-rank6-d1-pos4,206,s206-rank6,score,1,True,noise01,False,0.05866666666666642,True
Qwen/OFF,s206-rank6-d1-pos4,206,s206-rank6,score,1,True,long,False,0.032229166666666975,True
Qwen/OFF,s205-rank6-d0-pos0,205,s205-rank6,mismatched,0,True,default,False,-0.044666666666666854,True
Qwen/OFF,s205-rank6-d0-pos0,205,s205-rank6,mismatched,0,True,noise01,False,-0.03370833333333323,True
Qwen/OFF,s205-rank6-d0-pos0,205,s205-rank6,mismatched,0,True,long,False,-0.04270833333333335,True
Qwen/OFF,s205-rank6-d0-pos1,205,s205-rank6,score,0,True,default,False,-0.09925000000000006,False
Qwen/OFF,s205-rank6-d0-pos1,205,s205-rank6,score,0,True,noise01,False,-0.0682083333333332,False
Qwen/OFF,s205-rank6-d0-pos1,205,s205-rank6,score,0,True,long,False,-0.08904166666666669,False
Qwen/OFF,s205-rank6-d0-pos2,205,s205-rank6,background,0,True,default,False,-0.05441666666666678,False
Qwen/OFF,s205-rank6-d0-pos2,205,s205-rank6,background,0,True,noise01,False,-0.02937499999999993,False
Qwen/OFF,s205-rank6-d0-pos2,205,s205-rank6,background,0,True,long,False,-0.1355833333333334,False
Qwen/OFF,s205-rank6-d0-pos3,205,s205-rank6,accurate,0,True,default,False,-0.02216666666666689,True
Qwen/OFF,s205-rank6-d0-pos3,205,s205-rank6,accurate,0,True,noise01,False,0.0039166666666670125,True
Qwen/OFF,s205-rank6-d0-pos3,205,s205-rank6,accurate,0,True,long,False,-0.04866666666666686,True
Qwen/OFF,s205-rank6-d0-pos4,205,s205-rank6,cooperation,0,True,default,False,-0.04833333333333334,False
Qwen/OFF,s205-rank6-d0-pos4,205,s205-rank6,cooperation,0,True,noise01,False,-0.026833333333333265,False
Qwen/OFF,s205-rank6-d0-pos4,205,s205-rank6,cooperation,0,True,long,False,-0.053874999999999895,False
Qwen/OFF,s209-rank3-d1-pos0,209,s209-rank3,mismatched,1,True,default,False,0.029041666666666854,True
Qwen/OFF,s209-rank3-d1-pos0,209,s209-rank3,mismatched,1,True,noise01,False,0.03079166666666655,True
Qwen/OFF,s209-rank3-d1-pos0,209,s209-rank3,mismatched,1,True,long,False,0.0451666666666668,True
Qwen/OFF,s209-rank3-d1-pos1,209,s209-rank3,background,1,True,default,False,0.035416666666666874,True
Qwen/OFF,s209-rank3-d1-pos1,209,s209-rank3,background,1,True,noise01,False,0.03287499999999999,True
Qwen/OFF,s209-rank3-d1-pos1,209,s209-rank3,background,1,True,long,False,0.038833333333333275,True
Qwen/OFF,s209-rank3-d1-pos2,209,s209-rank3,accurate,1,True,default,False,0.012041666666666728,False
Qwen/OFF,s209-rank3-d1-pos2,209,s209-rank3,accurate,1,True,noise01,False,0.02554166666666635,False
Qwen/OFF,s209-rank3-d1-pos2,209,s209-rank3,accurate,1,True,long,False,0.030729166666666696,False
Qwen/OFF,s209-rank3-d1-pos3,209,s209-rank3,score,1,True,default,False,-0.02604166666666674,False
Qwen/OFF,s209-rank3-d1-pos3,209,s209-rank3,score,1,True,noise01,False,-0.007583333333333497,False
Qwen/OFF,s209-rank3-d1-pos3,209,s209-rank3,score,1,True,long,False,-0.0032083333333332575,False
Qwen/OFF,s209-rank3-d1-pos4,209,s209-rank3,cooperation,1,True,default,False,0.03833333333333333,True
Qwen/OFF,s209-rank3-d1-pos4,209,s209-rank3,cooperation,1,True,noise01,False,0.04308333333333336,True
Qwen/OFF,s209-rank3-d1-pos4,209,s209-rank3,cooperation,1,True,long,False,0.03877083333333342,True
Qwen/OFF,s206-rank6-d0-pos0,206,s206-rank6,cooperation,0,True,default,False,0.02066666666666661,False
Qwen/OFF,s206-rank6-d0-pos0,206,s206-rank6,cooperation,0,True,noise01,False,0.021333333333333204,False
Qwen/OFF,s206-rank6-d0-pos0,206,s206-rank6,cooperation,0,True,long,False,-0.026958333333333195,False
Qwen/OFF,s206-rank6-d0-pos1,206,s206-rank6,background,0,True,default,False,0.09462499999999996,True
Qwen/OFF,s206-rank6-d0-pos1,206,s206-rank6,background,0,True,noise01,False,0.09004166666666658,True
Qwen/OFF,s206-rank6-d0-pos1,206,s206-rank6,background,0,True,long,False,0.0576041666666669,True
Qwen/OFF,s206-rank6-d0-pos2,206,s206-rank6,accurate,0,True,default,False,0.028249999999999886,False
Qwen/OFF,s206-rank6-d0-pos2,206,s206-rank6,accurate,0,True,noise01,False,0.027249999999999774,False
Qwen/OFF,s206-rank6-d0-pos2,206,s206-rank6,accurate,0,True,long,False,0.025041666666667073,False
Qwen/OFF,s206-rank6-d0-pos3,206,s206-rank6,mismatched,0,True,default,False,0.026541666666666686,True
Qwen/OFF,s206-rank6-d0-pos3,206,s206-rank6,mismatched,0,True,noise01,False,0.019666666666666277,True
Qwen/OFF,s206-rank6-d0-pos3,206,s206-rank6,mismatched,0,True,long,False,0.00739583333333349,True
Qwen/OFF,s206-rank6-d0-pos4,206,s206-rank6,score,0,True,default,False,0.05133333333333323,False
Qwen/OFF,s206-rank6-d0-pos4,206,s206-rank6,score,0,True,noise01,False,0.059083333333333155,False
Qwen/OFF,s206-rank6-d0-pos4,206,s206-rank6,score,0,True,long,False,0.02089583333333378,False
Qwen/OFF,s202-rank1-d1-pos0,202,s202-rank1,mismatched,1,True,default,False,-0.008875000000000188,True
Qwen/OFF,s202-rank1-d1-pos0,202,s202-rank1,mismatched,1,True,noise01,False,-0.014708333333333323,True
Qwen/OFF,s202-rank1-d1-pos0,202,s202-rank1,mismatched,1,True,long,False,0.005770833333333503,True
Qwen/OFF,s202-rank1-d1-pos1,202,s202-rank1,cooperation,1,True,default,False,-0.0017500000000001403,True
Qwen/OFF,s202-rank1-d1-pos1,202,s202-rank1,cooperation,1,True,noise01,False,-0.0030833333333331048,True
Qwen/OFF,s202-rank1-d1-pos1,202,s202-rank1,cooperation,1,True,long,False,-0.009062499999999973,True
Qwen/OFF,s202-rank1-d1-pos2,202,s202-rank1,background,1,True,default,False,-0.020041666666666957,False
Qwen/OFF,s202-rank1-d1-pos2,202,s202-rank1,background,1,True,noise01,False,-0.010916666666666686,False
Qwen/OFF,s202-rank1-d1-pos2,202,s202-rank1,background,1,True,long,False,-0.006041666666666501,False
Qwen/OFF,s202-rank1-d1-pos3,202,s202-rank1,score,1,True,default,False,-0.012166666666666659,False
Qwen/OFF,s202-rank1-d1-pos3,202,s202-rank1,score,1,True,noise01,False,-0.001875000000000071,False
Qwen/OFF,s202-rank1-d1-pos3,202,s202-rank1,score,1,True,long,False,-0.0026249999999998774,False
Qwen/OFF,s202-rank1-d1-pos4,202,s202-rank1,accurate,1,True,default,False,-0.009250000000000203,False
Qwen/OFF,s202-rank1-d1-pos4,202,s202-rank1,accurate,1,True,noise01,False,0.003833333333333133,False
Qwen/OFF,s202-rank1-d1-pos4,202,s202-rank1,accurate,1,True,long,False,0.008375000000000021,False
Qwen/OFF,s201-rank1-d1-pos0,201,s201-rank1,accurate,1,True,default,False,0.10433333333333339,True
Qwen/OFF,s201-rank1-d1-pos0,201,s201-rank1,accurate,1,True,noise01,False,0.10070833333333362,True
Qwen/OFF,s201-rank1-d1-pos0,201,s201-rank1,accurate,1,True,long,False,0.08877083333333347,True
Qwen/OFF,s201-rank1-d1-pos1,201,s201-rank1,cooperation,1,True,default,False,0.05595833333333333,True
Qwen/OFF,s201-rank1-d1-pos1,201,s201-rank1,cooperation,1,True,noise01,False,0.038875000000000215,True
Qwen/OFF,s201-rank1-d1-pos1,201,s201-rank1,cooperation,1,True,long,False,0.011229166666666623,True
Qwen/OFF,s201-rank1-d1-pos2,201,s201-rank1,score,1,True,default,False,0.019458333333333355,True
Qwen/OFF,s201-rank1-d1-pos2,201,s201-rank1,score,1,True,noise01,False,0.016291666666667037,True
Qwen/OFF,s201-rank1-d1-pos2,201,s201-rank1,score,1,True,long,False,0.013791666666666647,True
Qwen/OFF,s201-rank1-d1-pos3,201,s201-rank1,mismatched,1,False,default,True,0.0,False
Qwen/OFF,s201-rank1-d1-pos3,201,s201-rank1,mismatched,1,False,noise01,True,0.0,False
Qwen/OFF,s201-rank1-d1-pos3,201,s201-rank1,mismatched,1,False,long,True,0.0,False
Qwen/OFF,s201-rank1-d1-pos4,201,s201-rank1,background,1,True,default,False,-0.020874999999999977,True
Qwen/OFF,s201-rank1-d1-pos4,201,s201-rank1,background,1,True,noise01,False,-0.00691666666666646,True
Qwen/OFF,s201-rank1-d1-pos4,201,s201-rank1,background,1,True,long,False,-0.003979166666666645,True
Qwen/OFF,s211-rank1-d0-pos0,211,s211-rank1,mismatched,0,True,default,False,0.028041666666666742,True
Qwen/OFF,s211-rank1-d0-pos0,211,s211-rank1,mismatched,0,True,noise01,False,0.0834166666666667,True
Qwen/OFF,s211-rank1-d0-pos0,211,s211-rank1,mismatched,0,True,long,False,0.03925000000000001,True
Qwen/OFF,s211-rank1-d0-pos1,211,s211-rank1,accurate,0,True,default,False,0.016833333333333256,False
Qwen/OFF,s211-rank1-d0-pos1,211,s211-rank1,accurate,0,True,noise01,False,0.06125000000000003,False
Qwen/OFF,s211-rank1-d0-pos1,211,s211-rank1,accurate,0,True,long,False,0.04704166666666687,False
Qwen/OFF,s211-rank1-d0-pos2,211,s211-rank1,cooperation,0,True,default,False,0.023249999999999993,True
Qwen/OFF,s211-rank1-d0-pos2,211,s211-rank1,cooperation,0,True,noise01,False,0.05974999999999997,True
Qwen/OFF,s211-rank1-d0-pos2,211,s211-rank1,cooperation,0,True,long,False,0.05139583333333353,True
Qwen/OFF,s211-rank1-d0-pos3,211,s211-rank1,score,0,True,default,False,0.021208333333333274,True
Qwen/OFF,s211-rank1-d0-pos3,211,s211-rank1,score,0,True,noise01,False,0.05625000000000013,True
Qwen/OFF,s211-rank1-d0-pos3,211,s211-rank1,score,0,True,long,False,0.05093749999999986,True
Qwen/OFF,s211-rank1-d0-pos4,211,s211-rank1,background,0,True,default,False,0.021625000000000227,False
Qwen/OFF,s211-rank1-d0-pos4,211,s211-rank1,background,0,True,noise01,False,0.055208333333333526,False
Qwen/OFF,s211-rank1-d0-pos4,211,s211-rank1,background,0,True,long,False,0.050729166666666714,False
Qwen/OFF,s205-rank1-d0-pos0,205,s205-rank1,mismatched,0,True,default,False,-0.04329166666666673,True
Qwen/OFF,s205-rank1-d0-pos0,205,s205-rank1,mismatched,0,True,noise01,False,-0.021208333333333496,True
Qwen/OFF,s205-rank1-d0-pos0,205,s205-rank1,mismatched,0,True,long,False,-0.020479166666666826,True
Qwen/OFF,s205-rank1-d0-pos1,205,s205-rank1,score,0,True,default,False,-0.023666666666666725,False
Qwen/OFF,s205-rank1-d0-pos1,205,s205-rank1,score,0,True,noise01,False,-0.02066666666666661,False
Qwen/OFF,s205-rank1-d0-pos1,205,s205-rank1,score,0,True,long,False,-0.02968750000000009,False
Qwen/OFF,s205-rank1-d0-pos2,205,s205-rank1,background,0,True,default,False,0.02445833333333325,True
Qwen/OFF,s205-rank1-d0-pos2,205,s205-rank1,background,0,True,noise01,False,0.027875000000000094,True
Qwen/OFF,s205-rank1-d0-pos2,205,s205-rank1,background,0,True,long,False,-0.0060833333333334405,True
Qwen/OFF,s205-rank1-d0-pos3,205,s205-rank1,accurate,0,True,default,False,0.02995833333333353,True
Qwen/OFF,s205-rank1-d0-pos3,205,s205-rank1,accurate,0,True,noise01,False,0.03766666666666629,True
Qwen/OFF,s205-rank1-d0-pos3,205,s205-rank1,accurate,0,True,long,False,0.03427083333333325,True
Qwen/OFF,s205-rank1-d0-pos4,205,s205-rank1,cooperation,0,True,default,False,-0.026833333333333487,False
Qwen/OFF,s205-rank1-d0-pos4,205,s205-rank1,cooperation,0,True,noise01,False,-0.030750000000000277,False
Qwen/OFF,s205-rank1-d0-pos4,205,s205-rank1,cooperation,0,True,long,False,-0.04091666666666671,False
Qwen/OFF,s205-rank3-d1-pos0,205,s205-rank3,mismatched,1,True,default,False,-0.06433333333333358,False
Qwen/OFF,s205-rank3-d1-pos0,205,s205-rank3,mismatched,1,True,noise01,False,-0.0634166666666669,False
Qwen/OFF,s205-rank3-d1-pos0,205,s205-rank3,mismatched,1,True,long,False,-0.027854166666666735,False
Qwen/OFF,s205-rank3-d1-pos1,205,s205-rank3,score,1,True,default,False,-0.0029166666666666785,False
Qwen/OFF,s205-rank3-d1-pos1,205,s205-rank3,score,1,True,noise01,False,-0.017875000000000085,False
Qwen/OFF,s205-rank3-d1-pos1,205,s205-rank3,score,1,True,long,False,-0.0497291666666666,False
Qwen/OFF,s205-rank3-d1-pos2,205,s205-rank3,background,1,True,default,False,-0.05054166666666693,False
Qwen/OFF,s205-rank3-d1-pos2,205,s205-rank3,background,1,True,noise01,False,-0.06075000000000008,False
Qwen/OFF,s205-rank3-d1-pos2,205,s205-rank3,background,1,True,long,False,-0.04527083333333337,False
Qwen/OFF,s205-rank3-d1-pos3,205,s205-rank3,accurate,1,True,default,False,-0.004666666666666819,False
Qwen/OFF,s205-rank3-d1-pos3,205,s205-rank3,accurate,1,True,noise01,False,-0.027166666666666783,False
Qwen/OFF,s205-rank3-d1-pos3,205,s205-rank3,accurate,1,True,long,False,0.004187499999999789,False
Qwen/OFF,s205-rank3-d1-pos4,205,s205-rank3,cooperation,1,True,default,False,-0.0011249999999998206,False
Qwen/OFF,s205-rank3-d1-pos4,205,s205-rank3,cooperation,1,True,noise01,False,-0.012500000000000178,False
Qwen/OFF,s205-rank3-d1-pos4,205,s205-rank3,cooperation,1,True,long,False,-0.037541666666666584,False
Qwen/OFF,s209-rank1-d0-pos0,209,s209-rank1,mismatched,0,True,default,False,0.028333333333333544,True
Qwen/OFF,s209-rank1-d0-pos0,209,s209-rank1,mismatched,0,True,noise01,False,0.021874999999999867,True
Qwen/OFF,s209-rank1-d0-pos0,209,s209-rank1,mismatched,0,True,long,False,0.02052083333333332,True
Qwen/OFF,s209-rank1-d0-pos1,209,s209-rank1,background,0,True,default,False,0.011916666666666575,True
Qwen/OFF,s209-rank1-d0-pos1,209,s209-rank1,background,0,True,noise01,False,0.018333333333333313,True
Qwen/OFF,s209-rank1-d0-pos1,209,s209-rank1,background,0,True,long,False,0.01418750000000002,True
Qwen/OFF,s209-rank1-d0-pos2,209,s209-rank1,accurate,0,True,default,False,0.011208333333333487,False
Qwen/OFF,s209-rank1-d0-pos2,209,s209-rank1,accurate,0,True,noise01,False,-0.01229166666666659,False
Qwen/OFF,s209-rank1-d0-pos2,209,s209-rank1,accurate,0,True,long,False,0.09058333333333346,False
Qwen/OFF,s209-rank1-d0-pos3,209,s209-rank1,score,0,True,default,False,0.019000000000000128,False
Qwen/OFF,s209-rank1-d0-pos3,209,s209-rank1,score,0,True,noise01,False,0.024083333333333234,False
Qwen/OFF,s209-rank1-d0-pos3,209,s209-rank1,score,0,True,long,False,0.012916666666666687,False
Qwen/OFF,s209-rank1-d0-pos4,209,s209-rank1,cooperation,0,True,default,False,0.02341666666666664,False
Qwen/OFF,s209-rank1-d0-pos4,209,s209-rank1,cooperation,0,True,noise01,False,0.014333333333333309,False
Qwen/OFF,s209-rank1-d0-pos4,209,s209-rank1,cooperation,0,True,long,False,0.014104166666666806,False
Qwen/OFF,s214-rank6-d1-pos0,214,s214-rank6,mismatched,1,True,default,False,0.07504166666666645,False
Qwen/OFF,s214-rank6-d1-pos0,214,s214-rank6,mismatched,1,True,noise01,False,0.059541666666666604,False
Qwen/OFF,s214-rank6-d1-pos0,214,s214-rank6,mismatched,1,True,long,False,0.08545833333333341,False
Qwen/OFF,s214-rank6-d1-pos1,214,s214-rank6,background,1,True,default,False,0.03241666666666676,False
Qwen/OFF,s214-rank6-d1-pos1,214,s214-rank6,background,1,True,noise01,False,0.036666666666666625,False
Qwen/OFF,s214-rank6-d1-pos1,214,s214-rank6,background,1,True,long,False,0.05718749999999995,False
Qwen/OFF,s214-rank6-d1-pos2,214,s214-rank6,accurate,1,True,default,False,-0.005458333333333343,False
Qwen/OFF,s214-rank6-d1-pos2,214,s214-rank6,accurate,1,True,noise01,False,-0.012458333333333238,False
Qwen/OFF,s214-rank6-d1-pos2,214,s214-rank6,accurate,1,True,long,False,0.0032083333333332575,False
Qwen/OFF,s214-rank6-d1-pos3,214,s214-rank6,score,1,True,default,False,0.06412500000000021,True
Qwen/OFF,s214-rank6-d1-pos3,214,s214-rank6,score,1,True,noise01,False,0.07549999999999968,True
Qwen/OFF,s214-rank6-d1-pos3,214,s214-rank6,score,1,True,long,False,0.06493749999999987,True
Qwen/OFF,s214-rank6-d1-pos4,214,s214-rank6,cooperation,1,False,default,True,0.0,False
Qwen/OFF,s214-rank6-d1-pos4,214,s214-rank6,cooperation,1,False,noise01,True,0.0,False
Qwen/OFF,s214-rank6-d1-pos4,214,s214-rank6,cooperation,1,False,long,True,0.0,False
Qwen/OFF,s213-rank3-d1-pos0,213,s213-rank3,accurate,1,True,default,False,0.02270833333333333,True
Qwen/OFF,s213-rank3-d1-pos0,213,s213-rank3,accurate,1,True,noise01,False,0.009958333333333291,True
Qwen/OFF,s213-rank3-d1-pos0,213,s213-rank3,accurate,1,True,long,False,0.0060833333333334405,True
Qwen/OFF,s213-rank3-d1-pos1,213,s213-rank3,cooperation,1,True,default,False,0.02679166666666677,False
Qwen/OFF,s213-rank3-d1-pos1,213,s213-rank3,cooperation,1,True,noise01,False,0.022083333333333233,False
Qwen/OFF,s213-rank3-d1-pos1,213,s213-rank3,cooperation,1,True,long,False,0.010770833333333396,False
Qwen/OFF,s213-rank3-d1-pos2,213,s213-rank3,background,1,True,default,False,0.022250000000000325,False
Qwen/OFF,s213-rank3-d1-pos2,213,s213-rank3,background,1,True,noise01,False,0.015374999999999917,False
Qwen/OFF,s213-rank3-d1-pos2,213,s213-rank3,background,1,True,long,False,0.06039583333333365,False
Qwen/OFF,s213-rank3-d1-pos3,213,s213-rank3,score,1,True,default,False,0.016583333333333616,False
Qwen/OFF,s213-rank3-d1-pos3,213,s213-rank3,score,1,True,noise01,False,0.0044999999999997264,False
Qwen/OFF,s213-rank3-d1-pos3,213,s213-rank3,score,1,True,long,False,0.0048958333333333215,False
Qwen/OFF,s213-rank3-d1-pos4,213,s213-rank3,mismatched,1,True,default,False,0.04420833333333363,True
Qwen/OFF,s213-rank3-d1-pos4,213,s213-rank3,mismatched,1,True,noise01,False,0.032874999999999766,True
Qwen/OFF,s213-rank3-d1-pos4,213,s213-rank3,mismatched,1,True,long,False,0.01447916666666682,True
Qwen/OFF,s203-rank6-d1-pos0,203,s203-rank6,score,1,True,default,False,-0.09875000000000012,False
Qwen/OFF,s203-rank6-d1-pos0,203,s203-rank6,score,1,True,noise01,False,-0.0714583333333334,False
Qwen/OFF,s203-rank6-d1-pos0,203,s203-rank6,score,1,True,long,False,-0.06337500000000018,False
Qwen/OFF,s203-rank6-d1-pos1,203,s203-rank6,mismatched,1,True,default,False,-0.04079166666666678,False
Qwen/OFF,s203-rank6-d1-pos1,203,s203-rank6,mismatched,1,True,noise01,False,-0.032791666666666996,False
Qwen/OFF,s203-rank6-d1-pos1,203,s203-rank6,mismatched,1,True,long,False,-0.02289583333333356,False
Qwen/OFF,s203-rank6-d1-pos2,203,s203-rank6,background,1,True,default,False,-0.03820833333333318,False
Qwen/OFF,s203-rank6-d1-pos2,203,s203-rank6,background,1,True,noise01,False,-0.021208333333333274,False
Qwen/OFF,s203-rank6-d1-pos2,203,s203-rank6,background,1,True,long,False,-0.03666666666666685,False
Qwen/OFF,s203-rank6-d1-pos3,203,s203-rank6,cooperation,1,True,default,False,-0.04270833333333335,False
Qwen/OFF,s203-rank6-d1-pos3,203,s203-rank6,cooperation,1,True,noise01,False,-0.026000000000000245,False
Qwen/OFF,s203-rank6-d1-pos3,203,s203-rank6,cooperation,1,True,long,False,-0.07633333333333336,False
Qwen/OFF,s203-rank6-d1-pos4,203,s203-rank6,accurate,1,False,default,True,0.0,False
Qwen/OFF,s203-rank6-d1-pos4,203,s203-rank6,accurate,1,False,noise01,True,0.0,False
Qwen/OFF,s203-rank6-d1-pos4,203,s203-rank6,accurate,1,False,long,True,0.0,False
Qwen/OFF,s203-rank1-d1-pos0,203,s203-rank1,score,1,True,default,False,-0.026916666666666478,True
Qwen/OFF,s203-rank1-d1-pos0,203,s203-rank1,score,1,True,noise01,False,-0.032624999999999904,True
Qwen/OFF,s203-rank1-d1-pos0,203,s203-rank1,score,1,True,long,False,-0.033020833333333055,True
Qwen/OFF,s203-rank1-d1-pos1,203,s203-rank1,mismatched,1,True,default,False,-0.043041666666666645,False
Qwen/OFF,s203-rank1-d1-pos1,203,s203-rank1,mismatched,1,True,noise01,False,-0.049249999999999794,False
Qwen/OFF,s203-rank1-d1-pos1,203,s203-rank1,mismatched,1,True,long,False,-0.033312499999999634,False
Qwen/OFF,s203-rank1-d1-pos2,203,s203-rank1,background,1,True,default,False,-0.05687500000000001,False
Qwen/OFF,s203-rank1-d1-pos2,203,s203-rank1,background,1,True,noise01,False,-0.044458333333333266,False
Qwen/OFF,s203-rank1-d1-pos2,203,s203-rank1,background,1,True,long,False,-0.10814583333333316,False
Qwen/OFF,s203-rank1-d1-pos3,203,s203-rank1,cooperation,1,True,default,False,-0.021874999999999867,False
Qwen/OFF,s203-rank1-d1-pos3,203,s203-rank1,cooperation,1,True,noise01,False,-0.03395833333333331,False
Qwen/OFF,s203-rank1-d1-pos3,203,s203-rank1,cooperation,1,True,long,False,-0.026270833333333243,False
Qwen/OFF,s203-rank1-d1-pos4,203,s203-rank1,accurate,1,True,default,False,-0.03691666666666649,False
Qwen/OFF,s203-rank1-d1-pos4,203,s203-rank1,accurate,1,True,noise01,False,-0.052416666666666556,False
Qwen/OFF,s203-rank1-d1-pos4,203,s203-rank1,accurate,1,True,long,False,-0.05597916666666647,False
Qwen/OFF,s214-rank1-d1-pos0,214,s214-rank1,mismatched,1,True,default,False,-0.01187500000000008,False
Qwen/OFF,s214-rank1-d1-pos0,214,s214-rank1,mismatched,1,True,noise01,False,-0.002291666666667025,False
Qwen/OFF,s214-rank1-d1-pos0,214,s214-rank1,mismatched,1,True,long,False,0.01272916666666668,False
Qwen/OFF,s214-rank1-d1-pos1,214,s214-rank1,background,1,True,default,False,-0.009583333333333055,False
Qwen/OFF,s214-rank1-d1-pos1,214,s214-rank1,background,1,True,noise01,False,-0.016416666666666968,False
Qwen/OFF,s214-rank1-d1-pos1,214,s214-rank1,background,1,True,long,False,-0.0216666666666665,False
Qwen/OFF,s214-rank1-d1-pos2,214,s214-rank1,accurate,1,True,default,False,-0.012541666666666673,False
Qwen/OFF,s214-rank1-d1-pos2,214,s214-rank1,accurate,1,True,noise01,False,-0.006750000000000256,False
Qwen/OFF,s214-rank1-d1-pos2,214,s214-rank1,accurate,1,True,long,False,-0.0034791666666667,False
Qwen/OFF,s214-rank1-d1-pos3,214,s214-rank1,score,1,False,default,True,0.0,False
Qwen/OFF,s214-rank1-d1-pos3,214,s214-rank1,score,1,False,noise01,True,0.0,False
Qwen/OFF,s214-rank1-d1-pos3,214,s214-rank1,score,1,False,long,True,0.0,False
Qwen/OFF,s214-rank1-d1-pos4,214,s214-rank1,cooperation,1,True,default,False,0.06291666666666695,True
Qwen/OFF,s214-rank1-d1-pos4,214,s214-rank1,cooperation,1,True,noise01,False,0.07220833333333321,True
Qwen/OFF,s214-rank1-d1-pos4,214,s214-rank1,cooperation,1,True,long,False,0.037416666666666876,True
Qwen/OFF,s211-rank3-d1-pos0,211,s211-rank3,mismatched,1,True,default,False,-0.06329166666666652,False
Qwen/OFF,s211-rank3-d1-pos0,211,s211-rank3,mismatched,1,True,noise01,False,-0.03616666666666668,False
Qwen/OFF,s211-rank3-d1-pos0,211,s211-rank3,mismatched,1,True,long,False,-0.053041666666666876,False
Qwen/OFF,s211-rank3-d1-pos1,211,s211-rank3,accurate,1,True,default,False,-0.07895833333333346,False
Qwen/OFF,s211-rank3-d1-pos1,211,s211-rank3,accurate,1,True,noise01,False,-0.017541666666666567,False
Qwen/OFF,s211-rank3-d1-pos1,211,s211-rank3,accurate,1,True,long,False,-0.054645833333333504,False
Qwen/OFF,s211-rank3-d1-pos2,211,s211-rank3,cooperation,1,True,default,False,-0.003916666666666568,False
Qwen/OFF,s211-rank3-d1-pos2,211,s211-rank3,cooperation,1,True,noise01,False,0.021791666666666654,False
Qwen/OFF,s211-rank3-d1-pos2,211,s211-rank3,cooperation,1,True,long,False,0.02977083333333308,False
Qwen/OFF,s211-rank3-d1-pos3,211,s211-rank3,score,1,True,default,False,0.021041666666666625,True
Qwen/OFF,s211-rank3-d1-pos3,211,s211-rank3,score,1,True,noise01,False,0.05862500000000015,True
Qwen/OFF,s211-rank3-d1-pos3,211,s211-rank3,score,1,True,long,False,0.05360416666666645,True
Qwen/OFF,s211-rank3-d1-pos4,211,s211-rank3,background,1,True,default,False,0.022250000000000325,True
Qwen/OFF,s211-rank3-d1-pos4,211,s211-rank3,background,1,True,noise01,False,0.05770833333333347,True
Qwen/OFF,s211-rank3-d1-pos4,211,s211-rank3,background,1,True,long,False,0.04958333333333309,True
Qwen/OFF,s209-rank1-d1-pos0,209,s209-rank1,mismatched,1,True,default,False,0.04004166666666675,False
Qwen/OFF,s209-rank1-d1-pos0,209,s209-rank1,mismatched,1,True,noise01,False,0.025624999999999787,False
Qwen/OFF,s209-rank1-d1-pos0,209,s209-rank1,mismatched,1,True,long,False,-0.00029166666666657903,False
Qwen/OFF,s209-rank1-d1-pos1,209,s209-rank1,background,1,True,default,False,0.009041666666666615,False
Qwen/OFF,s209-rank1-d1-pos1,209,s209-rank1,background,1,True,noise01,False,0.010958333333333181,False
Qwen/OFF,s209-rank1-d1-pos1,209,s209-rank1,background,1,True,long,False,0.0072708333333335595,False
Qwen/OFF,s209-rank1-d1-pos2,209,s209-rank1,accurate,1,True,default,False,0.09545833333333364,True
Qwen/OFF,s209-rank1-d1-pos2,209,s209-rank1,accurate,1,True,noise01,False,0.09354166666666641,True
Qwen/OFF,s209-rank1-d1-pos2,209,s209-rank1,accurate,1,True,long,False,0.19060416666666669,True
Qwen/OFF,s209-rank1-d1-pos3,209,s209-rank1,score,1,True,default,False,0.028124999999999956,True
Qwen/OFF,s209-rank1-d1-pos3,209,s209-rank1,score,1,True,noise01,False,0.023916666666666364,True
Qwen/OFF,s209-rank1-d1-pos3,209,s209-rank1,score,1,True,long,False,0.06862499999999994,True
Qwen/OFF,s209-rank1-d1-pos4,209,s209-rank1,cooperation,1,True,default,False,0.031500000000000083,True
Qwen/OFF,s209-rank1-d1-pos4,209,s209-rank1,cooperation,1,True,noise01,False,0.026708333333333112,True
Qwen/OFF,s209-rank1-d1-pos4,209,s209-rank1,cooperation,1,True,long,False,0.1254791666666666,True
Qwen/OFF,s210-rank1-d0-pos0,210,s210-rank1,background,0,True,default,False,-0.0068749999999999645,False
Qwen/OFF,s210-rank1-d0-pos0,210,s210-rank1,background,0,True,noise01,False,-0.01808333333333345,False
Qwen/OFF,s210-rank1-d0-pos0,210,s210-rank1,background,0,True,long,False,-0.015229166666666627,False
Qwen/OFF,s210-rank1-d0-pos1,210,s210-rank1,score,0,True,default,False,0.019166666666666554,True
Qwen/OFF,s210-rank1-d0-pos1,210,s210-rank1,score,0,True,noise01,False,0.018500000000000183,True
Qwen/OFF,s210-rank1-d0-pos1,210,s210-rank1,score,0,True,long,False,-0.012375000000000025,True
Qwen/OFF,s210-rank1-d0-pos2,210,s210-rank1,cooperation,0,True,default,False,-0.00016666666666687036,False
Qwen/OFF,s210-rank1-d0-pos2,210,s210-rank1,cooperation,0,True,noise01,False,-0.0170416666666664,False
Qwen/OFF,s210-rank1-d0-pos2,210,s210-rank1,cooperation,0,True,long,False,-0.0075624999999999165,False
Qwen/OFF,s210-rank1-d0-pos3,210,s210-rank1,accurate,0,True,default,False,-0.002291666666666581,False
Qwen/OFF,s210-rank1-d0-pos3,210,s210-rank1,accurate,0,True,noise01,False,-0.013499999999999845,False
Qwen/OFF,s210-rank1-d0-pos3,210,s210-rank1,accurate,0,True,long,False,-0.010874999999999968,False
Qwen/OFF,s210-rank1-d0-pos4,210,s210-rank1,mismatched,0,True,default,False,-0.01966666666666672,False
Qwen/OFF,s210-rank1-d0-pos4,210,s210-rank1,mismatched,0,True,noise01,False,-0.017791666666666428,False
Qwen/OFF,s210-rank1-d0-pos4,210,s210-rank1,mismatched,0,True,long,False,-0.02327083333333335,False
Qwen/OFF,s216-rank3-d0-pos0,216,s216-rank3,mismatched,0,True,default,False,0.04833333333333312,False
Qwen/OFF,s216-rank3-d0-pos0,216,s216-rank3,mismatched,0,True,noise01,False,0.0272083333333335,False
Qwen/OFF,s216-rank3-d0-pos0,216,s216-rank3,mismatched,0,True,long,False,-0.004666666666666597,False
Qwen/OFF,s216-rank3-d0-pos1,216,s216-rank3,accurate,0,True,default,False,0.05512499999999987,False
Qwen/OFF,s216-rank3-d0-pos1,216,s216-rank3,accurate,0,True,noise01,False,0.04416666666666669,False
Qwen/OFF,s216-rank3-d0-pos1,216,s216-rank3,accurate,0,True,long,False,0.02718749999999992,False
Qwen/OFF,s216-rank3-d0-pos2,216,s216-rank3,score,0,True,default,False,-0.001875000000000071,False
Qwen/OFF,s216-rank3-d0-pos2,216,s216-rank3,score,0,True,noise01,False,-0.008416666666666517,False
Qwen/OFF,s216-rank3-d0-pos2,216,s216-rank3,score,0,True,long,False,0.06416666666666648,False
Qwen/OFF,s216-rank3-d0-pos3,216,s216-rank3,background,0,True,default,False,-0.041458333333333375,False
Qwen/OFF,s216-rank3-d0-pos3,216,s216-rank3,background,0,True,noise01,False,-0.039999999999999813,False
Qwen/OFF,s216-rank3-d0-pos3,216,s216-rank3,background,0,True,long,False,-0.02908333333333335,False
Qwen/OFF,s216-rank3-d0-pos4,216,s216-rank3,cooperation,0,True,default,False,-0.10170833333333351,False
Qwen/OFF,s216-rank3-d0-pos4,216,s216-rank3,cooperation,0,True,noise01,False,-0.1200416666666666,False
Qwen/OFF,s216-rank3-d0-pos4,216,s216-rank3,cooperation,0,True,long,False,-0.1520208333333335,False
Qwen/OFF,s206-rank3-d1-pos0,206,s206-rank3,cooperation,1,True,default,False,0.010708333333333542,False
Qwen/OFF,s206-rank3-d1-pos0,206,s206-rank3,cooperation,1,True,noise01,False,0.023624999999999785,False
Qwen/OFF,s206-rank3-d1-pos0,206,s206-rank3,cooperation,1,True,long,False,-0.07937499999999997,False
Qwen/OFF,s206-rank3-d1-pos1,206,s206-rank3,background,1,True,default,False,0.21991666666666654,True
Qwen/OFF,s206-rank3-d1-pos1,206,s206-rank3,background,1,True,noise01,False,0.22437499999999955,True
Qwen/OFF,s206-rank3-d1-pos1,206,s206-rank3,background,1,True,long,False,0.13254166666666656,True
Qwen/OFF,s206-rank3-d1-pos2,206,s206-rank3,accurate,1,False,default,True,0.0,False
Qwen/OFF,s206-rank3-d1-pos2,206,s206-rank3,accurate,1,False,noise01,True,0.0,False
Qwen/OFF,s206-rank3-d1-pos2,206,s206-rank3,accurate,1,False,long,True,0.0,False
Qwen/OFF,s206-rank3-d1-pos3,206,s206-rank3,mismatched,1,False,default,True,0.0,False
Qwen/OFF,s206-rank3-d1-pos3,206,s206-rank3,mismatched,1,False,noise01,True,0.0,False
Qwen/OFF,s206-rank3-d1-pos3,206,s206-rank3,mismatched,1,False,long,True,0.0,False
Qwen/OFF,s206-rank3-d1-pos4,206,s206-rank3,score,1,True,default,False,0.02341666666666664,True
Qwen/OFF,s206-rank3-d1-pos4,206,s206-rank3,score,1,True,noise01,False,0.03562500000000002,True
Qwen/OFF,s206-rank3-d1-pos4,206,s206-rank3,score,1,True,long,False,0.015625,True
Qwen/OFF,s208-rank1-d1-pos0,208,s208-rank1,score,1,True,default,False,0.0014166666666668437,False
Qwen/OFF,s208-rank1-d1-pos0,208,s208-rank1,score,1,True,noise01,False,-0.001874999999999849,False
Qwen/OFF,s208-rank1-d1-pos0,208,s208-rank1,score,1,True,long,False,0.014270833333333233,False
Qwen/OFF,s208-rank1-d1-pos1,208,s208-rank1,background,1,True,default,False,0.01504166666666662,False
Qwen/OFF,s208-rank1-d1-pos1,208,s208-rank1,background,1,True,noise01,False,0.0069583333333334,False
Qwen/OFF,s208-rank1-d1-pos1,208,s208-rank1,background,1,True,long,False,0.01664583333333325,False
Qwen/OFF,s208-rank1-d1-pos2,208,s208-rank1,cooperation,1,True,default,False,-0.003375000000000128,False
Qwen/OFF,s208-rank1-d1-pos2,208,s208-rank1,cooperation,1,True,noise01,False,-0.011791666666666645,False
Qwen/OFF,s208-rank1-d1-pos2,208,s208-rank1,cooperation,1,True,long,False,0.0008749999999999591,False
Qwen/OFF,s208-rank1-d1-pos3,208,s208-rank1,mismatched,1,True,default,False,0.006250000000000089,False
Qwen/OFF,s208-rank1-d1-pos3,208,s208-rank1,mismatched,1,True,noise01,False,0.0037916666666666377,False
Qwen/OFF,s208-rank1-d1-pos3,208,s208-rank1,mismatched,1,True,long,False,0.012270833333333231,False
Qwen/OFF,s208-rank1-d1-pos4,208,s208-rank1,accurate,1,True,default,False,0.004875000000000185,False
Qwen/OFF,s208-rank1-d1-pos4,208,s208-rank1,accurate,1,True,noise01,False,0.003458333333333341,False
Qwen/OFF,s208-rank1-d1-pos4,208,s208-rank1,accurate,1,True,long,False,0.01908333333333334,False
Qwen/OFF,s216-rank1-d0-pos0,216,s216-rank1,mismatched,0,True,default,False,0.0003333333333332966,False
Qwen/OFF,s216-rank1-d0-pos0,216,s216-rank1,mismatched,0,True,noise01,False,-0.0050000000000001155,False
Qwen/OFF,s216-rank1-d0-pos0,216,s216-rank1,mismatched,0,True,long,False,0.0058749999999998526,False
Qwen/OFF,s216-rank1-d0-pos1,216,s216-rank1,accurate,0,True,default,False,0.004333333333333522,False
Qwen/OFF,s216-rank1-d0-pos1,216,s216-rank1,accurate,0,True,noise01,False,0.0004166666666667318,False
Qwen/OFF,s216-rank1-d0-pos1,216,s216-rank1,accurate,0,True,long,False,-0.028374999999999817,False
Qwen/OFF,s216-rank1-d0-pos2,216,s216-rank1,score,0,True,default,False,0.020958333333333412,True
Qwen/OFF,s216-rank1-d0-pos2,216,s216-rank1,score,0,True,noise01,False,0.009374999999999911,True
Qwen/OFF,s216-rank1-d0-pos2,216,s216-rank1,score,0,True,long,False,0.015270833333333345,True
Qwen/OFF,s216-rank1-d0-pos3,216,s216-rank1,background,0,True,default,False,0.03133333333333366,False
Qwen/OFF,s216-rank1-d0-pos3,216,s216-rank1,background,0,True,noise01,False,0.006249999999999867,False
Qwen/OFF,s216-rank1-d0-pos3,216,s216-rank1,background,0,True,long,False,0.07529166666666653,False
Qwen/OFF,s216-rank1-d0-pos4,216,s216-rank1,cooperation,0,True,default,False,8.333333333321313e-05,False
Qwen/OFF,s216-rank1-d0-pos4,216,s216-rank1,cooperation,0,True,noise01,False,-0.000791666666666746,False
Qwen/OFF,s216-rank1-d0-pos4,216,s216-rank1,cooperation,0,True,long,False,0.0018958333333332078,False
Qwen/OFF,s210-rank6-d0-pos0,210,s210-rank6,background,0,True,default,False,0.06262500000000015,True
Qwen/OFF,s210-rank6-d0-pos0,210,s210-rank6,background,0,True,noise01,False,0.03400000000000025,True
Qwen/OFF,s210-rank6-d0-pos0,210,s210-rank6,background,0,True,long,False,0.031020833333333275,True
Qwen/OFF,s210-rank6-d0-pos1,210,s210-rank6,score,0,True,default,False,0.04183333333333317,True
Qwen/OFF,s210-rank6-d0-pos1,210,s210-rank6,score,0,True,noise01,False,0.05729166666666696,True
Qwen/OFF,s210-rank6-d0-pos1,210,s210-rank6,score,0,True,long,False,0.003270833333333334,True
Qwen/OFF,s210-rank6-d0-pos2,210,s210-rank6,cooperation,0,True,default,False,-0.11654166666666699,False
Qwen/OFF,s210-rank6-d0-pos2,210,s210-rank6,cooperation,0,True,noise01,False,-0.09408333333333285,False
Qwen/OFF,s210-rank6-d0-pos2,210,s210-rank6,cooperation,0,True,long,False,-0.12491666666666679,False
Qwen/OFF,s210-rank6-d0-pos3,210,s210-rank6,accurate,0,True,default,False,0.023791666666666655,False
Qwen/OFF,s210-rank6-d0-pos3,210,s210-rank6,accurate,0,True,noise01,False,0.03475000000000028,False
Qwen/OFF,s210-rank6-d0-pos3,210,s210-rank6,accurate,0,True,long,False,0.009916666666666796,False
Qwen/OFF,s210-rank6-d0-pos4,210,s210-rank6,mismatched,0,True,default,False,-0.018583333333333396,False
Qwen/OFF,s210-rank6-d0-pos4,210,s210-rank6,mismatched,0,True,noise01,False,0.004125000000000378,False
Qwen/OFF,s210-rank6-d0-pos4,210,s210-rank6,mismatched,0,True,long,False,-0.009458333333333124,False
Qwen/OFF,s202-rank1-d0-pos0,202,s202-rank1,mismatched,0,True,default,False,-0.03375000000000017,False
Qwen/OFF,s202-rank1-d0-pos0,202,s202-rank1,mismatched,0,True,noise01,False,-0.04791666666666661,False
Qwen/OFF,s202-rank1-d0-pos0,202,s202-rank1,mismatched,0,True,long,False,-0.039562499999999945,False
Qwen/OFF,s202-rank1-d0-pos1,202,s202-rank1,cooperation,0,True,default,False,0.007583333333333275,False
Qwen/OFF,s202-rank1-d0-pos1,202,s202-rank1,cooperation,0,True,noise01,False,-0.001958333333333284,False
Qwen/OFF,s202-rank1-d0-pos1,202,s202-rank1,cooperation,0,True,long,False,0.005604166666666632,False
Qwen/OFF,s202-rank1-d0-pos2,202,s202-rank1,background,0,True,default,False,0.00041666666666650976,True
Qwen/OFF,s202-rank1-d0-pos2,202,s202-rank1,background,0,True,noise01,False,0.012625000000000108,True
Qwen/OFF,s202-rank1-d0-pos2,202,s202-rank1,background,0,True,long,False,0.02327083333333335,True
Qwen/OFF,s202-rank1-d0-pos3,202,s202-rank1,score,0,True,default,False,0.013500000000000068,True
Qwen/OFF,s202-rank1-d0-pos3,202,s202-rank1,score,0,True,noise01,False,-0.012083333333333224,True
Qwen/OFF,s202-rank1-d0-pos3,202,s202-rank1,score,0,True,long,False,-0.02012499999999995,True
Qwen/OFF,s202-rank1-d0-pos4,202,s202-rank1,accurate,0,True,default,False,-0.005416666666666847,True
Qwen/OFF,s202-rank1-d0-pos4,202,s202-rank1,accurate,0,True,noise01,False,0.003458333333333119,True
Qwen/OFF,s202-rank1-d0-pos4,202,s202-rank1,accurate,0,True,long,False,0.0013750000000001261,True
Qwen/OFF,s208-rank1-d0-pos0,208,s208-rank1,score,0,True,default,False,0.020791666666666764,True
Qwen/OFF,s208-rank1-d0-pos0,208,s208-rank1,score,0,True,noise01,False,0.04970833333333324,True
Qwen/OFF,s208-rank1-d0-pos0,208,s208-rank1,score,0,True,long,False,0.007020833333333254,True
Qwen/OFF,s208-rank1-d0-pos1,208,s208-rank1,background,0,True,default,False,-0.0012083333333332558,False
Qwen/OFF,s208-rank1-d0-pos1,208,s208-rank1,background,0,True,noise01,False,-0.0019166666666665666,False
Qwen/OFF,s208-rank1-d0-pos1,208,s208-rank1,background,0,True,long,False,0.01864583333333325,False
Qwen/OFF,s208-rank1-d0-pos2,208,s208-rank1,cooperation,0,True,default,False,-0.0037083333333334245,False
Qwen/OFF,s208-rank1-d0-pos2,208,s208-rank1,cooperation,0,True,noise01,False,-0.012416666666666298,False
Qwen/OFF,s208-rank1-d0-pos2,208,s208-rank1,cooperation,0,True,long,False,0.01952083333333321,False
Qwen/OFF,s208-rank1-d0-pos3,208,s208-rank1,mismatched,0,True,default,False,-0.002874999999999961,False
Qwen/OFF,s208-rank1-d0-pos3,208,s208-rank1,mismatched,0,True,noise01,False,-0.0013333333333331865,False
Qwen/OFF,s208-rank1-d0-pos3,208,s208-rank1,mismatched,0,True,long,False,0.002187500000000009,False
Qwen/OFF,s208-rank1-d0-pos4,208,s208-rank1,accurate,0,True,default,False,-0.020375000000000032,False
Qwen/OFF,s208-rank1-d0-pos4,208,s208-rank1,accurate,0,True,noise01,False,-0.027249999999999996,False
Qwen/OFF,s208-rank1-d0-pos4,208,s208-rank1,accurate,0,True,long,False,-0.026833333333333265,False
Qwen/OFF,s218-rank3-d0-pos0,218,s218-rank3,cooperation,0,True,default,False,0.0007083333333333108,False
Qwen/OFF,s218-rank3-d0-pos0,218,s218-rank3,cooperation,0,True,noise01,False,0.0035000000000000586,False
Qwen/OFF,s218-rank3-d0-pos0,218,s218-rank3,cooperation,0,True,long,False,-0.03214583333333332,False
Qwen/OFF,s218-rank3-d0-pos1,218,s218-rank3,accurate,0,True,default,False,-0.016874999999999973,True
Qwen/OFF,s218-rank3-d0-pos1,218,s218-rank3,accurate,0,True,noise01,False,-0.011541666666666561,True
Qwen/OFF,s218-rank3-d0-pos1,218,s218-rank3,accurate,0,True,long,False,-0.040999999999999925,True
Qwen/OFF,s218-rank3-d0-pos2,218,s218-rank3,score,0,True,default,False,-0.002458333333333451,False
Qwen/OFF,s218-rank3-d0-pos2,218,s218-rank3,score,0,True,noise01,False,0.004124999999999934,False
Qwen/OFF,s218-rank3-d0-pos2,218,s218-rank3,score,0,True,long,False,-0.03193749999999995,False
Qwen/OFF,s218-rank3-d0-pos3,218,s218-rank3,mismatched,0,True,default,False,0.04425000000000012,True
Qwen/OFF,s218-rank3-d0-pos3,218,s218-rank3,mismatched,0,True,noise01,False,0.024083333333333456,True
Qwen/OFF,s218-rank3-d0-pos3,218,s218-rank3,mismatched,0,True,long,False,-0.00997916666666665,True
Qwen/OFF,s218-rank3-d0-pos4,218,s218-rank3,background,0,True,default,False,-0.028874999999999984,False
Qwen/OFF,s218-rank3-d0-pos4,218,s218-rank3,background,0,True,noise01,False,-0.04108333333333336,False
Qwen/OFF,s218-rank3-d0-pos4,218,s218-rank3,background,0,True,long,False,-0.05381249999999982,False
Qwen/OFF,s202-rank3-d0-pos0,202,s202-rank3,mismatched,0,True,default,False,-0.010458333333333458,True
Qwen/OFF,s202-rank3-d0-pos0,202,s202-rank3,mismatched,0,True,noise01,False,0.010874999999999968,True
Qwen/OFF,s202-rank3-d0-pos0,202,s202-rank3,mismatched,0,True,long,False,-0.05908333333333338,True
Qwen/OFF,s202-rank3-d0-pos1,202,s202-rank3,cooperation,0,True,default,False,-0.03575000000000017,True
Qwen/OFF,s202-rank3-d0-pos1,202,s202-rank3,cooperation,0,True,noise01,False,0.002458333333333229,True
Qwen/OFF,s202-rank3-d0-pos1,202,s202-rank3,cooperation,0,True,long,False,-0.07366666666666655,True
Qwen/OFF,s202-rank3-d0-pos2,202,s202-rank3,background,0,True,default,False,-0.02300000000000013,False
Qwen/OFF,s202-rank3-d0-pos2,202,s202-rank3,background,0,True,noise01,False,0.008916666666666462,False
Qwen/OFF,s202-rank3-d0-pos2,202,s202-rank3,background,0,True,long,False,-0.10104166666666647,False
Qwen/OFF,s202-rank3-d0-pos3,202,s202-rank3,score,0,True,default,False,-0.020000000000000018,True
Qwen/OFF,s202-rank3-d0-pos3,202,s202-rank3,score,0,True,noise01,False,0.011624999999999774,True
Qwen/OFF,s202-rank3-d0-pos3,202,s202-rank3,score,0,True,long,False,-0.10912499999999992,True
Qwen/OFF,s202-rank3-d0-pos4,202,s202-rank3,accurate,0,True,default,False,-0.013541666666667007,False
Qwen/OFF,s202-rank3-d0-pos4,202,s202-rank3,accurate,0,True,noise01,False,0.013333333333332975,False
Qwen/OFF,s202-rank3-d0-pos4,202,s202-rank3,accurate,0,True,long,False,-0.07558333333333311,False
Qwen/OFF,s215-rank6-d1-pos0,215,s215-rank6,background,1,True,default,False,0.20166666666666688,True
Qwen/OFF,s215-rank6-d1-pos0,215,s215-rank6,background,1,True,noise01,False,0.21950000000000025,True
Qwen/OFF,s215-rank6-d1-pos0,215,s215-rank6,background,1,True,long,False,0.2623333333333331,True
Qwen/OFF,s215-rank6-d1-pos1,215,s215-rank6,accurate,1,True,default,False,0.16137500000000005,False
Qwen/OFF,s215-rank6-d1-pos1,215,s215-rank6,accurate,1,True,noise01,False,0.18970833333333337,False
Qwen/OFF,s215-rank6-d1-pos1,215,s215-rank6,accurate,1,True,long,False,0.17056249999999973,False
Qwen/OFF,s215-rank6-d1-pos2,215,s215-rank6,mismatched,1,True,default,False,0.1692083333333334,False
Qwen/OFF,s215-rank6-d1-pos2,215,s215-rank6,mismatched,1,True,noise01,False,0.17270833333333346,False
Qwen/OFF,s215-rank6-d1-pos2,215,s215-rank6,mismatched,1,True,long,False,0.17097916666666668,False
Qwen/OFF,s215-rank6-d1-pos3,215,s215-rank6,cooperation,1,True,default,False,0.19766666666666666,False
Qwen/OFF,s215-rank6-d1-pos3,215,s215-rank6,cooperation,1,True,noise01,False,0.20650000000000013,False
Qwen/OFF,s215-rank6-d1-pos3,215,s215-rank6,cooperation,1,True,long,False,0.21120833333333344,False
Qwen/OFF,s215-rank6-d1-pos4,215,s215-rank6,score,1,True,default,False,0.1908749999999999,True
Qwen/OFF,s215-rank6-d1-pos4,215,s215-rank6,score,1,True,noise01,False,0.20550000000000024,True
Qwen/OFF,s215-rank6-d1-pos4,215,s215-rank6,score,1,True,long,False,0.20272916666666685,True
Qwen/OFF,s218-rank3-d1-pos0,218,s218-rank3,cooperation,1,True,default,False,-0.03487500000000021,False
Qwen/OFF,s218-rank3-d1-pos0,218,s218-rank3,cooperation,1,True,noise01,False,-0.046624999999999917,False
Qwen/OFF,s218-rank3-d1-pos0,218,s218-rank3,cooperation,1,True,long,False,-0.04479166666666656,False
Qwen/OFF,s218-rank3-d1-pos1,218,s218-rank3,accurate,1,True,default,False,-0.0033333333333334103,False
Qwen/OFF,s218-rank3-d1-pos1,218,s218-rank3,accurate,1,True,noise01,False,-0.0037083333333332025,False
Qwen/OFF,s218-rank3-d1-pos1,218,s218-rank3,accurate,1,True,long,False,-0.061979166666666474,False
Qwen/OFF,s218-rank3-d1-pos2,218,s218-rank3,score,1,True,default,False,0.02825000000000011,True
Qwen/OFF,s218-rank3-d1-pos2,218,s218-rank3,score,1,True,noise01,False,0.025416666666666643,True
Qwen/OFF,s218-rank3-d1-pos2,218,s218-rank3,score,1,True,long,False,-0.016354166666666448,True
Qwen/OFF,s218-rank3-d1-pos3,218,s218-rank3,mismatched,1,True,default,False,-0.0015000000000000568,False
Qwen/OFF,s218-rank3-d1-pos3,218,s218-rank3,mismatched,1,True,noise01,False,-0.00924999999999998,False
Qwen/OFF,s218-rank3-d1-pos3,218,s218-rank3,mismatched,1,True,long,False,-0.056229166666666774,False
Qwen/OFF,s218-rank3-d1-pos4,218,s218-rank3,background,1,True,default,False,0.10375000000000001,True
Qwen/OFF,s218-rank3-d1-pos4,218,s218-rank3,background,1,True,noise01,False,0.08862499999999995,True
Qwen/OFF,s218-rank3-d1-pos4,218,s218-rank3,background,1,True,long,False,0.010812500000000114,True
Qwen/OFF,s217-rank1-d0-pos0,217,s217-rank1,accurate,0,True,default,False,-0.008083333333333442,False
Qwen/OFF,s217-rank1-d0-pos0,217,s217-rank1,accurate,0,True,noise01,False,-0.0068749999999999645,False
Qwen/OFF,s217-rank1-d0-pos0,217,s217-rank1,accurate,0,True,long,False,-0.0007500000000000284,False
Qwen/OFF,s217-rank1-d0-pos1,217,s217-rank1,mismatched,0,True,default,False,-0.07441666666666658,False
Qwen/OFF,s217-rank1-d0-pos1,217,s217-rank1,mismatched,0,True,noise01,False,-0.046250000000000124,False
Qwen/OFF,s217-rank1-d0-pos1,217,s217-rank1,mismatched,0,True,long,False,-0.015458333333333352,False
Qwen/OFF,s217-rank1-d0-pos2,217,s217-rank1,cooperation,0,True,default,False,-0.01462500000000011,True
Qwen/OFF,s217-rank1-d0-pos2,217,s217-rank1,cooperation,0,True,noise01,False,-0.042916666666666936,True
Qwen/OFF,s217-rank1-d0-pos2,217,s217-rank1,cooperation,0,True,long,False,0.01141666666666663,True
Qwen/OFF,s217-rank1-d0-pos3,217,s217-rank1,background,0,True,default,False,-0.054041666666666544,False
Qwen/OFF,s217-rank1-d0-pos3,217,s217-rank1,background,0,True,noise01,False,-0.037291666666666945,False
Qwen/OFF,s217-rank1-d0-pos3,217,s217-rank1,background,0,True,long,False,-0.01924999999999999,False
Qwen/OFF,s217-rank1-d0-pos4,217,s217-rank1,score,0,True,default,False,-0.04583333333333339,False
Qwen/OFF,s217-rank1-d0-pos4,217,s217-rank1,score,0,True,noise01,False,-0.0454583333333336,False
Qwen/OFF,s217-rank1-d0-pos4,217,s217-rank1,score,0,True,long,False,-0.015895833333333442,False
Qwen/OFF,s212-rank1-d0-pos0,212,s212-rank1,accurate,0,True,default,False,0.005916666666666792,True
Qwen/OFF,s212-rank1-d0-pos0,212,s212-rank1,accurate,0,True,noise01,False,0.008791666666666975,True
Qwen/OFF,s212-rank1-d0-pos0,212,s212-rank1,accurate,0,True,long,False,-0.04281249999999992,True
Qwen/OFF,s212-rank1-d0-pos1,212,s212-rank1,score,0,True,default,False,-0.00029166666666657903,True
Qwen/OFF,s212-rank1-d0-pos1,212,s212-rank1,score,0,True,noise01,False,-0.004541666666666444,True
Qwen/OFF,s212-rank1-d0-pos1,212,s212-rank1,score,0,True,long,False,0.021916666666666584,True
Qwen/OFF,s212-rank1-d0-pos2,212,s212-rank1,mismatched,0,True,default,False,0.004333333333333522,True
Qwen/OFF,s212-rank1-d0-pos2,212,s212-rank1,mismatched,0,True,noise01,False,-0.0029999999999996696,True
Qwen/OFF,s212-rank1-d0-pos2,212,s212-rank1,mismatched,0,True,long,False,-0.013312499999999838,True
Qwen/OFF,s212-rank1-d0-pos3,212,s212-rank1,background,0,True,default,False,-0.003958333333333286,False
Qwen/OFF,s212-rank1-d0-pos3,212,s212-rank1,background,0,True,noise01,False,-0.007499999999999618,False
Qwen/OFF,s212-rank1-d0-pos3,212,s212-rank1,background,0,True,long,False,-0.010312499999999947,False
Qwen/OFF,s212-rank1-d0-pos4,212,s212-rank1,cooperation,0,True,default,False,-0.01329166666666648,False
Qwen/OFF,s212-rank1-d0-pos4,212,s212-rank1,cooperation,0,True,noise01,False,-0.016416666666666524,False
Qwen/OFF,s212-rank1-d0-pos4,212,s212-rank1,cooperation,0,True,long,False,-0.008624999999999883,False
Qwen/OFF,s219-rank6-d1-pos0,219,s219-rank6,accurate,1,True,default,False,-0.016249999999999876,False
Qwen/OFF,s219-rank6-d1-pos0,219,s219-rank6,accurate,1,True,noise01,False,-0.012250000000000094,False
Qwen/OFF,s219-rank6-d1-pos0,219,s219-rank6,accurate,1,True,long,False,-0.03447916666666684,False
Qwen/OFF,s219-rank6-d1-pos1,219,s219-rank6,score,1,True,default,False,-0.024541666666666462,False
Qwen/OFF,s219-rank6-d1-pos1,219,s219-rank6,score,1,True,noise01,False,-0.006458333333333233,False
Qwen/OFF,s219-rank6-d1-pos1,219,s219-rank6,score,1,True,long,False,-0.029791666666666883,False
Qwen/OFF,s219-rank6-d1-pos2,219,s219-rank6,cooperation,1,True,default,False,0.07654166666666695,True
Qwen/OFF,s219-rank6-d1-pos2,219,s219-rank6,cooperation,1,True,noise01,False,0.06974999999999998,True
Qwen/OFF,s219-rank6-d1-pos2,219,s219-rank6,cooperation,1,True,long,False,0.027020833333333272,True
Qwen/OFF,s219-rank6-d1-pos3,219,s219-rank6,background,1,True,default,False,-0.007249999999999979,False
Qwen/OFF,s219-rank6-d1-pos3,219,s219-rank6,background,1,True,noise01,False,0.0016666666666667052,False
Qwen/OFF,s219-rank6-d1-pos3,219,s219-rank6,background,1,True,long,False,-0.027625000000000233,False
Qwen/OFF,s219-rank6-d1-pos4,219,s219-rank6,mismatched,1,True,default,False,-0.09395833333333314,False
Qwen/OFF,s219-rank6-d1-pos4,219,s219-rank6,mismatched,1,True,noise01,False,-0.05499999999999994,False
Qwen/OFF,s219-rank6-d1-pos4,219,s219-rank6,mismatched,1,True,long,False,-0.07025000000000015,False
Qwen/OFF,s207-rank3-d0-pos0,207,s207-rank3,cooperation,0,True,default,False,0.019291666666666485,False
Qwen/OFF,s207-rank3-d0-pos0,207,s207-rank3,cooperation,0,True,noise01,False,0.008833333333333249,False
Qwen/OFF,s207-rank3-d0-pos0,207,s207-rank3,cooperation,0,True,long,False,0.06818750000000051,False
Qwen/OFF,s207-rank3-d0-pos1,207,s207-rank3,accurate,0,True,default,False,-0.017708333333333437,True
Qwen/OFF,s207-rank3-d0-pos1,207,s207-rank3,accurate,0,True,noise01,False,-0.01679166666666676,True
Qwen/OFF,s207-rank3-d0-pos1,207,s207-rank3,accurate,0,True,long,False,-0.09091666666666609,True
Qwen/OFF,s207-rank3-d0-pos2,207,s207-rank3,background,0,True,default,False,0.16699999999999982,True
Qwen/OFF,s207-rank3-d0-pos2,207,s207-rank3,background,0,True,noise01,False,0.15791666666666648,True
Qwen/OFF,s207-rank3-d0-pos2,207,s207-rank3,background,0,True,long,False,0.11516666666666708,True
Qwen/OFF,s207-rank3-d0-pos3,207,s207-rank3,score,0,True,default,False,0.010916666666666464,False
Qwen/OFF,s207-rank3-d0-pos3,207,s207-rank3,score,0,True,noise01,False,0.0034166666666666234,False
Qwen/OFF,s207-rank3-d0-pos3,207,s207-rank3,score,0,True,long,False,-0.04789583333333303,False
Qwen/OFF,s207-rank3-d0-pos4,207,s207-rank3,mismatched,0,True,default,False,0.05695833333333322,True
Qwen/OFF,s207-rank3-d0-pos4,207,s207-rank3,mismatched,0,True,noise01,False,0.04520833333333352,True
Qwen/OFF,s207-rank3-d0-pos4,207,s207-rank3,mismatched,0,True,long,False,0.026312500000000405,True
Qwen/OFF,s213-rank1-d0-pos0,213,s213-rank1,accurate,0,True,default,False,0.003375000000000128,True
Qwen/OFF,s213-rank1-d0-pos0,213,s213-rank1,accurate,0,True,noise01,False,0.0112916666666667,True
Qwen/OFF,s213-rank1-d0-pos0,213,s213-rank1,accurate,0,True,long,False,0.01766666666666672,True
Qwen/OFF,s213-rank1-d0-pos1,213,s213-rank1,cooperation,0,True,default,False,-0.010708333333333098,True
Qwen/OFF,s213-rank1-d0-pos1,213,s213-rank1,cooperation,0,True,noise01,False,0.01616666666666644,True
Qwen/OFF,s213-rank1-d0-pos1,213,s213-rank1,cooperation,0,True,long,False,0.007749999999999924,True
Qwen/OFF,s213-rank1-d0-pos2,213,s213-rank1,background,0,True,default,False,0.06304166666666688,True
Qwen/OFF,s213-rank1-d0-pos2,213,s213-rank1,background,0,True,noise01,False,0.10154166666666664,True
Qwen/OFF,s213-rank1-d0-pos2,213,s213-rank1,background,0,True,long,False,0.05752083333333324,True
Qwen/OFF,s213-rank1-d0-pos3,213,s213-rank1,score,0,True,default,False,0.001958333333333284,True
Qwen/OFF,s213-rank1-d0-pos3,213,s213-rank1,score,0,True,noise01,False,0.014958333333333407,True
Qwen/OFF,s213-rank1-d0-pos3,213,s213-rank1,score,0,True,long,False,0.018041666666666734,True
Qwen/OFF,s213-rank1-d0-pos4,213,s213-rank1,mismatched,0,True,default,False,-0.02733333333333321,False
Qwen/OFF,s213-rank1-d0-pos4,213,s213-rank1,mismatched,0,True,noise01,False,-0.0228750000000002,False
Qwen/OFF,s213-rank1-d0-pos4,213,s213-rank1,mismatched,0,True,long,False,-0.017145833333333416,False
Qwen/OFF,s201-rank6-d0-pos0,201,s201-rank6,accurate,0,True,default,False,0.10441666666666638,True
Qwen/OFF,s201-rank6-d0-pos0,201,s201-rank6,accurate,0,True,noise01,False,0.10041666666666638,True
Qwen/OFF,s201-rank6-d0-pos0,201,s201-rank6,accurate,0,True,long,False,0.10481249999999975,True
Qwen/OFF,s201-rank6-d0-pos1,201,s201-rank6,cooperation,0,True,default,False,0.07437499999999986,False
Qwen/OFF,s201-rank6-d0-pos1,201,s201-rank6,cooperation,0,True,noise01,False,0.0834166666666667,False
Qwen/OFF,s201-rank6-d0-pos1,201,s201-rank6,cooperation,0,True,long,False,0.042874999999999996,False
Qwen/OFF,s201-rank6-d0-pos2,201,s201-rank6,score,0,True,default,False,0.11629166666666668,False
Qwen/OFF,s201-rank6-d0-pos2,201,s201-rank6,score,0,True,noise01,False,0.09683333333333288,False
Qwen/OFF,s201-rank6-d0-pos2,201,s201-rank6,score,0,True,long,False,0.0744583333333333,False
Qwen/OFF,s201-rank6-d0-pos3,201,s201-rank6,mismatched,0,True,default,False,0.11475000000000013,True
Qwen/OFF,s201-rank6-d0-pos3,201,s201-rank6,mismatched,0,True,noise01,False,0.10670833333333318,True
Qwen/OFF,s201-rank6-d0-pos3,201,s201-rank6,mismatched,0,True,long,False,0.10631249999999981,True
Qwen/OFF,s201-rank6-d0-pos4,201,s201-rank6,background,0,True,default,False,0.15141666666666653,False
Qwen/OFF,s201-rank6-d0-pos4,201,s201-rank6,background,0,True,noise01,False,0.13779166666666653,False
Qwen/OFF,s201-rank6-d0-pos4,201,s201-rank6,background,0,True,long,False,0.16614583333333344,False
Qwen/OFF,s213-rank6-d1-pos0,213,s213-rank6,accurate,1,True,default,False,-0.020999999999999908,False
Qwen/OFF,s213-rank6-d1-pos0,213,s213-rank6,accurate,1,True,noise01,False,-0.022375000000000256,False
Qwen/OFF,s213-rank6-d1-pos0,213,s213-rank6,accurate,1,True,long,False,-0.017104166666666476,False
Qwen/OFF,s213-rank6-d1-pos1,213,s213-rank6,cooperation,1,True,default,False,-0.0029166666666664565,False
Qwen/OFF,s213-rank6-d1-pos1,213,s213-rank6,cooperation,1,True,noise01,False,-0.0030416666666668313,False
Qwen/OFF,s213-rank6-d1-pos1,213,s213-rank6,cooperation,1,True,long,False,0.018479166666666602,False
Qwen/OFF,s213-rank6-d1-pos2,213,s213-rank6,background,1,True,default,False,0.08254166666666651,True
Qwen/OFF,s213-rank6-d1-pos2,213,s213-rank6,background,1,True,noise01,False,0.07604166666666656,True
Qwen/OFF,s213-rank6-d1-pos2,213,s213-rank6,background,1,True,long,False,0.09043750000000039,True
Qwen/OFF,s213-rank6-d1-pos3,213,s213-rank6,score,1,True,default,False,0.043333333333333224,True
Qwen/OFF,s213-rank6-d1-pos3,213,s213-rank6,score,1,True,noise01,False,0.037333333333332996,True
Qwen/OFF,s213-rank6-d1-pos3,213,s213-rank6,score,1,True,long,False,0.03133333333333366,True
Qwen/OFF,s213-rank6-d1-pos4,213,s213-rank6,mismatched,1,True,default,False,0.010375000000000245,False
Qwen/OFF,s213-rank6-d1-pos4,213,s213-rank6,mismatched,1,True,noise01,False,0.012083333333333446,False
Qwen/OFF,s213-rank6-d1-pos4,213,s213-rank6,mismatched,1,True,long,False,0.03112500000000007,False
Qwen/OFF,s217-rank3-d1-pos0,217,s217-rank3,accurate,1,True,default,False,0.02604166666666674,False
Qwen/OFF,s217-rank3-d1-pos0,217,s217-rank3,accurate,1,True,noise01,False,0.044458333333333266,False
Qwen/OFF,s217-rank3-d1-pos0,217,s217-rank3,accurate,1,True,long,False,0.010812500000000114,False
Qwen/OFF,s217-rank3-d1-pos1,217,s217-rank3,mismatched,1,True,default,False,0.025708333333333222,False
Qwen/OFF,s217-rank3-d1-pos1,217,s217-rank3,mismatched,1,True,noise01,False,0.026291666666666602,False
Qwen/OFF,s217-rank3-d1-pos1,217,s217-rank3,mismatched,1,True,long,False,0.004187499999999789,False
Qwen/OFF,s217-rank3-d1-pos2,217,s217-rank3,cooperation,1,True,default,False,0.041708333333333236,True
Qwen/OFF,s217-rank3-d1-pos2,217,s217-rank3,cooperation,1,True,noise01,False,0.04991666666666661,True
Qwen/OFF,s217-rank3-d1-pos2,217,s217-rank3,cooperation,1,True,long,False,0.017166666666666552,True
Qwen/OFF,s217-rank3-d1-pos3,217,s217-rank3,background,1,True,default,False,-0.011208333333333265,False
Qwen/OFF,s217-rank3-d1-pos3,217,s217-rank3,background,1,True,noise01,False,0.010874999999999968,False
Qwen/OFF,s217-rank3-d1-pos3,217,s217-rank3,background,1,True,long,False,-0.0009375000000000355,False
Qwen/OFF,s217-rank3-d1-pos4,217,s217-rank3,score,1,True,default,False,0.03008333333333324,True
Qwen/OFF,s217-rank3-d1-pos4,217,s217-rank3,score,1,True,noise01,False,0.04562500000000003,True
Qwen/OFF,s217-rank3-d1-pos4,217,s217-rank3,score,1,True,long,False,0.012020833333333147,True
Qwen/OFF,s203-rank6-d0-pos0,203,s203-rank6,score,0,True,default,False,-0.05683333333333329,False
Qwen/OFF,s203-rank6-d0-pos0,203,s203-rank6,score,0,True,noise01,False,-0.04991666666666683,False
Qwen/OFF,s203-rank6-d0-pos0,203,s203-rank6,score,0,True,long,False,-0.03622916666666676,False
Qwen/OFF,s203-rank6-d0-pos1,203,s203-rank6,mismatched,0,True,default,False,0.16425,True
Qwen/OFF,s203-rank6-d0-pos1,203,s203-rank6,mismatched,0,True,noise01,False,0.15700000000000003,True
Qwen/OFF,s203-rank6-d0-pos1,203,s203-rank6,mismatched,0,True,long,False,0.1338124999999999,True
Qwen/OFF,s203-rank6-d0-pos2,203,s203-rank6,background,0,True,default,False,-0.12045833333333356,False
Qwen/OFF,s203-rank6-d0-pos2,203,s203-rank6,background,0,True,noise01,False,-0.11008333333333353,False
Qwen/OFF,s203-rank6-d0-pos2,203,s203-rank6,background,0,True,long,False,-0.10135416666666686,False
Qwen/OFF,s203-rank6-d0-pos3,203,s203-rank6,cooperation,0,True,default,False,-0.04079166666666678,False
Qwen/OFF,s203-rank6-d0-pos3,203,s203-rank6,cooperation,0,True,noise01,False,-0.032791666666666996,False
Qwen/OFF,s203-rank6-d0-pos3,203,s203-rank6,cooperation,0,True,long,False,-0.02289583333333356,False
Qwen/OFF,s203-rank6-d0-pos4,203,s203-rank6,accurate,0,True,default,False,-0.05545833333333361,False
Qwen/OFF,s203-rank6-d0-pos4,203,s203-rank6,accurate,0,True,noise01,False,-0.042791666666667005,False
Qwen/OFF,s203-rank6-d0-pos4,203,s203-rank6,accurate,0,True,long,False,-0.049708333333333465,False
Qwen/OFF,s218-rank6-d0-pos0,218,s218-rank6,cooperation,0,True,default,False,0.12187499999999996,True
Qwen/OFF,s218-rank6-d0-pos0,218,s218-rank6,cooperation,0,True,noise01,False,0.08970833333333328,True
Qwen/OFF,s218-rank6-d0-pos0,218,s218-rank6,cooperation,0,True,long,False,0.15262500000000023,True
Qwen/OFF,s218-rank6-d0-pos1,218,s218-rank6,accurate,0,True,default,False,0.11424999999999996,False
Qwen/OFF,s218-rank6-d0-pos1,218,s218-rank6,accurate,0,True,noise01,False,0.08166666666666678,False
Qwen/OFF,s218-rank6-d0-pos1,218,s218-rank6,accurate,0,True,long,False,0.14245833333333335,False
Qwen/OFF,s218-rank6-d0-pos2,218,s218-rank6,score,0,True,default,False,0.03724999999999978,False
Qwen/OFF,s218-rank6-d0-pos2,218,s218-rank6,score,0,True,noise01,False,0.023749999999999938,False
Qwen/OFF,s218-rank6-d0-pos2,218,s218-rank6,score,0,True,long,False,0.09412500000000024,False
Qwen/OFF,s218-rank6-d0-pos3,218,s218-rank6,mismatched,0,True,default,False,0.1526249999999998,True
Qwen/OFF,s218-rank6-d0-pos3,218,s218-rank6,mismatched,0,True,noise01,False,0.15304166666666674,True
Qwen/OFF,s218-rank6-d0-pos3,218,s218-rank6,mismatched,0,True,long,False,0.15131249999999996,True
Qwen/OFF,s218-rank6-d0-pos4,218,s218-rank6,background,0,True,default,False,0.12375000000000003,False
Qwen/OFF,s218-rank6-d0-pos4,218,s218-rank6,background,0,True,noise01,False,0.10491666666666677,False
Qwen/OFF,s218-rank6-d0-pos4,218,s218-rank6,background,0,True,long,False,0.15862500000000024,False
Qwen/OFF,s206-rank1-d0-pos0,206,s206-rank1,cooperation,0,True,default,False,-0.00045833333333322734,False
Qwen/OFF,s206-rank1-d0-pos0,206,s206-rank1,cooperation,0,True,noise01,False,0.0005416666666666625,False
Qwen/OFF,s206-rank1-d0-pos0,206,s206-rank1,cooperation,0,True,long,False,-0.007354166666666551,False
Qwen/OFF,s206-rank1-d0-pos1,206,s206-rank1,background,0,True,default,False,0.07195833333333312,True
Qwen/OFF,s206-rank1-d0-pos1,206,s206-rank1,background,0,True,noise01,False,0.030083333333333462,True
Qwen/OFF,s206-rank1-d0-pos1,206,s206-rank1,background,0,True,long,False,0.003583333333333494,True
Qwen/OFF,s206-rank1-d0-pos2,206,s206-rank1,accurate,0,True,default,False,0.023333333333333206,True
Qwen/OFF,s206-rank1-d0-pos2,206,s206-rank1,accurate,0,True,noise01,False,0.005124999999999824,True
Qwen/OFF,s206-rank1-d0-pos2,206,s206-rank1,accurate,0,True,long,False,-0.038541666666666474,True
Qwen/OFF,s206-rank1-d0-pos3,206,s206-rank1,mismatched,0,True,default,False,0.03245833333333348,False
Qwen/OFF,s206-rank1-d0-pos3,206,s206-rank1,mismatched,0,True,noise01,False,0.01854166666666668,False
Qwen/OFF,s206-rank1-d0-pos3,206,s206-rank1,mismatched,0,True,long,False,-0.00722916666666662,False
Qwen/OFF,s206-rank1-d0-pos4,206,s206-rank1,score,0,True,default,False,-0.03679166666666678,False
Qwen/OFF,s206-rank1-d0-pos4,206,s206-rank1,score,0,True,noise01,False,-0.02820833333333317,False
Qwen/OFF,s206-rank1-d0-pos4,206,s206-rank1,score,0,True,long,False,-0.001875000000000071,False
Qwen/OFF,s214-rank3-d0-pos0,214,s214-rank3,mismatched,0,True,default,False,-0.0073750000000001315,False
Qwen/OFF,s214-rank3-d0-pos0,214,s214-rank3,mismatched,0,True,noise01,False,-0.015833333333333144,False
Qwen/OFF,s214-rank3-d0-pos0,214,s214-rank3,mismatched,0,True,long,False,-0.007291666666666474,False
Qwen/OFF,s214-rank3-d0-pos1,214,s214-rank3,background,0,True,default,False,-0.07062499999999994,False
Qwen/OFF,s214-rank3-d0-pos1,214,s214-rank3,background,0,True,noise01,False,-0.05858333333333321,False
Qwen/OFF,s214-rank3-d0-pos1,214,s214-rank3,background,0,True,long,False,-0.13027083333333334,False
Qwen/OFF,s214-rank3-d0-pos2,214,s214-rank3,accurate,0,True,default,False,0.005708333333333204,True
Qwen/OFF,s214-rank3-d0-pos2,214,s214-rank3,accurate,0,True,noise01,False,0.01287499999999997,True
Qwen/OFF,s214-rank3-d0-pos2,214,s214-rank3,accurate,0,True,long,False,-0.025208333333333277,True
Qwen/OFF,s214-rank3-d0-pos3,214,s214-rank3,score,0,True,default,False,0.08170833333333305,True
Qwen/OFF,s214-rank3-d0-pos3,214,s214-rank3,score,0,True,noise01,False,0.07916666666666683,True
Qwen/OFF,s214-rank3-d0-pos3,214,s214-rank3,score,0,True,long,False,0.0013541666666665453,True
Qwen/OFF,s214-rank3-d0-pos4,214,s214-rank3,cooperation,0,True,default,False,0.010333333333333306,False
Qwen/OFF,s214-rank3-d0-pos4,214,s214-rank3,cooperation,0,True,noise01,False,0.01404166666666673,False
Qwen/OFF,s214-rank3-d0-pos4,214,s214-rank3,cooperation,0,True,long,False,0.06927083333333339,False
Qwen/OFF,s207-rank1-d0-pos0,207,s207-rank1,cooperation,0,True,default,False,0.24087500000000017,True
Qwen/OFF,s207-rank1-d0-pos0,207,s207-rank1,cooperation,0,True,noise01,False,0.19650000000000012,True
Qwen/OFF,s207-rank1-d0-pos0,207,s207-rank1,cooperation,0,True,long,False,0.09162500000000007,True
Qwen/OFF,s207-rank1-d0-pos1,207,s207-rank1,accurate,0,True,default,False,0.27933333333333343,True
Qwen/OFF,s207-rank1-d0-pos1,207,s207-rank1,accurate,0,True,noise01,False,0.23325000000000018,True
Qwen/OFF,s207-rank1-d0-pos1,207,s207-rank1,accurate,0,True,long,False,0.11535416666666665,True
Qwen/OFF,s207-rank1-d0-pos2,207,s207-rank1,background,0,True,default,False,0.27075000000000005,False
Qwen/OFF,s207-rank1-d0-pos2,207,s207-rank1,background,0,True,noise01,False,0.22375000000000012,False
Qwen/OFF,s207-rank1-d0-pos2,207,s207-rank1,background,0,True,long,False,0.14647916666666672,False
Qwen/OFF,s207-rank1-d0-pos3,207,s207-rank1,score,0,True,default,False,0.21804166666666647,True
Qwen/OFF,s207-rank1-d0-pos3,207,s207-rank1,score,0,True,noise01,False,0.17912499999999998,True
Qwen/OFF,s207-rank1-d0-pos3,207,s207-rank1,score,0,True,long,False,0.10579166666666673,True
Qwen/OFF,s207-rank1-d0-pos4,207,s207-rank1,mismatched,0,True,default,False,0.2502916666666668,False
Qwen/OFF,s207-rank1-d0-pos4,207,s207-rank1,mismatched,0,True,noise01,False,0.20691666666666664,False
Qwen/OFF,s207-rank1-d0-pos4,207,s207-rank1,mismatched,0,True,long,False,0.09075000000000011,False
Qwen/OFF,s219-rank6-d0-pos0,219,s219-rank6,accurate,0,True,default,False,-0.017416666666666414,False
Qwen/OFF,s219-rank6-d0-pos0,219,s219-rank6,accurate,0,True,noise01,False,-0.01708333333333334,False
Qwen/OFF,s219-rank6-d0-pos0,219,s219-rank6,accurate,0,True,long,False,-0.008875000000000188,False
Qwen/OFF,s219-rank6-d0-pos1,219,s219-rank6,score,0,False,default,True,0.0,False
Qwen/OFF,s219-rank6-d0-pos1,219,s219-rank6,score,0,False,noise01,True,0.0,False
Qwen/OFF,s219-rank6-d0-pos1,219,s219-rank6,score,0,False,long,True,0.0,False
Qwen/OFF,s219-rank6-d0-pos2,219,s219-rank6,cooperation,0,True,default,False,-0.015416666666666412,False
Qwen/OFF,s219-rank6-d0-pos2,219,s219-rank6,cooperation,0,True,noise01,False,-0.007791666666666641,False
Qwen/OFF,s219-rank6-d0-pos2,219,s219-rank6,cooperation,0,True,long,False,-0.014124999999999943,False
Qwen/OFF,s219-rank6-d0-pos3,219,s219-rank6,background,0,True,default,False,-0.022416666666666307,True
Qwen/OFF,s219-rank6-d0-pos3,219,s219-rank6,background,0,True,noise01,False,0.015708333333333435,True
Qwen/OFF,s219-rank6-d0-pos3,219,s219-rank6,background,0,True,long,False,-0.03779166666666667,True
Qwen/OFF,s219-rank6-d0-pos4,219,s219-rank6,mismatched,0,True,default,False,-0.01574999999999971,False
Qwen/OFF,s219-rank6-d0-pos4,219,s219-rank6,mismatched,0,True,noise01,False,0.007708333333333206,False
Qwen/OFF,s219-rank6-d0-pos4,219,s219-rank6,mismatched,0,True,long,False,-0.011645833333333577,False
Qwen/OFF,s210-rank6-d1-pos0,210,s210-rank6,background,1,True,default,False,-0.0086666666666666,False
Qwen/OFF,s210-rank6-d1-pos0,210,s210-rank6,background,1,True,noise01,False,0.005875000000000075,False
Qwen/OFF,s210-rank6-d1-pos0,210,s210-rank6,background,1,True,long,False,-0.007583333333333275,False
Qwen/OFF,s210-rank6-d1-pos1,210,s210-rank6,score,1,True,default,False,-0.012833333333333474,False
Qwen/OFF,s210-rank6-d1-pos1,210,s210-rank6,score,1,True,noise01,False,-0.03770833333333301,False
Qwen/OFF,s210-rank6-d1-pos1,210,s210-rank6,score,1,True,long,False,-0.02329166666666649,False
Qwen/OFF,s210-rank6-d1-pos2,210,s210-rank6,cooperation,1,True,default,False,0.03745833333333315,True
Qwen/OFF,s210-rank6-d1-pos2,210,s210-rank6,cooperation,1,True,noise01,False,0.034833333333333494,True
Qwen/OFF,s210-rank6-d1-pos2,210,s210-rank6,cooperation,1,True,long,False,0.01639583333333361,True
Qwen/OFF,s210-rank6-d1-pos3,210,s210-rank6,accurate,1,True,default,False,0.02558333333333307,True
Qwen/OFF,s210-rank6-d1-pos3,210,s210-rank6,accurate,1,True,noise01,False,0.05066666666666708,True
Qwen/OFF,s210-rank6-d1-pos3,210,s210-rank6,accurate,1,True,long,False,0.031083333333333574,True
Qwen/OFF,s210-rank6-d1-pos4,210,s210-rank6,mismatched,1,True,default,False,0.022291666666666377,True
Qwen/OFF,s210-rank6-d1-pos4,210,s210-rank6,mismatched,1,True,noise01,False,0.023250000000000215,True
Qwen/OFF,s210-rank6-d1-pos4,210,s210-rank6,mismatched,1,True,long,False,0.01114583333333341,True
Qwen/OFF,s208-rank6-d1-pos0,208,s208-rank6,score,1,True,default,False,0.054208333333333414,False
Qwen/OFF,s208-rank6-d1-pos0,208,s208-rank6,score,1,True,noise01,False,0.05608333333333326,False
Qwen/OFF,s208-rank6-d1-pos0,208,s208-rank6,score,1,True,long,False,0.04279166666666656,False
Qwen/OFF,s208-rank6-d1-pos1,208,s208-rank6,background,1,True,default,False,0.03037499999999982,True
Qwen/OFF,s208-rank6-d1-pos1,208,s208-rank6,background,1,True,noise01,False,0.07133333333333325,True
Qwen/OFF,s208-rank6-d1-pos1,208,s208-rank6,background,1,True,long,False,0.020104166666666812,True
Qwen/OFF,s208-rank6-d1-pos2,208,s208-rank6,cooperation,1,True,default,False,0.04604166666666676,False
Qwen/OFF,s208-rank6-d1-pos2,208,s208-rank6,cooperation,1,True,noise01,False,0.0485833333333332,False
Qwen/OFF,s208-rank6-d1-pos2,208,s208-rank6,cooperation,1,True,long,False,0.037520833333333226,False
Qwen/OFF,s208-rank6-d1-pos3,208,s208-rank6,mismatched,1,True,default,False,0.046499999999999986,True
Qwen/OFF,s208-rank6-d1-pos3,208,s208-rank6,mismatched,1,True,noise01,False,0.05266666666666664,True
Qwen/OFF,s208-rank6-d1-pos3,208,s208-rank6,mismatched,1,True,long,False,0.028104166666666597,True
Qwen/OFF,s208-rank6-d1-pos4,208,s208-rank6,accurate,1,True,default,False,0.06179166666666669,True
Qwen/OFF,s208-rank6-d1-pos4,208,s208-rank6,accurate,1,True,noise01,False,0.07262499999999994,True
Qwen/OFF,s208-rank6-d1-pos4,208,s208-rank6,accurate,1,True,long,False,0.03343750000000001,True
Qwen/OFF,s201-rank3-d1-pos0,201,s201-rank3,accurate,1,True,default,False,-0.03804166666666653,False
Qwen/OFF,s201-rank3-d1-pos0,201,s201-rank3,accurate,1,True,noise01,False,-0.05320833333333308,False
Qwen/OFF,s201-rank3-d1-pos0,201,s201-rank3,accurate,1,True,long,False,-0.021604166666666647,False
Qwen/OFF,s201-rank3-d1-pos1,201,s201-rank3,cooperation,1,True,default,False,-0.11137499999999978,False
Qwen/OFF,s201-rank3-d1-pos1,201,s201-rank3,cooperation,1,True,noise01,False,-0.11237499999999989,False
Qwen/OFF,s201-rank3-d1-pos1,201,s201-rank3,cooperation,1,True,long,False,-0.03564583333333338,False
Qwen/OFF,s201-rank3-d1-pos2,201,s201-rank3,score,1,True,default,False,-0.03754166666666636,True
Qwen/OFF,s201-rank3-d1-pos2,201,s201-rank3,score,1,True,noise01,False,-0.04574999999999996,True
Qwen/OFF,s201-rank3-d1-pos2,201,s201-rank3,score,1,True,long,False,-0.030458333333333254,True
Qwen/OFF,s201-rank3-d1-pos3,201,s201-rank3,mismatched,1,True,default,False,-0.08954166666666641,False
Qwen/OFF,s201-rank3-d1-pos3,201,s201-rank3,mismatched,1,True,noise01,False,-0.0931249999999999,False
Qwen/OFF,s201-rank3-d1-pos3,201,s201-rank3,mismatched,1,True,long,False,-0.056645833333333284,False
Qwen/OFF,s201-rank3-d1-pos4,201,s201-rank3,background,1,True,default,False,-0.12033333333333296,False
Qwen/OFF,s201-rank3-d1-pos4,201,s201-rank3,background,1,True,noise01,False,-0.10958333333333314,False
Qwen/OFF,s201-rank3-d1-pos4,201,s201-rank3,background,1,True,long,False,-0.08010416666666664,False
Qwen/OFF,s200-rank3-d0-pos0,200,s200-rank3,mismatched,0,True,default,False,0.04600000000000004,False
Qwen/OFF,s200-rank3-d0-pos0,200,s200-rank3,mismatched,0,True,noise01,False,0.05033333333333334,False
Qwen/OFF,s200-rank3-d0-pos0,200,s200-rank3,mismatched,0,True,long,False,-0.029874999999999652,False
Qwen/OFF,s200-rank3-d0-pos1,200,s200-rank3,background,0,True,default,False,0.02283333333333326,False
Qwen/OFF,s200-rank3-d0-pos1,200,s200-rank3,background,0,True,noise01,False,0.027833333333333377,False
Qwen/OFF,s200-rank3-d0-pos1,200,s200-rank3,background,0,True,long,False,0.04972916666666727,False
Qwen/OFF,s200-rank3-d0-pos2,200,s200-rank3,cooperation,0,True,default,False,-0.0015416666666667744,False
Qwen/OFF,s200-rank3-d0-pos2,200,s200-rank3,cooperation,0,True,noise01,False,0.014999999999999902,False
Qwen/OFF,s200-rank3-d0-pos2,200,s200-rank3,cooperation,0,True,long,False,-0.0543333333333329,False
Qwen/OFF,s200-rank3-d0-pos3,200,s200-rank3,accurate,0,True,default,False,0.010791666666666533,False
Qwen/OFF,s200-rank3-d0-pos3,200,s200-rank3,accurate,0,True,noise01,False,0.019749999999999934,False
Qwen/OFF,s200-rank3-d0-pos3,200,s200-rank3,accurate,0,True,long,False,-0.07027083333333284,False
Qwen/OFF,s200-rank3-d0-pos4,200,s200-rank3,score,0,True,default,False,0.02129166666666671,True
Qwen/OFF,s200-rank3-d0-pos4,200,s200-rank3,score,0,True,noise01,False,0.05087499999999978,True
Qwen/OFF,s200-rank3-d0-pos4,200,s200-rank3,score,0,True,long,False,-0.05983333333333296,True
Qwen/OFF,s218-rank1-d1-pos0,218,s218-rank1,cooperation,1,True,default,False,0.006041666666666723,False
Qwen/OFF,s218-rank1-d1-pos0,218,s218-rank1,cooperation,1,True,noise01,False,-0.010958333333332959,False
Qwen/OFF,s218-rank1-d1-pos0,218,s218-rank1,cooperation,1,True,long,False,0.10179166666666672,False
Qwen/OFF,s218-rank1-d1-pos1,218,s218-rank1,accurate,1,True,default,False,-0.022333333333333316,False
Qwen/OFF,s218-rank1-d1-pos1,218,s218-rank1,accurate,1,True,noise01,False,-0.02804166666666652,False
Qwen/OFF,s218-rank1-d1-pos1,218,s218-rank1,accurate,1,True,long,False,-0.01183333333333314,False
Qwen/OFF,s218-rank1-d1-pos2,218,s218-rank1,score,1,True,default,False,-0.10024999999999995,False
Qwen/OFF,s218-rank1-d1-pos2,218,s218-rank1,score,1,True,noise01,False,-0.07337499999999975,False
Qwen/OFF,s218-rank1-d1-pos2,218,s218-rank1,score,1,True,long,False,0.02114583333333342,False
Qwen/OFF,s218-rank1-d1-pos3,218,s218-rank1,mismatched,1,False,default,True,0.0,False
Qwen/OFF,s218-rank1-d1-pos3,218,s218-rank1,mismatched,1,False,noise01,True,0.0,False
Qwen/OFF,s218-rank1-d1-pos3,218,s218-rank1,mismatched,1,False,long,True,0.0,False
Qwen/OFF,s218-rank1-d1-pos4,218,s218-rank1,background,1,True,default,False,-0.049875000000000114,False
Qwen/OFF,s218-rank1-d1-pos4,218,s218-rank1,background,1,True,noise01,False,-0.04683333333333306,False
Qwen/OFF,s218-rank1-d1-pos4,218,s218-rank1,background,1,True,long,False,-0.02385416666666651,False
Qwen/OFF,s216-rank6-d1-pos0,216,s216-rank6,mismatched,1,True,default,False,0.0964166666666666,True
Qwen/OFF,s216-rank6-d1-pos0,216,s216-rank6,mismatched,1,True,noise01,False,0.06566666666666676,True
Qwen/OFF,s216-rank6-d1-pos0,216,s216-rank6,mismatched,1,True,long,False,0.11214583333333339,True
Qwen/OFF,s216-rank6-d1-pos1,216,s216-rank6,accurate,1,True,default,False,0.0834166666666667,True
Qwen/OFF,s216-rank6-d1-pos1,216,s216-rank6,accurate,1,True,noise01,False,0.06925000000000003,True
Qwen/OFF,s216-rank6-d1-pos1,216,s216-rank6,accurate,1,True,long,False,0.21224999999999983,True
Qwen/OFF,s216-rank6-d1-pos2,216,s216-rank6,score,1,True,default,False,0.023125000000000062,False
Qwen/OFF,s216-rank6-d1-pos2,216,s216-rank6,score,1,True,noise01,False,0.022125000000000172,False
Qwen/OFF,s216-rank6-d1-pos2,216,s216-rank6,score,1,True,long,False,0.04518750000000016,False
Qwen/OFF,s216-rank6-d1-pos3,216,s216-rank6,background,1,True,default,False,0.05733333333333346,False
Qwen/OFF,s216-rank6-d1-pos3,216,s216-rank6,background,1,True,noise01,False,0.034541666666666915,False
Qwen/OFF,s216-rank6-d1-pos3,216,s216-rank6,background,1,True,long,False,0.060124999999999984,False
Qwen/OFF,s216-rank6-d1-pos4,216,s216-rank6,cooperation,1,True,default,False,0.03708333333333336,True
Qwen/OFF,s216-rank6-d1-pos4,216,s216-rank6,cooperation,1,True,noise01,False,0.027916666666667034,True
Qwen/OFF,s216-rank6-d1-pos4,216,s216-rank6,cooperation,1,True,long,False,0.05812499999999998,True
Qwen/OFF,s212-rank3-d1-pos0,212,s212-rank3,accurate,1,True,default,False,0.06970833333333326,True
Qwen/OFF,s212-rank3-d1-pos0,212,s212-rank3,accurate,1,True,noise01,False,0.0697500000000002,True
Qwen/OFF,s212-rank3-d1-pos0,212,s212-rank3,accurate,1,True,long,False,0.11856249999999968,True
Qwen/OFF,s212-rank3-d1-pos1,212,s212-rank3,score,1,True,default,False,-0.024124999999999952,False
Qwen/OFF,s212-rank3-d1-pos1,212,s212-rank3,score,1,True,noise01,False,-0.010458333333333236,False
Qwen/OFF,s212-rank3-d1-pos1,212,s212-rank3,score,1,True,long,False,-0.050416666666666776,False
Qwen/OFF,s212-rank3-d1-pos2,212,s212-rank3,mismatched,1,False,default,True,0.0,False
Qwen/OFF,s212-rank3-d1-pos2,212,s212-rank3,mismatched,1,False,noise01,True,0.0,False
Qwen/OFF,s212-rank3-d1-pos2,212,s212-rank3,mismatched,1,False,long,True,0.0,False
Qwen/OFF,s212-rank3-d1-pos3,212,s212-rank3,background,1,True,default,False,0.03137499999999993,False
Qwen/OFF,s212-rank3-d1-pos3,212,s212-rank3,background,1,True,noise01,False,0.0355833333333333,False
Qwen/OFF,s212-rank3-d1-pos3,212,s212-rank3,background,1,True,long,False,-0.035375000000000156,False
Qwen/OFF,s212-rank3-d1-pos4,212,s212-rank3,cooperation,1,True,default,False,0.00316666666666654,False
Qwen/OFF,s212-rank3-d1-pos4,212,s212-rank3,cooperation,1,True,noise01,False,0.005249999999999977,False
Qwen/OFF,s212-rank3-d1-pos4,212,s212-rank3,cooperation,1,True,long,False,-0.0578749999999999,False
Qwen/OFF,s202-rank3-d1-pos0,202,s202-rank3,mismatched,1,True,default,False,-0.0604583333333335,False
Qwen/OFF,s202-rank3-d1-pos0,202,s202-rank3,mismatched,1,True,noise01,False,-0.018833333333333258,False
Qwen/OFF,s202-rank3-d1-pos0,202,s202-rank3,mismatched,1,True,long,False,-0.1036041666666665,False
Qwen/OFF,s202-rank3-d1-pos1,202,s202-rank3,cooperation,1,True,default,False,-0.02300000000000013,False
Qwen/OFF,s202-rank3-d1-pos1,202,s202-rank3,cooperation,1,True,noise01,False,0.008124999999999938,False
Qwen/OFF,s202-rank3-d1-pos1,202,s202-rank3,cooperation,1,True,long,False,-0.09993749999999979,False
Qwen/OFF,s202-rank3-d1-pos2,202,s202-rank3,background,1,True,default,False,0.16399999999999948,True
Qwen/OFF,s202-rank3-d1-pos2,202,s202-rank3,background,1,True,noise01,False,0.16845833333333315,True
Qwen/OFF,s202-rank3-d1-pos2,202,s202-rank3,background,1,True,long,False,-0.0474374999999998,True
Qwen/OFF,s202-rank3-d1-pos3,202,s202-rank3,score,1,True,default,False,-0.018208333333333604,False
Qwen/OFF,s202-rank3-d1-pos3,202,s202-rank3,score,1,True,noise01,False,0.007291666666666474,False
Qwen/OFF,s202-rank3-d1-pos3,202,s202-rank3,score,1,True,long,False,-0.08041666666666658,False
Qwen/OFF,s202-rank3-d1-pos4,202,s202-rank3,accurate,1,True,default,False,0.01616666666666644,True
Qwen/OFF,s202-rank3-d1-pos4,202,s202-rank3,accurate,1,True,noise01,False,0.04108333333333314,True
Qwen/OFF,s202-rank3-d1-pos4,202,s202-rank3,accurate,1,True,long,False,-0.027229166666666638,True
Qwen/OFF,s206-rank3-d0-pos0,206,s206-rank3,cooperation,0,True,default,False,0.061541666666666606,True
Qwen/OFF,s206-rank3-d0-pos0,206,s206-rank3,cooperation,0,True,noise01,False,0.07479166666666637,True
Qwen/OFF,s206-rank3-d0-pos0,206,s206-rank3,cooperation,0,True,long,False,0.015020833333333261,True
Qwen/OFF,s206-rank3-d0-pos1,206,s206-rank3,background,0,True,default,False,0.09954166666666686,False
Qwen/OFF,s206-rank3-d0-pos1,206,s206-rank3,background,0,True,noise01,False,0.10483333333333333,False
Qwen/OFF,s206-rank3-d0-pos1,206,s206-rank3,background,0,True,long,False,0.04462500000000014,False
Qwen/OFF,s206-rank3-d0-pos2,206,s206-rank3,accurate,0,True,default,False,0.015125000000000055,True
Qwen/OFF,s206-rank3-d0-pos2,206,s206-rank3,accurate,0,True,noise01,False,0.034375000000000044,True
Qwen/OFF,s206-rank3-d0-pos2,206,s206-rank3,accurate,0,True,long,False,0.047958333333333325,True
Qwen/OFF,s206-rank3-d0-pos3,206,s206-rank3,mismatched,0,True,default,False,0.04991666666666661,True
Qwen/OFF,s206-rank3-d0-pos3,206,s206-rank3,mismatched,0,True,noise01,False,0.05637499999999984,True
Qwen/OFF,s206-rank3-d0-pos3,206,s206-rank3,mismatched,0,True,long,False,0.033937499999999954,True
Qwen/OFF,s206-rank3-d0-pos4,206,s206-rank3,score,0,True,default,False,0.028999999999999915,False
Qwen/OFF,s206-rank3-d0-pos4,206,s206-rank3,score,0,True,noise01,False,0.04541666666666666,False
Qwen/OFF,s206-rank3-d0-pos4,206,s206-rank3,score,0,True,long,False,0.020437499999999886,False
Qwen/OFF,s209-rank6-d0-pos0,209,s209-rank6,mismatched,0,True,default,False,-0.041999999999999815,False
Qwen/OFF,s209-rank6-d0-pos0,209,s209-rank6,mismatched,0,True,noise01,False,-0.026333333333333542,False
Qwen/OFF,s209-rank6-d0-pos0,209,s209-rank6,mismatched,0,True,long,False,-0.020333333333333314,False
Qwen/OFF,s209-rank6-d0-pos1,209,s209-rank6,background,0,True,default,False,-0.01750000000000007,False
Qwen/OFF,s209-rank6-d0-pos1,209,s209-rank6,background,0,True,noise01,False,0.0026249999999998774,False
Qwen/OFF,s209-rank6-d0-pos1,209,s209-rank6,background,0,True,long,False,-0.01170833333333321,False
Qwen/OFF,s209-rank6-d0-pos2,209,s209-rank6,accurate,0,True,default,False,-0.03220833333333317,False
Qwen/OFF,s209-rank6-d0-pos2,209,s209-rank6,accurate,0,True,noise01,False,-0.005166666666666542,False
Qwen/OFF,s209-rank6-d0-pos2,209,s209-rank6,accurate,0,True,long,False,-0.00939583333333327,False
Qwen/OFF,s209-rank6-d0-pos3,209,s209-rank6,score,0,True,default,False,-0.02345833333333336,False
Qwen/OFF,s209-rank6-d0-pos3,209,s209-rank6,score,0,True,noise01,False,-0.0052916666666666945,False
Qwen/OFF,s209-rank6-d0-pos3,209,s209-rank6,score,0,True,long,False,-0.03170833333333323,False
Qwen/OFF,s209-rank6-d0-pos4,209,s209-rank6,cooperation,0,True,default,False,-0.008708333333333318,False
Qwen/OFF,s209-rank6-d0-pos4,209,s209-rank6,cooperation,0,True,noise01,False,0.01791666666666658,False
Qwen/OFF,s209-rank6-d0-pos4,209,s209-rank6,cooperation,0,True,long,False,-0.01022916666666629,False
Qwen/OFF,s204-rank6-d0-pos0,204,s204-rank6,score,0,True,default,False,0.0688333333333333,False
Qwen/OFF,s204-rank6-d0-pos0,204,s204-rank6,score,0,True,noise01,False,0.0934583333333332,False
Qwen/OFF,s204-rank6-d0-pos0,204,s204-rank6,score,0,True,long,False,0.0743333333333338,False
Qwen/OFF,s204-rank6-d0-pos1,204,s204-rank6,mismatched,0,True,default,False,0.07437499999999986,True
Qwen/OFF,s204-rank6-d0-pos1,204,s204-rank6,mismatched,0,True,noise01,False,0.07662499999999994,True
Qwen/OFF,s204-rank6-d0-pos1,204,s204-rank6,mismatched,0,True,long,False,0.0860000000000003,True
Qwen/OFF,s204-rank6-d0-pos2,204,s204-rank6,cooperation,0,True,default,False,0.09204166666666636,True
Qwen/OFF,s204-rank6-d0-pos2,204,s204-rank6,cooperation,0,True,noise01,False,0.08454166666666674,True
Qwen/OFF,s204-rank6-d0-pos2,204,s204-rank6,cooperation,0,True,long,False,0.1087083333333334,True
Qwen/OFF,s204-rank6-d0-pos3,204,s204-rank6,accurate,0,True,default,False,0.0794999999999999,True
Qwen/OFF,s204-rank6-d0-pos3,204,s204-rank6,accurate,0,True,noise01,False,0.09150000000000014,True
Qwen/OFF,s204-rank6-d0-pos3,204,s204-rank6,accurate,0,True,long,False,0.0938125000000003,True
Qwen/OFF,s204-rank6-d0-pos4,204,s204-rank6,background,0,True,default,False,0.08695833333333325,True
Qwen/OFF,s204-rank6-d0-pos4,204,s204-rank6,background,0,True,noise01,False,0.08508333333333318,True
Qwen/OFF,s204-rank6-d0-pos4,204,s204-rank6,background,0,True,long,False,0.10956250000000023,True
Qwen/OFF,s202-rank6-d0-pos0,202,s202-rank6,mismatched,0,True,default,False,-0.053749999999999964,False
Qwen/OFF,s202-rank6-d0-pos0,202,s202-rank6,mismatched,0,True,noise01,False,-0.03833333333333355,False
Qwen/OFF,s202-rank6-d0-pos0,202,s202-rank6,mismatched,0,True,long,False,-0.05277083333333343,False
Qwen/OFF,s202-rank6-d0-pos1,202,s202-rank6,cooperation,0,True,default,False,0.0,False
Qwen/OFF,s202-rank6-d0-pos1,202,s202-rank6,cooperation,0,True,noise01,False,0.0,False
Qwen/OFF,s202-rank6-d0-pos1,202,s202-rank6,cooperation,0,True,long,False,0.0,False
Qwen/OFF,s202-rank6-d0-pos2,202,s202-rank6,background,0,True,default,False,0.023250000000000215,True
Qwen/OFF,s202-rank6-d0-pos2,202,s202-rank6,background,0,True,noise01,False,0.014583333333332948,True
Qwen/OFF,s202-rank6-d0-pos2,202,s202-rank6,background,0,True,long,False,-0.01577083333333329,True
Qwen/OFF,s202-rank6-d0-pos3,202,s202-rank6,score,0,True,default,False,0.007708333333333428,False
Qwen/OFF,s202-rank6-d0-pos3,202,s202-rank6,score,0,True,noise01,False,0.0127083333333331,False
Qwen/OFF,s202-rank6-d0-pos3,202,s202-rank6,score,0,True,long,False,0.004229166666666506,False
Qwen/OFF,s202-rank6-d0-pos4,202,s202-rank6,accurate,0,True,default,False,-0.01937499999999992,False
Qwen/OFF,s202-rank6-d0-pos4,202,s202-rank6,accurate,0,True,noise01,False,-0.030000000000000027,False
Qwen/OFF,s202-rank6-d0-pos4,202,s202-rank6,accurate,0,True,long,False,-0.030062500000000103,False
Qwen/OFF,s204-rank1-d1-pos0,204,s204-rank1,score,1,True,default,False,0.016250000000000098,True
Qwen/OFF,s204-rank1-d1-pos0,204,s204-rank1,score,1,True,noise01,False,0.016291666666666593,True
Qwen/OFF,s204-rank1-d1-pos0,204,s204-rank1,score,1,True,long,False,0.09633333333333338,True
Qwen/OFF,s204-rank1-d1-pos1,204,s204-rank1,mismatched,1,True,default,False,-0.08487499999999981,False
Qwen/OFF,s204-rank1-d1-pos1,204,s204-rank1,mismatched,1,True,noise01,False,-0.06191666666666662,False
Qwen/OFF,s204-rank1-d1-pos1,204,s204-rank1,mismatched,1,True,long,False,-0.009124999999999828,False
Qwen/OFF,s204-rank1-d1-pos2,204,s204-rank1,cooperation,1,True,default,False,-0.022916666666666474,False
Qwen/OFF,s204-rank1-d1-pos2,204,s204-rank1,cooperation,1,True,noise01,False,-0.024083333333333234,False
Qwen/OFF,s204-rank1-d1-pos2,204,s204-rank1,cooperation,1,True,long,False,0.06722916666666667,False
Qwen/OFF,s204-rank1-d1-pos3,204,s204-rank1,accurate,1,True,default,False,0.006333333333333524,False
Qwen/OFF,s204-rank1-d1-pos3,204,s204-rank1,accurate,1,True,noise01,False,0.016416666666666746,False
Qwen/OFF,s204-rank1-d1-pos3,204,s204-rank1,accurate,1,True,long,False,0.1373333333333333,False
Qwen/OFF,s204-rank1-d1-pos4,204,s204-rank1,background,1,True,default,False,0.023333333333333428,True
Qwen/OFF,s204-rank1-d1-pos4,204,s204-rank1,background,1,True,noise01,False,0.028750000000000053,True
Qwen/OFF,s204-rank1-d1-pos4,204,s204-rank1,background,1,True,long,False,0.18022916666666688,True
Qwen/OFF,s207-rank3-d1-pos0,207,s207-rank3,cooperation,1,True,default,False,-0.01725000000000021,True
Qwen/OFF,s207-rank3-d1-pos0,207,s207-rank3,cooperation,1,True,noise01,False,-0.0027083333333335347,True
Qwen/OFF,s207-rank3-d1-pos0,207,s207-rank3,cooperation,1,True,long,False,-0.13912499999999972,True
Qwen/OFF,s207-rank3-d1-pos1,207,s207-rank3,accurate,1,True,default,False,-0.04316666666666702,False
Qwen/OFF,s207-rank3-d1-pos1,207,s207-rank3,accurate,1,True,noise01,False,-0.01029166666666681,False
Qwen/OFF,s207-rank3-d1-pos1,207,s207-rank3,accurate,1,True,long,False,-0.139270833333333,False
Qwen/OFF,s207-rank3-d1-pos2,207,s207-rank3,background,1,True,default,False,0.005374999999999908,False
Qwen/OFF,s207-rank3-d1-pos2,207,s207-rank3,background,1,True,noise01,False,0.0024999999999999467,False
Qwen/OFF,s207-rank3-d1-pos2,207,s207-rank3,background,1,True,long,False,-0.07410416666666642,False
Qwen/OFF,s207-rank3-d1-pos3,207,s207-rank3,score,1,True,default,False,0.017999999999999794,True
Qwen/OFF,s207-rank3-d1-pos3,207,s207-rank3,score,1,True,noise01,False,0.008874999999999744,True
Qwen/OFF,s207-rank3-d1-pos3,207,s207-rank3,score,1,True,long,False,0.07083333333333375,True
Qwen/OFF,s207-rank3-d1-pos4,207,s207-rank3,mismatched,1,True,default,False,0.03824999999999967,False
Qwen/OFF,s207-rank3-d1-pos4,207,s207-rank3,mismatched,1,True,noise01,False,0.02383333333333315,False
Qwen/OFF,s207-rank3-d1-pos4,207,s207-rank3,mismatched,1,True,long,False,-0.05954166666666638,False
Qwen/OFF,s202-rank6-d1-pos0,202,s202-rank6,mismatched,1,True,default,False,0.004458333333333675,False
Qwen/OFF,s202-rank6-d1-pos0,202,s202-rank6,mismatched,1,True,noise01,False,0.00012499999999970868,False
Qwen/OFF,s202-rank6-d1-pos0,202,s202-rank6,mismatched,1,True,long,False,-0.0038958333333332096,False
Qwen/OFF,s202-rank6-d1-pos1,202,s202-rank6,cooperation,1,True,default,False,-0.0019999999999997797,False
Qwen/OFF,s202-rank6-d1-pos1,202,s202-rank6,cooperation,1,True,noise01,False,-0.01825000000000032,False
Qwen/OFF,s202-rank6-d1-pos1,202,s202-rank6,cooperation,1,True,long,False,-0.016125000000000167,False
Qwen/OFF,s202-rank6-d1-pos2,202,s202-rank6,background,1,True,default,False,-0.0006666666666665932,False
Qwen/OFF,s202-rank6-d1-pos2,202,s202-rank6,background,1,True,noise01,False,0.005249999999999977,False
Qwen/OFF,s202-rank6-d1-pos2,202,s202-rank6,background,1,True,long,False,0.0022291666666665044,False
Qwen/OFF,s202-rank6-d1-pos3,202,s202-rank6,score,1,True,default,False,0.01145833333333357,True
Qwen/OFF,s202-rank6-d1-pos3,202,s202-rank6,score,1,True,noise01,False,0.007833333333333137,True
Qwen/OFF,s202-rank6-d1-pos3,202,s202-rank6,score,1,True,long,False,0.013666666666666716,True
Qwen/OFF,s202-rank6-d1-pos4,202,s202-rank6,accurate,1,True,default,False,-0.007291666666666474,False
Qwen/OFF,s202-rank6-d1-pos4,202,s202-rank6,accurate,1,True,noise01,False,-0.014375000000000027,False
Qwen/OFF,s202-rank6-d1-pos4,202,s202-rank6,accurate,1,True,long,False,-0.014062500000000089,False
Qwen/OFF,s201-rank3-d0-pos0,201,s201-rank3,accurate,0,True,default,False,0.07916666666666705,True
Qwen/OFF,s201-rank3-d0-pos0,201,s201-rank3,accurate,0,True,noise01,False,0.08537500000000042,True
Qwen/OFF,s201-rank3-d0-pos0,201,s201-rank3,accurate,0,True,long,False,0.1292916666666668,True
Qwen/OFF,s201-rank3-d0-pos1,201,s201-rank3,cooperation,0,True,default,False,-0.07241666666666635,False
Qwen/OFF,s201-rank3-d0-pos1,201,s201-rank3,cooperation,0,True,noise01,False,-0.08658333333333323,False
Qwen/OFF,s201-rank3-d0-pos1,201,s201-rank3,cooperation,0,True,long,False,-0.10522916666666648,False
Qwen/OFF,s201-rank3-d0-pos2,201,s201-rank3,score,0,True,default,False,-0.15187499999999976,False
Qwen/OFF,s201-rank3-d0-pos2,201,s201-rank3,score,0,True,noise01,False,-0.13562499999999988,False
Qwen/OFF,s201-rank3-d0-pos2,201,s201-rank3,score,0,True,long,False,-0.07695833333333324,False
Qwen/OFF,s201-rank3-d0-pos3,201,s201-rank3,mismatched,0,True,default,False,-0.07266666666666644,False
Qwen/OFF,s201-rank3-d0-pos3,201,s201-rank3,mismatched,0,True,noise01,False,-0.0761666666666665,False
Qwen/OFF,s201-rank3-d0-pos3,201,s201-rank3,mismatched,0,True,long,False,-0.04814583333333333,False
Qwen/OFF,s201-rank3-d0-pos4,201,s201-rank3,background,0,False,default,True,0.0,False
Qwen/OFF,s201-rank3-d0-pos4,201,s201-rank3,background,0,False,noise01,True,0.0,False
Qwen/OFF,s201-rank3-d0-pos4,201,s201-rank3,background,0,False,long,True,0.0,False
Qwen/OFF,s200-rank3-d1-pos0,200,s200-rank3,mismatched,1,True,default,False,-0.03329166666666672,False
Qwen/OFF,s200-rank3-d1-pos0,200,s200-rank3,mismatched,1,True,noise01,False,-0.02720833333333328,False
Qwen/OFF,s200-rank3-d1-pos0,200,s200-rank3,mismatched,1,True,long,False,-0.08904166666666624,False
Qwen/OFF,s200-rank3-d1-pos1,200,s200-rank3,background,1,True,default,False,-0.01579166666666687,False
Qwen/OFF,s200-rank3-d1-pos1,200,s200-rank3,background,1,True,noise01,False,-0.026458333333333472,False
Qwen/OFF,s200-rank3-d1-pos1,200,s200-rank3,background,1,True,long,False,-0.09493749999999967,False
Qwen/OFF,s200-rank3-d1-pos2,200,s200-rank3,cooperation,1,True,default,False,0.009416666666666629,False
Qwen/OFF,s200-rank3-d1-pos2,200,s200-rank3,cooperation,1,True,noise01,False,0.027958333333333085,False
Qwen/OFF,s200-rank3-d1-pos2,200,s200-rank3,cooperation,1,True,long,False,-0.05335416666666637,False
Qwen/OFF,s200-rank3-d1-pos3,200,s200-rank3,accurate,1,True,default,False,0.010541666666666671,False
Qwen/OFF,s200-rank3-d1-pos3,200,s200-rank3,accurate,1,True,noise01,False,-0.004833333333333467,False
Qwen/OFF,s200-rank3-d1-pos3,200,s200-rank3,accurate,1,True,long,False,-0.07102083333333309,False
Qwen/OFF,s200-rank3-d1-pos4,200,s200-rank3,score,1,True,default,False,-0.07366666666666677,False
Qwen/OFF,s200-rank3-d1-pos4,200,s200-rank3,score,1,True,noise01,False,-0.056333333333333346,False
Qwen/OFF,s200-rank3-d1-pos4,200,s200-rank3,score,1,True,long,False,-0.12583333333333302,False
Qwen/OFF,s204-rank3-d0-pos0,204,s204-rank3,score,0,True,default,False,-0.061124999999999874,False
Qwen/OFF,s204-rank3-d0-pos0,204,s204-rank3,score,0,True,noise01,False,-0.037833333333333385,False
Qwen/OFF,s204-rank3-d0-pos0,204,s204-rank3,score,0,True,long,False,-0.024645833333333256,False
Qwen/OFF,s204-rank3-d0-pos1,204,s204-rank3,mismatched,0,True,default,False,-0.014958333333333185,False
Qwen/OFF,s204-rank3-d0-pos1,204,s204-rank3,mismatched,0,True,noise01,False,-0.004999999999999893,False
Qwen/OFF,s204-rank3-d0-pos1,204,s204-rank3,mismatched,0,True,long,False,0.013208333333333266,False
Qwen/OFF,s204-rank3-d0-pos2,204,s204-rank3,cooperation,0,True,default,False,0.055083333333333595,True
Qwen/OFF,s204-rank3-d0-pos2,204,s204-rank3,cooperation,0,True,noise01,False,0.04087500000000022,True
Qwen/OFF,s204-rank3-d0-pos2,204,s204-rank3,cooperation,0,True,long,False,0.025583333333333513,True
Qwen/OFF,s204-rank3-d0-pos3,204,s204-rank3,accurate,0,True,default,False,-0.0011249999999998206,True
Qwen/OFF,s204-rank3-d0-pos3,204,s204-rank3,accurate,0,True,noise01,False,0.010916666666666686,True
Qwen/OFF,s204-rank3-d0-pos3,204,s204-rank3,accurate,0,True,long,False,0.006125000000000158,True
Qwen/OFF,s204-rank3-d0-pos4,204,s204-rank3,background,0,True,default,False,0.05891666666666673,True
Qwen/OFF,s204-rank3-d0-pos4,204,s204-rank3,background,0,True,noise01,False,0.060249999999999915,True
Qwen/OFF,s204-rank3-d0-pos4,204,s204-rank3,background,0,True,long,False,0.03839583333333341,True
Qwen/OFF,s200-rank6-d1-pos0,200,s200-rank6,mismatched,1,True,default,False,0.07799999999999985,True
Qwen/OFF,s200-rank6-d1-pos0,200,s200-rank6,mismatched,1,True,noise01,False,0.08720833333333355,True
Qwen/OFF,s200-rank6-d1-pos0,200,s200-rank6,mismatched,1,True,long,False,0.0769791666666666,True
Qwen/OFF,s200-rank6-d1-pos1,200,s200-rank6,background,1,True,default,False,0.12758333333333338,True
Qwen/OFF,s200-rank6-d1-pos1,200,s200-rank6,background,1,True,noise01,False,0.10020833333333345,True
Qwen/OFF,s200-rank6-d1-pos1,200,s200-rank6,background,1,True,long,False,0.13799999999999968,True
Qwen/OFF,s200-rank6-d1-pos2,200,s200-rank6,cooperation,1,True,default,False,0.10874999999999968,True
Qwen/OFF,s200-rank6-d1-pos2,200,s200-rank6,cooperation,1,True,noise01,False,0.07520833333333332,True
Qwen/OFF,s200-rank6-d1-pos2,200,s200-rank6,cooperation,1,True,long,False,0.1457083333333331,True
Qwen/OFF,s200-rank6-d1-pos3,200,s200-rank6,accurate,1,True,default,False,0.02904166666666641,False
Qwen/OFF,s200-rank6-d1-pos3,200,s200-rank6,accurate,1,True,noise01,False,-0.0006250000000000977,False
Qwen/OFF,s200-rank6-d1-pos3,200,s200-rank6,accurate,1,True,long,False,0.051374999999999726,False
Qwen/OFF,s200-rank6-d1-pos4,200,s200-rank6,score,1,True,default,False,0.09383333333333321,True
Qwen/OFF,s200-rank6-d1-pos4,200,s200-rank6,score,1,True,noise01,False,0.05116666666666658,True
Qwen/OFF,s200-rank6-d1-pos4,200,s200-rank6,score,1,True,long,False,0.07749999999999968,True
Qwen/OFF,s207-rank1-d1-pos0,207,s207-rank1,cooperation,1,True,default,False,0.20791666666666653,False
Qwen/OFF,s207-rank1-d1-pos0,207,s207-rank1,cooperation,1,True,noise01,False,0.17308333333333348,False
Qwen/OFF,s207-rank1-d1-pos0,207,s207-rank1,cooperation,1,True,long,False,0.001291666666666691,False
Qwen/OFF,s207-rank1-d1-pos1,207,s207-rank1,accurate,1,True,default,False,0.0032083333333332575,False
Qwen/OFF,s207-rank1-d1-pos1,207,s207-rank1,accurate,1,True,noise01,False,0.005666666666666709,False
Qwen/OFF,s207-rank1-d1-pos1,207,s207-rank1,accurate,1,True,long,False,0.002583333333333382,False
Qwen/OFF,s207-rank1-d1-pos2,207,s207-rank1,background,1,True,default,False,0.23683333333333345,True
Qwen/OFF,s207-rank1-d1-pos2,207,s207-rank1,background,1,True,noise01,False,0.18595833333333345,True
Qwen/OFF,s207-rank1-d1-pos2,207,s207-rank1,background,1,True,long,False,0.034250000000000114,True
Qwen/OFF,s207-rank1-d1-pos3,207,s207-rank1,score,1,True,default,False,0.20804166666666646,False
Qwen/OFF,s207-rank1-d1-pos3,207,s207-rank1,score,1,True,noise01,False,0.1695416666666667,False
Qwen/OFF,s207-rank1-d1-pos3,207,s207-rank1,score,1,True,long,False,0.04314583333333344,False
Qwen/OFF,s207-rank1-d1-pos4,207,s207-rank1,mismatched,1,True,default,False,0.33654166666666696,True
Qwen/OFF,s207-rank1-d1-pos4,207,s207-rank1,mismatched,1,True,noise01,False,0.26775000000000015,True
Qwen/OFF,s207-rank1-d1-pos4,207,s207-rank1,mismatched,1,True,long,False,0.05675000000000008,True
Qwen/OFF,s203-rank1-d0-pos0,203,s203-rank1,score,0,True,default,False,-0.12904166666666672,False
Qwen/OFF,s203-rank1-d0-pos0,203,s203-rank1,score,0,True,noise01,False,-0.13854166666666656,False
Qwen/OFF,s203-rank1-d0-pos0,203,s203-rank1,score,0,True,long,False,-0.16747916666666662,False
Qwen/OFF,s203-rank1-d0-pos1,203,s203-rank1,mismatched,0,False,default,True,0.0,False
Qwen/OFF,s203-rank1-d0-pos1,203,s203-rank1,mismatched,0,False,noise01,True,0.0,False
Qwen/OFF,s203-rank1-d0-pos1,203,s203-rank1,mismatched,0,False,long,True,0.0,False
Qwen/OFF,s203-rank1-d0-pos2,203,s203-rank1,background,0,True,default,False,-0.09437499999999988,False
Qwen/OFF,s203-rank1-d0-pos2,203,s203-rank1,background,0,True,noise01,False,-0.07650000000000001,False
Qwen/OFF,s203-rank1-d0-pos2,203,s203-rank1,background,0,True,long,False,-0.08006249999999993,False
Qwen/OFF,s203-rank1-d0-pos3,203,s203-rank1,cooperation,0,True,default,False,-0.003958333333333286,True
Qwen/OFF,s203-rank1-d0-pos3,203,s203-rank1,cooperation,0,True,noise01,False,-0.015458333333333352,True
Qwen/OFF,s203-rank1-d0-pos3,203,s203-rank1,cooperation,0,True,long,False,-0.059645833333333176,True
Qwen/OFF,s203-rank1-d0-pos4,203,s203-rank1,accurate,0,False,default,True,0.0,False
Qwen/OFF,s203-rank1-d0-pos4,203,s203-rank1,accurate,0,False,noise01,True,0.0,False
Qwen/OFF,s203-rank1-d0-pos4,203,s203-rank1,accurate,0,False,long,True,0.0,False
Qwen/OFF,s208-rank3-d1-pos0,208,s208-rank3,score,1,True,default,False,0.009833333333333139,False
Qwen/OFF,s208-rank3-d1-pos0,208,s208-rank3,score,1,True,noise01,False,0.0018333333333333535,False
Qwen/OFF,s208-rank3-d1-pos0,208,s208-rank3,score,1,True,long,False,-0.0010625000000001883,False
Qwen/OFF,s208-rank3-d1-pos1,208,s208-rank3,background,1,True,default,False,0.0005416666666666625,False
Qwen/OFF,s208-rank3-d1-pos1,208,s208-rank3,background,1,True,noise01,False,-0.01258333333333339,False
Qwen/OFF,s208-rank3-d1-pos1,208,s208-rank3,background,1,True,long,False,-0.0245833333333334,False
Qwen/OFF,s208-rank3-d1-pos2,208,s208-rank3,cooperation,1,True,default,False,-0.017750000000000155,False
Qwen/OFF,s208-rank3-d1-pos2,208,s208-rank3,cooperation,1,True,noise01,False,-0.018708333333333105,False
Qwen/OFF,s208-rank3-d1-pos2,208,s208-rank3,cooperation,1,True,long,False,-0.02212499999999995,False
Qwen/OFF,s208-rank3-d1-pos3,208,s208-rank3,mismatched,1,True,default,False,0.02574999999999994,False
Qwen/OFF,s208-rank3-d1-pos3,208,s208-rank3,mismatched,1,True,noise01,False,0.010041666666666504,False
Qwen/OFF,s208-rank3-d1-pos3,208,s208-rank3,mismatched,1,True,long,False,0.013104166666666694,False
Qwen/OFF,s208-rank3-d1-pos4,208,s208-rank3,accurate,1,True,default,False,0.0026249999999998774,False
Qwen/OFF,s208-rank3-d1-pos4,208,s208-rank3,accurate,1,True,noise01,False,-0.004416666666666735,False
Qwen/OFF,s208-rank3-d1-pos4,208,s208-rank3,accurate,1,True,long,False,0.014437499999999881,False
Qwen/OFF,s211-rank6-d1-pos0,211,s211-rank6,mismatched,1,True,default,False,0.07641666666666658,True
Qwen/OFF,s211-rank6-d1-pos0,211,s211-rank6,mismatched,1,True,noise01,False,0.09566666666666679,True
Qwen/OFF,s211-rank6-d1-pos0,211,s211-rank6,mismatched,1,True,long,False,0.13383333333333347,True
Qwen/OFF,s211-rank6-d1-pos1,211,s211-rank6,accurate,1,True,default,False,0.04133333333333322,True
Qwen/OFF,s211-rank6-d1-pos1,211,s211-rank6,accurate,1,True,noise01,False,0.05758333333333332,True
Qwen/OFF,s211-rank6-d1-pos1,211,s211-rank6,accurate,1,True,long,False,0.04995833333333333,True
Qwen/OFF,s211-rank6-d1-pos2,211,s211-rank6,cooperation,1,True,default,False,0.08766666666666678,False
Qwen/OFF,s211-rank6-d1-pos2,211,s211-rank6,cooperation,1,True,noise01,False,0.0798333333333332,False
Qwen/OFF,s211-rank6-d1-pos2,211,s211-rank6,cooperation,1,True,long,False,0.09927083333333342,False
Qwen/OFF,s211-rank6-d1-pos3,211,s211-rank6,score,1,True,default,False,0.10804166666666659,True
Qwen/OFF,s211-rank6-d1-pos3,211,s211-rank6,score,1,True,noise01,False,0.10483333333333356,True
Qwen/OFF,s211-rank6-d1-pos3,211,s211-rank6,score,1,True,long,False,0.11327083333333343,True
Qwen/OFF,s211-rank6-d1-pos4,211,s211-rank6,background,1,True,default,False,0.11258333333333326,True
Qwen/OFF,s211-rank6-d1-pos4,211,s211-rank6,background,1,True,noise01,False,0.07533333333333347,True
Qwen/OFF,s211-rank6-d1-pos4,211,s211-rank6,background,1,True,long,False,0.1550208333333336,True
Qwen/OFF,s211-rank6-d0-pos0,211,s211-rank6,mismatched,0,True,default,False,0.06933333333333325,False
Qwen/OFF,s211-rank6-d0-pos0,211,s211-rank6,mismatched,0,True,noise01,False,0.0787916666666666,False
Qwen/OFF,s211-rank6-d0-pos0,211,s211-rank6,mismatched,0,True,long,False,0.08958333333333335,False
Qwen/OFF,s211-rank6-d0-pos1,211,s211-rank6,accurate,0,True,default,False,0.09154166666666663,False
Qwen/OFF,s211-rank6-d0-pos1,211,s211-rank6,accurate,0,True,noise01,False,0.0883333333333336,False
Qwen/OFF,s211-rank6-d0-pos1,211,s211-rank6,accurate,0,True,long,False,0.019875000000000087,False
Qwen/OFF,s211-rank6-d0-pos2,211,s211-rank6,cooperation,0,True,default,False,0.12204166666666683,True
Qwen/OFF,s211-rank6-d0-pos2,211,s211-rank6,cooperation,0,True,noise01,False,0.1263333333333334,True
Qwen/OFF,s211-rank6-d0-pos2,211,s211-rank6,cooperation,0,True,long,False,0.14397916666666677,True
Qwen/OFF,s211-rank6-d0-pos3,211,s211-rank6,score,0,True,default,False,0.0904999999999998,False
Qwen/OFF,s211-rank6-d0-pos3,211,s211-rank6,score,0,True,noise01,False,0.0940416666666668,False
Qwen/OFF,s211-rank6-d0-pos3,211,s211-rank6,score,0,True,long,False,0.11989583333333331,False
Qwen/OFF,s211-rank6-d0-pos4,211,s211-rank6,background,0,True,default,False,0.10470833333333318,False
Qwen/OFF,s211-rank6-d0-pos4,211,s211-rank6,background,0,True,noise01,False,0.10479166666666662,False
Qwen/OFF,s211-rank6-d0-pos4,211,s211-rank6,background,0,True,long,False,0.12406249999999996,False
Qwen/OFF,s212-rank6-d0-pos0,212,s212-rank6,accurate,0,True,default,False,-0.00995833333333307,False
Qwen/OFF,s212-rank6-d0-pos0,212,s212-rank6,accurate,0,True,noise01,False,0.005833333333333357,False
Qwen/OFF,s212-rank6-d0-pos0,212,s212-rank6,accurate,0,True,long,False,-0.014854166666666835,False
Qwen/OFF,s212-rank6-d0-pos1,212,s212-rank6,score,0,True,default,False,-4.1666666666495544e-05,True
Qwen/OFF,s212-rank6-d0-pos1,212,s212-rank6,score,0,True,noise01,False,0.022333333333333316,True
Qwen/OFF,s212-rank6-d0-pos1,212,s212-rank6,score,0,True,long,False,-0.034937500000000066,True
Qwen/OFF,s212-rank6-d0-pos2,212,s212-rank6,mismatched,0,True,default,False,0.054916666666666725,True
Qwen/OFF,s212-rank6-d0-pos2,212,s212-rank6,mismatched,0,True,noise01,False,0.07683333333333353,True
Qwen/OFF,s212-rank6-d0-pos2,212,s212-rank6,mismatched,0,True,long,False,0.007833333333333359,True
Qwen/OFF,s212-rank6-d0-pos3,212,s212-rank6,background,0,True,default,False,-0.013374999999999915,False
Qwen/OFF,s212-rank6-d0-pos3,212,s212-rank6,background,0,True,noise01,False,0.008958333333333401,False
Qwen/OFF,s212-rank6-d0-pos3,212,s212-rank6,background,0,True,long,False,-0.06239583333333343,False
Qwen/OFF,s212-rank6-d0-pos4,212,s212-rank6,cooperation,0,True,default,False,-0.003458333333333341,False
Qwen/OFF,s212-rank6-d0-pos4,212,s212-rank6,cooperation,0,True,noise01,False,0.003875000000000295,False
Qwen/OFF,s212-rank6-d0-pos4,212,s212-rank6,cooperation,0,True,long,False,-0.04072916666666693,False
Qwen/OFF,s213-rank1-d1-pos0,213,s213-rank1,accurate,1,True,default,False,-0.016541666666666677,False
Qwen/OFF,s213-rank1-d1-pos0,213,s213-rank1,accurate,1,True,noise01,False,-0.0003333333333332966,False
Qwen/OFF,s213-rank1-d1-pos0,213,s213-rank1,accurate,1,True,long,False,-0.0067708333333333925,False
Qwen/OFF,s213-rank1-d1-pos1,213,s213-rank1,cooperation,1,True,default,False,-0.006874999999999742,False
Qwen/OFF,s213-rank1-d1-pos1,213,s213-rank1,cooperation,1,True,noise01,False,0.007833333333333359,False
Qwen/OFF,s213-rank1-d1-pos1,213,s213-rank1,cooperation,1,True,long,False,0.00839583333333338,False
Qwen/OFF,s213-rank1-d1-pos2,213,s213-rank1,background,1,True,default,False,0.013666666666666716,False
Qwen/OFF,s213-rank1-d1-pos2,213,s213-rank1,background,1,True,noise01,False,0.01358333333333328,False
Qwen/OFF,s213-rank1-d1-pos2,213,s213-rank1,background,1,True,long,False,0.032479166666666615,False
Qwen/OFF,s213-rank1-d1-pos3,213,s213-rank1,score,1,True,default,False,-0.011583333333333279,False
Qwen/OFF,s213-rank1-d1-pos3,213,s213-rank1,score,1,True,noise01,False,-0.00012500000000015277,False
Qwen/OFF,s213-rank1-d1-pos3,213,s213-rank1,score,1,True,long,False,0.019312500000000066,False
Qwen/OFF,s213-rank1-d1-pos4,213,s213-rank1,mismatched,1,True,default,False,-0.012749999999999595,False
Qwen/OFF,s213-rank1-d1-pos4,213,s213-rank1,mismatched,1,True,noise01,False,-0.004083333333333661,False
Qwen/OFF,s213-rank1-d1-pos4,213,s213-rank1,mismatched,1,True,long,False,0.0009166666666666767,False
Qwen/OFF,s205-rank3-d0-pos0,205,s205-rank3,mismatched,0,True,default,False,0.031041666666666634,True
Qwen/OFF,s205-rank3-d0-pos0,205,s205-rank3,mismatched,0,True,noise01,False,0.021166666666666778,True
Qwen/OFF,s205-rank3-d0-pos0,205,s205-rank3,mismatched,0,True,long,False,-0.0031874999999998987,True
Qwen/OFF,s205-rank3-d0-pos1,205,s205-rank3,score,0,True,default,False,-0.008874999999999966,False
Qwen/OFF,s205-rank3-d0-pos1,205,s205-rank3,score,0,True,noise01,False,-0.008666666666666822,False
Qwen/OFF,s205-rank3-d0-pos1,205,s205-rank3,score,0,True,long,False,-0.016895833333333332,False
Qwen/OFF,s205-rank3-d0-pos2,205,s205-rank3,background,0,True,default,False,0.006999999999999895,False
Qwen/OFF,s205-rank3-d0-pos2,205,s205-rank3,background,0,True,noise01,False,-0.019416666666666638,False
Qwen/OFF,s205-rank3-d0-pos2,205,s205-rank3,background,0,True,long,False,-0.019625000000000004,False
Qwen/OFF,s205-rank3-d0-pos3,205,s205-rank3,accurate,0,True,default,False,0.004250000000000087,False
Qwen/OFF,s205-rank3-d0-pos3,205,s205-rank3,accurate,0,True,noise01,False,-0.0129999999999999,False
Qwen/OFF,s205-rank3-d0-pos3,205,s205-rank3,accurate,0,True,long,False,0.023125000000000062,False
Qwen/OFF,s205-rank3-d0-pos4,205,s205-rank3,cooperation,0,True,default,False,0.06900000000000017,True
Qwen/OFF,s205-rank3-d0-pos4,205,s205-rank3,cooperation,0,True,noise01,False,0.04683333333333328,True
Qwen/OFF,s205-rank3-d0-pos4,205,s205-rank3,cooperation,0,True,long,False,0.050166666666666915,True
Qwen/OFF,s213-rank3-d0-pos0,213,s213-rank3,accurate,0,True,default,False,0.010541666666666671,False
Qwen/OFF,s213-rank3-d0-pos0,213,s213-rank3,accurate,0,True,noise01,False,0.0066666666666663765,False
Qwen/OFF,s213-rank3-d0-pos0,213,s213-rank3,accurate,0,True,long,False,-0.011416666666666409,False
Qwen/OFF,s213-rank3-d0-pos1,213,s213-rank3,cooperation,0,True,default,False,0.015875000000000083,True
Qwen/OFF,s213-rank3-d0-pos1,213,s213-rank3,cooperation,0,True,noise01,False,0.015541666666666565,True
Qwen/OFF,s213-rank3-d0-pos1,213,s213-rank3,cooperation,0,True,long,False,0.00010416666666679397,True
Qwen/OFF,s213-rank3-d0-pos2,213,s213-rank3,background,0,True,default,False,0.049875000000000114,True
Qwen/OFF,s213-rank3-d0-pos2,213,s213-rank3,background,0,True,noise01,False,0.0442499999999999,True
Qwen/OFF,s213-rank3-d0-pos2,213,s213-rank3,background,0,True,long,False,0.020979166666666993,True
Qwen/OFF,s213-rank3-d0-pos3,213,s213-rank3,score,0,True,default,False,0.048958333333333215,True
Qwen/OFF,s213-rank3-d0-pos3,213,s213-rank3,score,0,True,noise01,False,0.03750000000000009,True
Qwen/OFF,s213-rank3-d0-pos3,213,s213-rank3,score,0,True,long,False,0.02695833333333364,True
Qwen/OFF,s213-rank3-d0-pos4,213,s213-rank3,mismatched,0,True,default,False,-0.004750000000000032,False
Qwen/OFF,s213-rank3-d0-pos4,213,s213-rank3,mismatched,0,True,noise01,False,-0.008458333333333456,False
Qwen/OFF,s213-rank3-d0-pos4,213,s213-rank3,mismatched,0,True,long,False,-8.333333333321313e-05,False
Qwen/OFF,s203-rank3-d1-pos0,203,s203-rank3,score,1,True,default,False,0.017041666666666844,False
Qwen/OFF,s203-rank3-d1-pos0,203,s203-rank3,score,1,True,noise01,False,0.005875000000000075,False
Qwen/OFF,s203-rank3-d1-pos0,203,s203-rank3,score,1,True,long,False,0.0732708333333334,False
Qwen/OFF,s203-rank3-d1-pos1,203,s203-rank3,mismatched,1,True,default,False,0.027875000000000316,True
Qwen/OFF,s203-rank3-d1-pos1,203,s203-rank3,mismatched,1,True,noise01,False,0.011166666666666769,True
Qwen/OFF,s203-rank3-d1-pos1,203,s203-rank3,mismatched,1,True,long,False,0.1143333333333334,True
Qwen/OFF,s203-rank3-d1-pos2,203,s203-rank3,background,1,True,default,False,0.020874999999999977,True
Qwen/OFF,s203-rank3-d1-pos2,203,s203-rank3,background,1,True,noise01,False,0.01362500000000022,True
Qwen/OFF,s203-rank3-d1-pos2,203,s203-rank3,background,1,True,long,False,0.07685416666666667,True
Qwen/OFF,s203-rank3-d1-pos3,203,s203-rank3,cooperation,1,True,default,False,0.023749999999999938,False
Qwen/OFF,s203-rank3-d1-pos3,203,s203-rank3,cooperation,1,True,noise01,False,0.01075000000000026,False
Qwen/OFF,s203-rank3-d1-pos3,203,s203-rank3,cooperation,1,True,long,False,0.07470833333333338,False
Qwen/OFF,s203-rank3-d1-pos4,203,s203-rank3,accurate,1,True,default,False,0.05062499999999992,True
Qwen/OFF,s203-rank3-d1-pos4,203,s203-rank3,accurate,1,True,noise01,False,0.038583333333333636,True
Qwen/OFF,s203-rank3-d1-pos4,203,s203-rank3,accurate,1,True,long,False,0.13547916666666682,True
Qwen/OFF,s217-rank6-d0-pos0,217,s217-rank6,accurate,0,True,default,False,0.012375000000000025,False
Qwen/OFF,s217-rank6-d0-pos0,217,s217-rank6,accurate,0,True,noise01,False,-0.0034166666666666234,False
Qwen/OFF,s217-rank6-d0-pos0,217,s217-rank6,accurate,0,True,long,False,0.11018749999999988,False
Qwen/OFF,s217-rank6-d0-pos1,217,s217-rank6,mismatched,0,True,default,False,0.008166666666666655,False
Qwen/OFF,s217-rank6-d0-pos1,217,s217-rank6,mismatched,0,True,noise01,False,0.004083333333333439,False
Qwen/OFF,s217-rank6-d0-pos1,217,s217-rank6,mismatched,0,True,long,False,0.09691666666666676,False
Qwen/OFF,s217-rank6-d0-pos2,217,s217-rank6,cooperation,0,True,default,False,0.026916666666666922,True
Qwen/OFF,s217-rank6-d0-pos2,217,s217-rank6,cooperation,0,True,noise01,False,0.011208333333333487,True
Qwen/OFF,s217-rank6-d0-pos2,217,s217-rank6,cooperation,0,True,long,False,0.10068750000000004,True
Qwen/OFF,s217-rank6-d0-pos3,217,s217-rank6,background,0,True,default,False,0.0016666666666667052,False
Qwen/OFF,s217-rank6-d0-pos3,217,s217-rank6,background,0,True,noise01,False,-0.00158333333333327,False
Qwen/OFF,s217-rank6-d0-pos3,217,s217-rank6,background,0,True,long,False,0.09358333333333313,False
Qwen/OFF,s217-rank6-d0-pos4,217,s217-rank6,score,0,True,default,False,0.013374999999999915,False
Qwen/OFF,s217-rank6-d0-pos4,217,s217-rank6,score,0,True,noise01,False,0.010208333333333597,False
Qwen/OFF,s217-rank6-d0-pos4,217,s217-rank6,score,0,True,long,False,0.1208958333333332,False
Qwen/OFF,s207-rank6-d0-pos0,207,s207-rank6,cooperation,0,True,default,False,0.004333333333333522,False
Qwen/OFF,s207-rank6-d0-pos0,207,s207-rank6,cooperation,0,True,noise01,False,0.021999999999999797,False
Qwen/OFF,s207-rank6-d0-pos0,207,s207-rank6,cooperation,0,True,long,False,0.013583333333333503,False
Qwen/OFF,s207-rank6-d0-pos1,207,s207-rank6,accurate,0,True,default,False,-0.008124999999999938,True
Qwen/OFF,s207-rank6-d0-pos1,207,s207-rank6,accurate,0,True,noise01,False,0.05208333333333304,True
Qwen/OFF,s207-rank6-d0-pos1,207,s207-rank6,accurate,0,True,long,False,-0.008416666666666739,True
Qwen/OFF,s207-rank6-d0-pos2,207,s207-rank6,background,0,True,default,False,-0.10187499999999994,False
Qwen/OFF,s207-rank6-d0-pos2,207,s207-rank6,background,0,True,noise01,False,-0.05491666666666695,False
Qwen/OFF,s207-rank6-d0-pos2,207,s207-rank6,background,0,True,long,False,-0.09062499999999996,False
Qwen/OFF,s207-rank6-d0-pos3,207,s207-rank6,score,0,True,default,False,0.0032083333333337016,True
Qwen/OFF,s207-rank6-d0-pos3,207,s207-rank6,score,0,True,noise01,False,-0.00016666666666687036,True
Qwen/OFF,s207-rank6-d0-pos3,207,s207-rank6,score,0,True,long,False,-0.00216666666666665,True
Qwen/OFF,s207-rank6-d0-pos4,207,s207-rank6,mismatched,0,True,default,False,0.0024166666666667336,False
Qwen/OFF,s207-rank6-d0-pos4,207,s207-rank6,mismatched,0,True,noise01,False,0.011874999999999858,False
Qwen/OFF,s207-rank6-d0-pos4,207,s207-rank6,mismatched,0,True,long,False,0.010895833333333327,False
Qwen/OFF,s217-rank3-d0-pos0,217,s217-rank3,accurate,0,True,default,False,0.04329166666666695,True
Qwen/OFF,s217-rank3-d0-pos0,217,s217-rank3,accurate,0,True,noise01,False,0.05454166666666649,True
Qwen/OFF,s217-rank3-d0-pos0,217,s217-rank3,accurate,0,True,long,False,0.0042083333333333695,True
Qwen/OFF,s217-rank3-d0-pos1,217,s217-rank3,mismatched,0,True,default,False,0.07120833333333332,True
Qwen/OFF,s217-rank3-d0-pos1,217,s217-rank3,mismatched,0,True,noise01,False,0.06745833333333318,True
Qwen/OFF,s217-rank3-d0-pos1,217,s217-rank3,mismatched,0,True,long,False,0.024916666666666698,True
Qwen/OFF,s217-rank3-d0-pos2,217,s217-rank3,cooperation,0,True,default,False,0.025500000000000078,False
Qwen/OFF,s217-rank3-d0-pos2,217,s217-rank3,cooperation,0,True,noise01,False,0.04529166666666673,False
Qwen/OFF,s217-rank3-d0-pos2,217,s217-rank3,cooperation,0,True,long,False,0.010666666666666602,False
Qwen/OFF,s217-rank3-d0-pos3,217,s217-rank3,background,0,True,default,False,-0.08174999999999999,False
Qwen/OFF,s217-rank3-d0-pos3,217,s217-rank3,background,0,True,noise01,False,-0.07308333333333339,False
Qwen/OFF,s217-rank3-d0-pos3,217,s217-rank3,background,0,True,long,False,-0.019437499999999996,False
Qwen/OFF,s217-rank3-d0-pos4,217,s217-rank3,score,0,True,default,False,-0.11933333333333329,False
Qwen/OFF,s217-rank3-d0-pos4,217,s217-rank3,score,0,True,noise01,False,-0.061125000000000096,False
Qwen/OFF,s217-rank3-d0-pos4,217,s217-rank3,score,0,True,long,False,-0.04877083333333343,False
Qwen/OFF,s201-rank1-d0-pos0,201,s201-rank1,accurate,0,False,default,True,0.0,False
Qwen/OFF,s201-rank1-d0-pos0,201,s201-rank1,accurate,0,False,noise01,True,0.0,False
Qwen/OFF,s201-rank1-d0-pos0,201,s201-rank1,accurate,0,False,long,True,0.0,False
Qwen/OFF,s201-rank1-d0-pos1,201,s201-rank1,cooperation,0,True,default,False,0.039750000000000174,False
Qwen/OFF,s201-rank1-d0-pos1,201,s201-rank1,cooperation,0,True,noise01,False,0.03112500000000007,False
Qwen/OFF,s201-rank1-d0-pos1,201,s201-rank1,cooperation,0,True,long,False,0.013812500000000005,False
Qwen/OFF,s201-rank1-d0-pos2,201,s201-rank1,score,0,True,default,False,-0.009874999999999856,False
Qwen/OFF,s201-rank1-d0-pos2,201,s201-rank1,score,0,True,noise01,False,-0.026249999999999662,False
Qwen/OFF,s201-rank1-d0-pos2,201,s201-rank1,score,0,True,long,False,-0.010874999999999968,False
Qwen/OFF,s201-rank1-d0-pos3,201,s201-rank1,mismatched,0,True,default,False,-0.06570833333333326,False
Qwen/OFF,s201-rank1-d0-pos3,201,s201-rank1,mismatched,0,True,noise01,False,-0.05749999999999966,False
Qwen/OFF,s201-rank1-d0-pos3,201,s201-rank1,mismatched,0,True,long,False,-0.0543541666666667,False
Qwen/OFF,s201-rank1-d0-pos4,201,s201-rank1,background,0,True,default,False,-0.00216666666666665,False
Qwen/OFF,s201-rank1-d0-pos4,201,s201-rank1,background,0,True,noise01,False,0.0017083333333336448,False
Qwen/OFF,s201-rank1-d0-pos4,201,s201-rank1,background,0,True,long,False,-0.016312499999999952,False
Qwen/OFF,s215-rank1-d0-pos0,215,s215-rank1,background,0,True,default,False,0.007249999999999979,False
Qwen/OFF,s215-rank1-d0-pos0,215,s215-rank1,background,0,True,noise01,False,-0.005708333333333648,False
Qwen/OFF,s215-rank1-d0-pos0,215,s215-rank1,background,0,True,long,False,0.008208333333333151,False
Qwen/OFF,s215-rank1-d0-pos1,215,s215-rank1,accurate,0,True,default,False,0.0019166666666665666,True
Qwen/OFF,s215-rank1-d0-pos1,215,s215-rank1,accurate,0,True,noise01,False,-0.002000000000000224,True
Qwen/OFF,s215-rank1-d0-pos1,215,s215-rank1,accurate,0,True,long,False,-0.02852083333333355,True
Qwen/OFF,s215-rank1-d0-pos2,215,s215-rank1,mismatched,0,True,default,False,0.05991666666666684,True
Qwen/OFF,s215-rank1-d0-pos2,215,s215-rank1,mismatched,0,True,noise01,False,0.020833333333333037,True
Qwen/OFF,s215-rank1-d0-pos2,215,s215-rank1,mismatched,0,True,long,False,0.030020833333333385,True
Qwen/OFF,s215-rank1-d0-pos3,215,s215-rank1,cooperation,0,True,default,False,0.010833333333333472,True
Qwen/OFF,s215-rank1-d0-pos3,215,s215-rank1,cooperation,0,True,noise01,False,0.010083333333333222,True
Qwen/OFF,s215-rank1-d0-pos3,215,s215-rank1,cooperation,0,True,long,False,0.006916666666666682,True
Qwen/OFF,s215-rank1-d0-pos4,215,s215-rank1,score,0,True,default,False,0.013166666666666993,True
Qwen/OFF,s215-rank1-d0-pos4,215,s215-rank1,score,0,True,noise01,False,0.0030833333333331048,True
Qwen/OFF,s215-rank1-d0-pos4,215,s215-rank1,score,0,True,long,False,0.0323333333333331,True
Qwen/OFF,s213-rank6-d0-pos0,213,s213-rank6,accurate,0,True,default,False,-0.0020416666666664973,False
Qwen/OFF,s213-rank6-d0-pos0,213,s213-rank6,accurate,0,True,noise01,False,-0.003083333333333549,False
Qwen/OFF,s213-rank6-d0-pos0,213,s213-rank6,accurate,0,True,long,False,0.004937500000000039,False
Qwen/OFF,s213-rank6-d0-pos1,213,s213-rank6,cooperation,0,True,default,False,-0.03995833333333332,False
Qwen/OFF,s213-rank6-d0-pos1,213,s213-rank6,cooperation,0,True,noise01,False,-0.052166666666666694,False
Qwen/OFF,s213-rank6-d0-pos1,213,s213-rank6,cooperation,0,True,long,False,-0.028583333333333183,False
Qwen/OFF,s213-rank6-d0-pos2,213,s213-rank6,background,0,True,default,False,0.0008333333333334636,False
Qwen/OFF,s213-rank6-d0-pos2,213,s213-rank6,background,0,True,noise01,False,0.01891666666666647,False
Qwen/OFF,s213-rank6-d0-pos2,213,s213-rank6,background,0,True,long,False,0.009583333333333499,False
Qwen/OFF,s213-rank6-d0-pos3,213,s213-rank6,score,0,True,default,False,-0.07912499999999989,False
Qwen/OFF,s213-rank6-d0-pos3,213,s213-rank6,score,0,True,noise01,False,-0.06066666666666665,False
Qwen/OFF,s213-rank6-d0-pos3,213,s213-rank6,score,0,True,long,False,-0.04466666666666663,False
Qwen/OFF,s213-rank6-d0-pos4,213,s213-rank6,mismatched,0,True,default,False,-0.019958333333333078,False
Qwen/OFF,s213-rank6-d0-pos4,213,s213-rank6,mismatched,0,True,noise01,False,-0.009166666666666545,False
Qwen/OFF,s213-rank6-d0-pos4,213,s213-rank6,mismatched,0,True,long,False,-0.02154166666666657,False
Qwen/OFF,s215-rank1-d1-pos0,215,s215-rank1,background,1,True,default,False,0.020083333333333453,True
Qwen/OFF,s215-rank1-d1-pos0,215,s215-rank1,background,1,True,noise01,False,0.006833333333333247,True
Qwen/OFF,s215-rank1-d1-pos0,215,s215-rank1,background,1,True,long,False,0.038812499999999917,True
Qwen/OFF,s215-rank1-d1-pos1,215,s215-rank1,accurate,1,True,default,False,-0.0015000000000000568,False
Qwen/OFF,s215-rank1-d1-pos1,215,s215-rank1,accurate,1,True,noise01,False,0.00037499999999979217,False
Qwen/OFF,s215-rank1-d1-pos1,215,s215-rank1,accurate,1,True,long,False,-0.004062500000000302,False
Qwen/OFF,s215-rank1-d1-pos2,215,s215-rank1,mismatched,1,True,default,False,0.006958333333333622,False
Qwen/OFF,s215-rank1-d1-pos2,215,s215-rank1,mismatched,1,True,noise01,False,-0.005083333333333551,False
Qwen/OFF,s215-rank1-d1-pos2,215,s215-rank1,mismatched,1,True,long,False,-0.058270833333333494,False
Qwen/OFF,s215-rank1-d1-pos3,215,s215-rank1,cooperation,1,True,default,False,0.020916666666666694,False
Qwen/OFF,s215-rank1-d1-pos3,215,s215-rank1,cooperation,1,True,noise01,False,0.003041666666666387,False
Qwen/OFF,s215-rank1-d1-pos3,215,s215-rank1,cooperation,1,True,long,False,0.013666666666666494,False
Qwen/OFF,s215-rank1-d1-pos4,215,s215-rank1,score,1,True,default,False,0.006500000000000172,False
Qwen/OFF,s215-rank1-d1-pos4,215,s215-rank1,score,1,True,noise01,False,0.0010416666666666075,False
Qwen/OFF,s215-rank1-d1-pos4,215,s215-rank1,score,1,True,long,False,0.005270833333333114,False
Qwen/OFF,s212-rank1-d1-pos0,212,s212-rank1,accurate,1,True,default,False,-0.007374999999999687,False
Qwen/OFF,s212-rank1-d1-pos0,212,s212-rank1,accurate,1,True,noise01,False,-0.002083333333332993,False
Qwen/OFF,s212-rank1-d1-pos0,212,s212-rank1,accurate,1,True,long,False,-0.022083333333333233,False
Qwen/OFF,s212-rank1-d1-pos1,212,s212-rank1,score,1,True,default,False,-0.004416666666666513,False
Qwen/OFF,s212-rank1-d1-pos1,212,s212-rank1,score,1,True,noise01,False,-0.017124999999999613,False
Qwen/OFF,s212-rank1-d1-pos1,212,s212-rank1,score,1,True,long,False,-0.008562499999999806,False
Qwen/OFF,s212-rank1-d1-pos2,212,s212-rank1,mismatched,1,True,default,False,-0.0881666666666665,False
Qwen/OFF,s212-rank1-d1-pos2,212,s212-rank1,mismatched,1,True,noise01,False,-0.08820833333333322,False
Qwen/OFF,s212-rank1-d1-pos2,212,s212-rank1,mismatched,1,True,long,False,-0.14610416666666648,False
Qwen/OFF,s212-rank1-d1-pos3,212,s212-rank1,background,1,True,default,False,-0.06004166666666655,True
Qwen/OFF,s212-rank1-d1-pos3,212,s212-rank1,background,1,True,noise01,False,-0.060958333333333004,True
Qwen/OFF,s212-rank1-d1-pos3,212,s212-rank1,background,1,True,long,False,-0.10464583333333333,True
Qwen/OFF,s212-rank1-d1-pos4,212,s212-rank1,cooperation,1,True,default,False,0.00754166666666678,True
Qwen/OFF,s212-rank1-d1-pos4,212,s212-rank1,cooperation,1,True,noise01,False,0.007125000000000048,True
Qwen/OFF,s212-rank1-d1-pos4,212,s212-rank1,cooperation,1,True,long,False,-0.01622916666666674,True
Qwen/OFF,s204-rank1-d0-pos0,204,s204-rank1,score,0,True,default,False,-0.0027083333333330906,False
Qwen/OFF,s204-rank1-d0-pos0,204,s204-rank1,score,0,True,noise01,False,0.007458333333333345,False
Qwen/OFF,s204-rank1-d0-pos0,204,s204-rank1,score,0,True,long,False,0.07870833333333338,False
Qwen/OFF,s204-rank1-d0-pos1,204,s204-rank1,mismatched,0,True,default,False,-0.005083333333333329,False
Qwen/OFF,s204-rank1-d0-pos1,204,s204-rank1,mismatched,0,True,noise01,False,0.010500000000000176,False
Qwen/OFF,s204-rank1-d0-pos1,204,s204-rank1,mismatched,0,True,long,False,-0.004687499999999956,False
Qwen/OFF,s204-rank1-d0-pos2,204,s204-rank1,cooperation,0,True,default,False,0.01879166666666654,True
Qwen/OFF,s204-rank1-d0-pos2,204,s204-rank1,cooperation,0,True,noise01,False,0.025875000000000092,True
Qwen/OFF,s204-rank1-d0-pos2,204,s204-rank1,cooperation,0,True,long,False,0.10383333333333322,True
Qwen/OFF,s204-rank1-d0-pos3,204,s204-rank1,accurate,0,True,default,False,0.01937499999999992,True
Qwen/OFF,s204-rank1-d0-pos3,204,s204-rank1,accurate,0,True,noise01,False,0.02849999999999997,True
Qwen/OFF,s204-rank1-d0-pos3,204,s204-rank1,accurate,0,True,long,False,0.10158333333333336,True
Qwen/OFF,s204-rank1-d0-pos4,204,s204-rank1,background,0,True,default,False,0.009875000000000078,False
Qwen/OFF,s204-rank1-d0-pos4,204,s204-rank1,background,0,True,noise01,False,0.016750000000000043,False
Qwen/OFF,s204-rank1-d0-pos4,204,s204-rank1,background,0,True,long,False,0.09002083333333344,False
Qwen/OFF,s210-rank3-d0-pos0,210,s210-rank3,background,0,True,default,False,0.07395833333333313,True
Qwen/OFF,s210-rank3-d0-pos0,210,s210-rank3,background,0,True,noise01,False,0.08858333333333324,True
Qwen/OFF,s210-rank3-d0-pos0,210,s210-rank3,background,0,True,long,False,0.0401458333333331,True
Qwen/OFF,s210-rank3-d0-pos1,210,s210-rank3,score,0,True,default,False,0.07483333333333309,True
Qwen/OFF,s210-rank3-d0-pos1,210,s210-rank3,score,0,True,noise01,False,0.09170833333333328,True
Qwen/OFF,s210-rank3-d0-pos1,210,s210-rank3,score,0,True,long,False,0.04114583333333344,True
Qwen/OFF,s210-rank3-d0-pos2,210,s210-rank3,cooperation,0,True,default,False,0.08358333333333312,True
Qwen/OFF,s210-rank3-d0-pos2,210,s210-rank3,cooperation,0,True,noise01,False,0.11187499999999995,True
Qwen/OFF,s210-rank3-d0-pos2,210,s210-rank3,cooperation,0,True,long,False,0.05177083333333332,True
Qwen/OFF,s210-rank3-d0-pos3,210,s210-rank3,accurate,0,True,default,False,0.10133333333333328,False
Qwen/OFF,s210-rank3-d0-pos3,210,s210-rank3,accurate,0,True,noise01,False,0.08595833333333336,False
Qwen/OFF,s210-rank3-d0-pos3,210,s210-rank3,accurate,0,True,long,False,0.05845833333333328,False
Qwen/OFF,s210-rank3-d0-pos4,210,s210-rank3,mismatched,0,True,default,False,0.05191666666666661,False
Qwen/OFF,s210-rank3-d0-pos4,210,s210-rank3,mismatched,0,True,noise01,False,0.06345833333333295,False
Qwen/OFF,s210-rank3-d0-pos4,210,s210-rank3,mismatched,0,True,long,False,0.035062499999999774,False
Qwen/OFF,s208-rank3-d0-pos0,208,s208-rank3,score,0,True,default,False,0.0047916666666665275,True
Qwen/OFF,s208-rank3-d0-pos0,208,s208-rank3,score,0,True,noise01,False,-0.006833333333333469,True
Qwen/OFF,s208-rank3-d0-pos0,208,s208-rank3,score,0,True,long,False,-0.023354166666666787,True
Qwen/OFF,s208-rank3-d0-pos1,208,s208-rank3,background,0,True,default,False,-0.003166666666666762,True
Qwen/OFF,s208-rank3-d0-pos1,208,s208-rank3,background,0,True,noise01,False,-0.004625000000000101,True
Qwen/OFF,s208-rank3-d0-pos1,208,s208-rank3,background,0,True,long,False,-0.015625,True
Qwen/OFF,s208-rank3-d0-pos2,208,s208-rank3,cooperation,0,True,default,False,-0.015833333333333366,False
Qwen/OFF,s208-rank3-d0-pos2,208,s208-rank3,cooperation,0,True,noise01,False,-0.009416666666666629,False
Qwen/OFF,s208-rank3-d0-pos2,208,s208-rank3,cooperation,0,True,long,False,-0.025812500000000016,False
Qwen/OFF,s208-rank3-d0-pos3,208,s208-rank3,mismatched,0,True,default,False,0.002375000000000016,True
Qwen/OFF,s208-rank3-d0-pos3,208,s208-rank3,mismatched,0,True,noise01,False,0.0007083333333335329,True
Qwen/OFF,s208-rank3-d0-pos3,208,s208-rank3,mismatched,0,True,long,False,-0.00939583333333327,True
Qwen/OFF,s208-rank3-d0-pos4,208,s208-rank3,accurate,0,True,default,False,0.01766666666666672,True
Qwen/OFF,s208-rank3-d0-pos4,208,s208-rank3,accurate,0,True,noise01,False,0.012583333333333169,True
Qwen/OFF,s208-rank3-d0-pos4,208,s208-rank3,accurate,0,True,long,False,0.011395833333333272,True
Qwen/OFF,s219-rank1-d0-pos0,219,s219-rank1,accurate,0,True,default,False,0.03304166666666686,True
Qwen/OFF,s219-rank1-d0-pos0,219,s219-rank1,accurate,0,True,noise01,False,0.03837500000000005,True
Qwen/OFF,s219-rank1-d0-pos0,219,s219-rank1,accurate,0,True,long,False,0.040708333333333124,True
Qwen/OFF,s219-rank1-d0-pos1,219,s219-rank1,score,0,True,default,False,0.05950000000000033,True
Qwen/OFF,s219-rank1-d0-pos1,219,s219-rank1,score,0,True,noise01,False,0.0614166666666669,True
Qwen/OFF,s219-rank1-d0-pos1,219,s219-rank1,score,0,True,long,False,0.02895833333333342,True
Qwen/OFF,s219-rank1-d0-pos2,219,s219-rank1,cooperation,0,False,default,True,0.0,False
Qwen/OFF,s219-rank1-d0-pos2,219,s219-rank1,cooperation,0,False,noise01,True,0.0,False
Qwen/OFF,s219-rank1-d0-pos2,219,s219-rank1,cooperation,0,False,long,True,0.0,False
Qwen/OFF,s219-rank1-d0-pos3,219,s219-rank1,background,0,True,default,False,0.04954166666666682,True
Qwen/OFF,s219-rank1-d0-pos3,219,s219-rank1,background,0,True,noise01,False,0.0375833333333333,True
Qwen/OFF,s219-rank1-d0-pos3,219,s219-rank1,background,0,True,long,False,-0.018937500000000274,True
Qwen/OFF,s219-rank1-d0-pos4,219,s219-rank1,mismatched,0,True,default,False,0.044916666666666716,True
Qwen/OFF,s219-rank1-d0-pos4,219,s219-rank1,mismatched,0,True,noise01,False,0.05370833333333347,True
Qwen/OFF,s219-rank1-d0-pos4,219,s219-rank1,mismatched,0,True,long,False,0.009874999999999856,True
Qwen/OFF,s203-rank3-d0-pos0,203,s203-rank3,score,0,True,default,False,0.03245833333333348,True
Qwen/OFF,s203-rank3-d0-pos0,203,s203-rank3,score,0,True,noise01,False,0.02362500000000023,True
Qwen/OFF,s203-rank3-d0-pos0,203,s203-rank3,score,0,True,long,False,0.11008333333333331,True
Qwen/OFF,s203-rank3-d0-pos1,203,s203-rank3,mismatched,0,True,default,False,0.019333333333333425,False
Qwen/OFF,s203-rank3-d0-pos1,203,s203-rank3,mismatched,0,True,noise01,False,0.011374999999999913,False
Qwen/OFF,s203-rank3-d0-pos1,203,s203-rank3,mismatched,0,True,long,False,0.11822916666666661,False
Qwen/OFF,s203-rank3-d0-pos2,203,s203-rank3,background,0,True,default,False,-0.08029166666666643,False
Qwen/OFF,s203-rank3-d0-pos2,203,s203-rank3,background,0,True,noise01,False,-0.09687500000000004,False
Qwen/OFF,s203-rank3-d0-pos2,203,s203-rank3,background,0,True,long,False,0.04418750000000027,False
Qwen/OFF,s203-rank3-d0-pos3,203,s203-rank3,cooperation,0,True,default,False,0.02695833333333364,True
Qwen/OFF,s203-rank3-d0-pos3,203,s203-rank3,cooperation,0,True,noise01,False,0.011416666666666853,True
Qwen/OFF,s203-rank3-d0-pos3,203,s203-rank3,cooperation,0,True,long,False,0.10433333333333339,True
Qwen/OFF,s203-rank3-d0-pos4,203,s203-rank3,accurate,0,True,default,False,0.04266666666666685,False
Qwen/OFF,s203-rank3-d0-pos4,203,s203-rank3,accurate,0,True,noise01,False,0.03608333333333347,False
Qwen/OFF,s203-rank3-d0-pos4,203,s203-rank3,accurate,0,True,long,False,0.1389166666666668,False
Qwen/OFF,s209-rank6-d1-pos0,209,s209-rank6,mismatched,1,True,default,False,-0.019208333333333272,False
Qwen/OFF,s209-rank6-d1-pos0,209,s209-rank6,mismatched,1,True,noise01,False,0.011666666666666492,False
Qwen/OFF,s209-rank6-d1-pos0,209,s209-rank6,mismatched,1,True,long,False,0.01191666666666702,False
Qwen/OFF,s209-rank6-d1-pos1,209,s209-rank6,background,1,True,default,False,-0.011083333333333112,False
Qwen/OFF,s209-rank6-d1-pos1,209,s209-rank6,background,1,True,noise01,False,0.012583333333333169,False
Qwen/OFF,s209-rank6-d1-pos1,209,s209-rank6,background,1,True,long,False,0.010125000000000162,False
Qwen/OFF,s209-rank6-d1-pos2,209,s209-rank6,accurate,1,True,default,False,0.004583333333333384,True
Qwen/OFF,s209-rank6-d1-pos2,209,s209-rank6,accurate,1,True,noise01,False,0.009249999999999758,True
Qwen/OFF,s209-rank6-d1-pos2,209,s209-rank6,accurate,1,True,long,False,0.019958333333333522,True
Qwen/OFF,s209-rank6-d1-pos3,209,s209-rank6,score,1,True,default,False,-0.008416666666666739,True
Qwen/OFF,s209-rank6-d1-pos3,209,s209-rank6,score,1,True,noise01,False,0.006749999999999812,True
Qwen/OFF,s209-rank6-d1-pos3,209,s209-rank6,score,1,True,long,False,-0.001687499999999842,True
Qwen/OFF,s209-rank6-d1-pos4,209,s209-rank6,cooperation,1,True,default,False,-0.029291666666666716,False
Qwen/OFF,s209-rank6-d1-pos4,209,s209-rank6,cooperation,1,True,noise01,False,-0.01333333333333342,False
Qwen/OFF,s209-rank6-d1-pos4,209,s209-rank6,cooperation,1,True,long,False,0.008750000000000036,False
Qwen/OFF,s200-rank6-d0-pos0,200,s200-rank6,mismatched,0,True,default,False,0.11479166666666663,False
Qwen/OFF,s200-rank6-d0-pos0,200,s200-rank6,mismatched,0,True,noise01,False,0.09066666666666645,False
Qwen/OFF,s200-rank6-d0-pos0,200,s200-rank6,mismatched,0,True,long,False,0.11960416666666629,False
Qwen/OFF,s200-rank6-d0-pos1,200,s200-rank6,background,0,True,default,False,0.11591666666666645,False
Qwen/OFF,s200-rank6-d0-pos1,200,s200-rank6,background,0,True,noise01,False,0.08654166666666652,False
Qwen/OFF,s200-rank6-d0-pos1,200,s200-rank6,background,0,True,long,False,0.1506666666666665,False
Qwen/OFF,s200-rank6-d0-pos2,200,s200-rank6,cooperation,0,False,default,True,0.0,False
Qwen/OFF,s200-rank6-d0-pos2,200,s200-rank6,cooperation,0,False,noise01,True,0.0,False
Qwen/OFF,s200-rank6-d0-pos2,200,s200-rank6,cooperation,0,False,long,True,0.0,False
Qwen/OFF,s200-rank6-d0-pos3,200,s200-rank6,accurate,0,True,default,False,0.13504166666666673,True
Qwen/OFF,s200-rank6-d0-pos3,200,s200-rank6,accurate,0,True,noise01,False,0.11191666666666666,True
Qwen/OFF,s200-rank6-d0-pos3,200,s200-rank6,accurate,0,True,long,False,0.11874999999999969,True
Qwen/OFF,s200-rank6-d0-pos4,200,s200-rank6,score,0,True,default,False,0.0022499999999998632,False
Qwen/OFF,s200-rank6-d0-pos4,200,s200-rank6,score,0,True,noise01,False,0.005791666666666639,False
Qwen/OFF,s200-rank6-d0-pos4,200,s200-rank6,score,0,True,long,False,0.08037499999999986,False
Qwen/OFF,s207-rank6-d1-pos0,207,s207-rank6,cooperation,1,False,default,True,0.0,False
Qwen/OFF,s207-rank6-d1-pos0,207,s207-rank6,cooperation,1,False,noise01,True,0.0,False
Qwen/OFF,s207-rank6-d1-pos0,207,s207-rank6,cooperation,1,False,long,True,0.0,False
Qwen/OFF,s207-rank6-d1-pos1,207,s207-rank6,accurate,1,False,default,True,0.0,False
Qwen/OFF,s207-rank6-d1-pos1,207,s207-rank6,accurate,1,False,noise01,True,0.0,False
Qwen/OFF,s207-rank6-d1-pos1,207,s207-rank6,accurate,1,False,long,True,0.0,False
Qwen/OFF,s207-rank6-d1-pos2,207,s207-rank6,background,1,True,default,False,0.006541666666666668,True
Qwen/OFF,s207-rank6-d1-pos2,207,s207-rank6,background,1,True,noise01,False,0.011666666666666492,True
Qwen/OFF,s207-rank6-d1-pos2,207,s207-rank6,background,1,True,long,False,4.166666666671759e-05,True
Qwen/OFF,s207-rank6-d1-pos3,207,s207-rank6,score,1,True,default,False,0.017125000000000057,False
Qwen/OFF,s207-rank6-d1-pos3,207,s207-rank6,score,1,True,noise01,False,0.0402083333333334,False
Qwen/OFF,s207-rank6-d1-pos3,207,s207-rank6,score,1,True,long,False,0.011562500000000142,False
Qwen/OFF,s207-rank6-d1-pos4,207,s207-rank6,mismatched,1,True,default,False,-0.00216666666666665,True
Qwen/OFF,s207-rank6-d1-pos4,207,s207-rank6,mismatched,1,True,noise01,False,0.016249999999999876,True
Qwen/OFF,s207-rank6-d1-pos4,207,s207-rank6,mismatched,1,True,long,False,-0.0321041666666666,True
Qwen/OFF,s200-rank1-d1-pos0,200,s200-rank1,mismatched,1,False,default,True,0.0,False
Qwen/OFF,s200-rank1-d1-pos0,200,s200-rank1,mismatched,1,False,noise01,True,0.0,False
Qwen/OFF,s200-rank1-d1-pos0,200,s200-rank1,mismatched,1,False,long,True,0.0,False
Qwen/OFF,s200-rank1-d1-pos1,200,s200-rank1,background,1,True,default,False,0.02124999999999999,True
Qwen/OFF,s200-rank1-d1-pos1,200,s200-rank1,background,1,True,noise01,False,0.024666666666666837,True
Qwen/OFF,s200-rank1-d1-pos1,200,s200-rank1,background,1,True,long,False,0.015104166666666918,True
Qwen/OFF,s200-rank1-d1-pos2,200,s200-rank1,cooperation,1,True,default,False,0.014291666666666591,True
Qwen/OFF,s200-rank1-d1-pos2,200,s200-rank1,cooperation,1,True,noise01,False,0.01595833333333374,True
Qwen/OFF,s200-rank1-d1-pos2,200,s200-rank1,cooperation,1,True,long,False,0.027562499999999934,True
Qwen/OFF,s200-rank1-d1-pos3,200,s200-rank1,accurate,1,True,default,False,-0.010791666666666533,False
Qwen/OFF,s200-rank1-d1-pos3,200,s200-rank1,accurate,1,True,noise01,False,-0.009333333333332972,False
Qwen/OFF,s200-rank1-d1-pos3,200,s200-rank1,accurate,1,True,long,False,-0.010166666666666435,False
Qwen/OFF,s200-rank1-d1-pos4,200,s200-rank1,score,1,True,default,False,0.005958333333333288,False
Qwen/OFF,s200-rank1-d1-pos4,200,s200-rank1,score,1,True,noise01,False,0.00783333333333358,False
Qwen/OFF,s200-rank1-d1-pos4,200,s200-rank1,score,1,True,long,False,-0.002583333333333382,False
Qwen/OFF,s216-rank3-d1-pos0,216,s216-rank3,mismatched,1,True,default,False,0.12049999999999961,True
Qwen/OFF,s216-rank3-d1-pos0,216,s216-rank3,mismatched,1,True,noise01,False,0.08949999999999991,True
Qwen/OFF,s216-rank3-d1-pos0,216,s216-rank3,mismatched,1,True,long,False,0.09937500000000021,True
Qwen/OFF,s216-rank3-d1-pos1,216,s216-rank3,accurate,1,True,default,False,0.07725000000000004,False
Qwen/OFF,s216-rank3-d1-pos1,216,s216-rank3,accurate,1,True,noise01,False,0.04312500000000008,False
Qwen/OFF,s216-rank3-d1-pos1,216,s216-rank3,accurate,1,True,long,False,0.03239583333333318,False
Qwen/OFF,s216-rank3-d1-pos2,216,s216-rank3,score,1,True,default,False,0.10420833333333324,True
Qwen/OFF,s216-rank3-d1-pos2,216,s216-rank3,score,1,True,noise01,False,0.07570833333333327,True
Qwen/OFF,s216-rank3-d1-pos2,216,s216-rank3,score,1,True,long,False,0.07141666666666646,True
Qwen/OFF,s216-rank3-d1-pos3,216,s216-rank3,background,1,True,default,False,0.06691666666666651,True
Qwen/OFF,s216-rank3-d1-pos3,216,s216-rank3,background,1,True,noise01,False,0.036833333333333496,True
Qwen/OFF,s216-rank3-d1-pos3,216,s216-rank3,background,1,True,long,False,-0.027604166666666874,True
Qwen/OFF,s216-rank3-d1-pos4,216,s216-rank3,cooperation,1,True,default,False,0.07395833333333335,True
Qwen/OFF,s216-rank3-d1-pos4,216,s216-rank3,cooperation,1,True,noise01,False,0.04833333333333356,True
Qwen/OFF,s216-rank3-d1-pos4,216,s216-rank3,cooperation,1,True,long,False,0.020604166666666757,True
Qwen/OFF,s210-rank3-d1-pos0,210,s210-rank3,background,1,True,default,False,-0.005624999999999991,False
Qwen/OFF,s210-rank3-d1-pos0,210,s210-rank3,background,1,True,noise01,False,-0.02516666666666678,False
Qwen/OFF,s210-rank3-d1-pos0,210,s210-rank3,background,1,True,long,False,0.007145833333333407,False
Qwen/OFF,s210-rank3-d1-pos1,210,s210-rank3,score,1,True,default,False,0.025208333333333055,False
Qwen/OFF,s210-rank3-d1-pos1,210,s210-rank3,score,1,True,noise01,False,0.05166666666666653,False
Qwen/OFF,s210-rank3-d1-pos1,210,s210-rank3,score,1,True,long,False,0.015708333333333213,False
Qwen/OFF,s210-rank3-d1-pos2,210,s210-rank3,cooperation,1,True,default,False,0.008124999999999716,False
Qwen/OFF,s210-rank3-d1-pos2,210,s210-rank3,cooperation,1,True,noise01,False,0.002958333333333174,False
Qwen/OFF,s210-rank3-d1-pos2,210,s210-rank3,cooperation,1,True,long,False,0.019041666666666623,False
Qwen/OFF,s210-rank3-d1-pos3,210,s210-rank3,accurate,1,True,default,False,0.12799999999999967,True
Qwen/OFF,s210-rank3-d1-pos3,210,s210-rank3,accurate,1,True,noise01,False,0.12045833333333311,True
Qwen/OFF,s210-rank3-d1-pos3,210,s210-rank3,accurate,1,True,long,False,0.06822916666666656,True
Qwen/OFF,s210-rank3-d1-pos4,210,s210-rank3,mismatched,1,True,default,False,0.07995833333333335,True
Qwen/OFF,s210-rank3-d1-pos4,210,s210-rank3,mismatched,1,True,noise01,False,0.10975000000000001,True
Qwen/OFF,s210-rank3-d1-pos4,210,s210-rank3,mismatched,1,True,long,False,0.05102083333333329,True
Qwen/OFF,s215-rank3-d1-pos0,215,s215-rank3,background,1,True,default,False,0.0005833333333333801,False
Qwen/OFF,s215-rank3-d1-pos0,215,s215-rank3,background,1,True,noise01,False,-0.002958333333333174,False
Qwen/OFF,s215-rank3-d1-pos0,215,s215-rank3,background,1,True,long,False,0.005895833333333433,False
Qwen/OFF,s215-rank3-d1-pos1,215,s215-rank3,accurate,1,True,default,False,0.000500000000000167,False
Qwen/OFF,s215-rank3-d1-pos1,215,s215-rank3,accurate,1,True,noise01,False,0.0024166666666667336,False
Qwen/OFF,s215-rank3-d1-pos1,215,s215-rank3,accurate,1,True,long,False,0.00681250000000011,False
Qwen/OFF,s215-rank3-d1-pos2,215,s215-rank3,mismatched,1,True,default,False,0.007958333333333512,False
Qwen/OFF,s215-rank3-d1-pos2,215,s215-rank3,mismatched,1,True,noise01,False,0.007208333333333261,False
Qwen/OFF,s215-rank3-d1-pos2,215,s215-rank3,mismatched,1,True,long,False,0.0104375000000001,False
Qwen/OFF,s215-rank3-d1-pos3,215,s215-rank3,cooperation,1,False,default,True,0.0,False
Qwen/OFF,s215-rank3-d1-pos3,215,s215-rank3,cooperation,1,False,noise01,True,0.0,False
Qwen/OFF,s215-rank3-d1-pos3,215,s215-rank3,cooperation,1,False,long,True,0.0,False
Qwen/OFF,s215-rank3-d1-pos4,215,s215-rank3,score,1,True,default,False,-0.02445833333333325,False
Qwen/OFF,s215-rank3-d1-pos4,215,s215-rank3,score,1,True,noise01,False,-0.02299999999999991,False
Qwen/OFF,s215-rank3-d1-pos4,215,s215-rank3,score,1,True,long,False,-0.05512500000000009,False
Qwen/OFF,s219-rank3-d1-pos0,219,s219-rank3,accurate,1,False,default,True,0.0,False
Qwen/OFF,s219-rank3-d1-pos0,219,s219-rank3,accurate,1,False,noise01,True,0.0,False
Qwen/OFF,s219-rank3-d1-pos0,219,s219-rank3,accurate,1,False,long,True,0.0,False
Qwen/OFF,s219-rank3-d1-pos1,219,s219-rank3,score,1,True,default,False,-0.01895833333333341,False
Qwen/OFF,s219-rank3-d1-pos1,219,s219-rank3,score,1,True,noise01,False,-0.013166666666666549,False
Qwen/OFF,s219-rank3-d1-pos1,219,s219-rank3,score,1,True,long,False,-0.025229166666666858,False
Qwen/OFF,s219-rank3-d1-pos2,219,s219-rank3,cooperation,1,True,default,False,0.0009166666666666767,False
Qwen/OFF,s219-rank3-d1-pos2,219,s219-rank3,cooperation,1,True,noise01,False,-0.011083333333333112,False
Qwen/OFF,s219-rank3-d1-pos2,219,s219-rank3,cooperation,1,True,long,False,0.031500000000000083,False
Qwen/OFF,s219-rank3-d1-pos3,219,s219-rank3,background,1,True,default,False,-0.07754166666666662,False
Qwen/OFF,s219-rank3-d1-pos3,219,s219-rank3,background,1,True,noise01,False,-0.08858333333333346,False
Qwen/OFF,s219-rank3-d1-pos3,219,s219-rank3,background,1,True,long,False,-0.11989583333333353,False
Qwen/OFF,s219-rank3-d1-pos4,219,s219-rank3,mismatched,1,True,default,False,0.0,False
Qwen/OFF,s219-rank3-d1-pos4,219,s219-rank3,mismatched,1,True,noise01,False,0.001291666666666691,False
Qwen/OFF,s219-rank3-d1-pos4,219,s219-rank3,mismatched,1,True,long,False,-2.0833333333358794e-05,False
Qwen/OFF,s212-rank3-d0-pos0,212,s212-rank3,accurate,0,True,default,False,0.0,False
Qwen/OFF,s212-rank3-d0-pos0,212,s212-rank3,accurate,0,True,noise01,False,0.015833333333333366,False
Qwen/OFF,s212-rank3-d0-pos0,212,s212-rank3,accurate,0,True,long,False,-0.03562500000000002,False
Qwen/OFF,s212-rank3-d0-pos1,212,s212-rank3,score,0,True,default,False,-0.03429166666666683,False
Qwen/OFF,s212-rank3-d0-pos1,212,s212-rank3,score,0,True,noise01,False,-0.023208333333333275,False
Qwen/OFF,s212-rank3-d0-pos1,212,s212-rank3,score,0,True,long,False,-0.12054166666666677,False
Qwen/OFF,s212-rank3-d0-pos2,212,s212-rank3,mismatched,0,True,default,False,0.028374999999999817,False
Qwen/OFF,s212-rank3-d0-pos2,212,s212-rank3,mismatched,0,True,noise01,False,0.04108333333333336,False
Qwen/OFF,s212-rank3-d0-pos2,212,s212-rank3,mismatched,0,True,long,False,-0.017625000000000224,False
Qwen/OFF,s212-rank3-d0-pos3,212,s212-rank3,background,0,True,default,False,-0.011500000000000066,False
Qwen/OFF,s212-rank3-d0-pos3,212,s212-rank3,background,0,True,noise01,False,-0.011541666666666783,False
Qwen/OFF,s212-rank3-d0-pos3,212,s212-rank3,background,0,True,long,False,-0.05835416666666671,False
Qwen/OFF,s212-rank3-d0-pos4,212,s212-rank3,cooperation,0,True,default,False,0.04037500000000005,False
Qwen/OFF,s212-rank3-d0-pos4,212,s212-rank3,cooperation,0,True,noise01,False,0.04525000000000001,False
Qwen/OFF,s212-rank3-d0-pos4,212,s212-rank3,cooperation,0,True,long,False,-0.04241666666666677,False
Qwen/OFF,s215-rank3-d0-pos0,215,s215-rank3,background,0,True,default,False,0.028750000000000053,True
Qwen/OFF,s215-rank3-d0-pos0,215,s215-rank3,background,0,True,noise01,False,0.02604166666666674,True
Qwen/OFF,s215-rank3-d0-pos0,215,s215-rank3,background,0,True,long,False,0.020895833333333336,True
Qwen/OFF,s215-rank3-d0-pos1,215,s215-rank3,accurate,0,True,default,False,-0.06774999999999998,False
Qwen/OFF,s215-rank3-d0-pos1,215,s215-rank3,accurate,0,True,noise01,False,-0.024624999999999897,False
Qwen/OFF,s215-rank3-d0-pos1,215,s215-rank3,accurate,0,True,long,False,-0.03300000000000014,False
Qwen/OFF,s215-rank3-d0-pos2,215,s215-rank3,mismatched,0,True,default,False,0.07308333333333339,True
Qwen/OFF,s215-rank3-d0-pos2,215,s215-rank3,mismatched,0,True,noise01,False,0.07341666666666669,True
Qwen/OFF,s215-rank3-d0-pos2,215,s215-rank3,mismatched,0,True,long,False,0.059854166666666986,True
Qwen/OFF,s215-rank3-d0-pos3,215,s215-rank3,cooperation,0,True,default,False,-0.0127083333333331,False
Qwen/OFF,s215-rank3-d0-pos3,215,s215-rank3,cooperation,0,True,noise01,False,-0.007374999999999909,False
Qwen/OFF,s215-rank3-d0-pos3,215,s215-rank3,cooperation,0,True,long,False,-0.010999999999999899,False
Qwen/OFF,s215-rank3-d0-pos4,215,s215-rank3,score,0,True,default,False,0.0035416666666669983,True
Qwen/OFF,s215-rank3-d0-pos4,215,s215-rank3,score,0,True,noise01,False,0.011125000000000052,True
Qwen/OFF,s215-rank3-d0-pos4,215,s215-rank3,score,0,True,long,False,-2.0833333333358794e-05,True
Qwen/OFF,s208-rank6-d0-pos0,208,s208-rank6,score,0,True,default,False,0.033666666666666734,True
Qwen/OFF,s208-rank6-d0-pos0,208,s208-rank6,score,0,True,noise01,False,0.046791666666666565,True
Qwen/OFF,s208-rank6-d0-pos0,208,s208-rank6,score,0,True,long,False,0.02733333333333343,True
Qwen/OFF,s208-rank6-d0-pos1,208,s208-rank6,background,0,True,default,False,-0.06395833333333312,False
Qwen/OFF,s208-rank6-d0-pos1,208,s208-rank6,background,0,True,noise01,False,-0.03337499999999993,False
Qwen/OFF,s208-rank6-d0-pos1,208,s208-rank6,background,0,True,long,False,-0.08224999999999993,False
Qwen/OFF,s208-rank6-d0-pos2,208,s208-rank6,cooperation,0,True,default,False,0.046875,True
Qwen/OFF,s208-rank6-d0-pos2,208,s208-rank6,cooperation,0,True,noise01,False,0.06091666666666673,True
Qwen/OFF,s208-rank6-d0-pos2,208,s208-rank6,cooperation,0,True,long,False,0.0008333333333332416,True
Qwen/OFF,s208-rank6-d0-pos3,208,s208-rank6,mismatched,0,True,default,False,0.04004166666666653,False
Qwen/OFF,s208-rank6-d0-pos3,208,s208-rank6,mismatched,0,True,noise01,False,0.04650000000000021,False
Qwen/OFF,s208-rank6-d0-pos3,208,s208-rank6,mismatched,0,True,long,False,0.03349999999999986,False
Qwen/OFF,s208-rank6-d0-pos4,208,s208-rank6,accurate,0,True,default,False,0.04004166666666653,False
Qwen/OFF,s208-rank6-d0-pos4,208,s208-rank6,accurate,0,True,noise01,False,0.04650000000000021,False
Qwen/OFF,s208-rank6-d0-pos4,208,s208-rank6,accurate,0,True,long,False,0.03349999999999986,False
Qwen/OFF,s209-rank3-d0-pos0,209,s209-rank3,mismatched,0,True,default,False,0.006333333333333524,False
Qwen/OFF,s209-rank3-d0-pos0,209,s209-rank3,mismatched,0,True,noise01,False,0.005374999999999908,False
Qwen/OFF,s209-rank3-d0-pos0,209,s209-rank3,mismatched,0,True,long,False,0.014083333333333448,False
Qwen/OFF,s209-rank3-d0-pos1,209,s209-rank3,background,0,True,default,False,0.019166666666666776,False
Qwen/OFF,s209-rank3-d0-pos1,209,s209-rank3,background,0,True,noise01,False,0.028833333333333266,False
Qwen/OFF,s209-rank3-d0-pos1,209,s209-rank3,background,0,True,long,False,0.017645833333333583,False
Qwen/OFF,s209-rank3-d0-pos2,209,s209-rank3,accurate,0,True,default,False,0.029458333333333364,True
Qwen/OFF,s209-rank3-d0-pos2,209,s209-rank3,accurate,0,True,noise01,False,0.04045833333333326,True
Qwen/OFF,s209-rank3-d0-pos2,209,s209-rank3,accurate,0,True,long,False,0.04168750000000032,True
Qwen/OFF,s209-rank3-d0-pos3,209,s209-rank3,score,0,True,default,False,0.06854166666666694,True
Qwen/OFF,s209-rank3-d0-pos3,209,s209-rank3,score,0,True,noise01,False,0.07816666666666672,True
Qwen/OFF,s209-rank3-d0-pos3,209,s209-rank3,score,0,True,long,False,0.08920833333333378,True
Qwen/OFF,s209-rank3-d0-pos4,209,s209-rank3,cooperation,0,True,default,False,-0.0011249999999998206,False
Qwen/OFF,s209-rank3-d0-pos4,209,s209-rank3,cooperation,0,True,noise01,False,0.014083333333333226,False
Qwen/OFF,s209-rank3-d0-pos4,209,s209-rank3,cooperation,0,True,long,False,0.018333333333333535,False
Qwen/OFF,s211-rank1-d1-pos0,211,s211-rank1,mismatched,1,True,default,False,0.03879166666666656,False
Qwen/OFF,s211-rank1-d1-pos0,211,s211-rank1,mismatched,1,True,noise01,False,0.07229166666666664,False
Qwen/OFF,s211-rank1-d1-pos0,211,s211-rank1,mismatched,1,True,long,False,0.042916666666666714,False
Qwen/OFF,s211-rank1-d1-pos1,211,s211-rank1,accurate,1,True,default,False,0.007416666666666627,True
Qwen/OFF,s211-rank1-d1-pos1,211,s211-rank1,accurate,1,True,noise01,False,0.061750000000000194,True
Qwen/OFF,s211-rank1-d1-pos1,211,s211-rank1,accurate,1,True,long,False,0.025958333333333306,True
Qwen/OFF,s211-rank1-d1-pos2,211,s211-rank1,cooperation,1,True,default,False,0.017208333333333492,False
Qwen/OFF,s211-rank1-d1-pos2,211,s211-rank1,cooperation,1,True,noise01,False,0.05241666666666678,False
Qwen/OFF,s211-rank1-d1-pos2,211,s211-rank1,cooperation,1,True,long,False,0.045500000000000096,False
Qwen/OFF,s211-rank1-d1-pos3,211,s211-rank1,score,1,True,default,False,0.018749999999999822,False
Qwen/OFF,s211-rank1-d1-pos3,211,s211-rank1,score,1,True,noise01,False,0.05529166666666674,False
Qwen/OFF,s211-rank1-d1-pos3,211,s211-rank1,score,1,True,long,False,0.036812499999999915,False
Qwen/OFF,s211-rank1-d1-pos4,211,s211-rank1,background,1,True,default,False,0.04254166666666648,True
Qwen/OFF,s211-rank1-d1-pos4,211,s211-rank1,background,1,True,noise01,False,0.07341666666666669,True
Qwen/OFF,s211-rank1-d1-pos4,211,s211-rank1,background,1,True,long,False,0.06035416666666693,True
Qwen/OFF,s218-rank6-d1-pos0,218,s218-rank6,cooperation,1,True,default,False,0.05541666666666645,False
Qwen/OFF,s218-rank6-d1-pos0,218,s218-rank6,cooperation,1,True,noise01,False,0.05279166666666657,False
Qwen/OFF,s218-rank6-d1-pos0,218,s218-rank6,cooperation,1,True,long,False,0.1058958333333333,False
Qwen/OFF,s218-rank6-d1-pos1,218,s218-rank6,accurate,1,True,default,False,0.12041666666666662,True
Qwen/OFF,s218-rank6-d1-pos1,218,s218-rank6,accurate,1,True,noise01,False,0.10429166666666667,True
Qwen/OFF,s218-rank6-d1-pos1,218,s218-rank6,accurate,1,True,long,False,0.15320833333333317,True
Qwen/OFF,s218-rank6-d1-pos2,218,s218-rank6,score,1,True,default,False,0.134625,True
Qwen/OFF,s218-rank6-d1-pos2,218,s218-rank6,score,1,True,noise01,False,0.10512500000000014,True
Qwen/OFF,s218-rank6-d1-pos2,218,s218-rank6,score,1,True,long,False,0.1415833333333334,True
Qwen/OFF,s218-rank6-d1-pos3,218,s218-rank6,mismatched,1,True,default,False,0.10149999999999992,False
Qwen/OFF,s218-rank6-d1-pos3,218,s218-rank6,mismatched,1,True,noise01,False,0.07516666666666683,False
Qwen/OFF,s218-rank6-d1-pos3,218,s218-rank6,mismatched,1,True,long,False,0.12252083333333341,False
Qwen/OFF,s218-rank6-d1-pos4,218,s218-rank6,background,1,True,default,False,0.1090833333333332,True
Qwen/OFF,s218-rank6-d1-pos4,218,s218-rank6,background,1,True,noise01,False,0.08850000000000025,True
Qwen/OFF,s218-rank6-d1-pos4,218,s218-rank6,background,1,True,long,False,0.1332291666666665,True
Qwen/OFF,s216-rank6-d0-pos0,216,s216-rank6,mismatched,0,True,default,False,0.055791666666666684,False
Qwen/OFF,s216-rank6-d0-pos0,216,s216-rank6,mismatched,0,True,noise01,False,0.052583333333333426,False
Qwen/OFF,s216-rank6-d0-pos0,216,s216-rank6,mismatched,0,True,long,False,0.06164583333333318,False
Qwen/OFF,s216-rank6-d0-pos1,216,s216-rank6,accurate,0,True,default,False,0.011125000000000052,False
Qwen/OFF,s216-rank6-d0-pos1,216,s216-rank6,accurate,0,True,noise01,False,0.011333333333333417,False
Qwen/OFF,s216-rank6-d0-pos1,216,s216-rank6,accurate,0,True,long,False,0.007354166666666773,False
Qwen/OFF,s216-rank6-d0-pos2,216,s216-rank6,score,0,True,default,False,0.3307083333333336,True
Qwen/OFF,s216-rank6-d0-pos2,216,s216-rank6,score,0,True,noise01,False,0.30504166666666666,True
Qwen/OFF,s216-rank6-d0-pos2,216,s216-rank6,score,0,True,long,False,0.19477083333333334,True
Qwen/OFF,s216-rank6-d0-pos3,216,s216-rank6,background,0,True,default,False,0.08495833333333347,True
Qwen/OFF,s216-rank6-d0-pos3,216,s216-rank6,background,0,True,noise01,False,0.06358333333333355,True
Qwen/OFF,s216-rank6-d0-pos3,216,s216-rank6,background,0,True,long,False,0.0738333333333332,True
Qwen/OFF,s216-rank6-d0-pos4,216,s216-rank6,cooperation,0,True,default,False,0.01779166666666665,False
Qwen/OFF,s216-rank6-d0-pos4,216,s216-rank6,cooperation,0,True,noise01,False,0.008874999999999966,False
Qwen/OFF,s216-rank6-d0-pos4,216,s216-rank6,cooperation,0,True,long,False,0.056354166666666705,False
Qwen/OFF,s210-rank1-d1-pos0,210,s210-rank1,background,1,True,default,False,0.07637500000000008,True
Qwen/OFF,s210-rank1-d1-pos0,210,s210-rank1,background,1,True,noise01,False,0.05458333333333365,True
Qwen/OFF,s210-rank1-d1-pos0,210,s210-rank1,background,1,True,long,False,0.010999999999999899,True
Qwen/OFF,s210-rank1-d1-pos1,210,s210-rank1,score,1,True,default,False,-0.009124999999999828,False
Qwen/OFF,s210-rank1-d1-pos1,210,s210-rank1,score,1,True,noise01,False,-0.005249999999999755,False
Qwen/OFF,s210-rank1-d1-pos1,210,s210-rank1,score,1,True,long,False,-0.020583333333333398,False
Qwen/OFF,s210-rank1-d1-pos2,210,s210-rank1,cooperation,1,True,default,False,0.004458333333333231,False
Qwen/OFF,s210-rank1-d1-pos2,210,s210-rank1,cooperation,1,True,noise01,False,0.0008750000000001812,False
Qwen/OFF,s210-rank1-d1-pos2,210,s210-rank1,cooperation,1,True,long,False,-0.008708333333333318,False
Qwen/OFF,s210-rank1-d1-pos3,210,s210-rank1,accurate,1,True,default,False,-0.010874999999999968,True
Qwen/OFF,s210-rank1-d1-pos3,210,s210-rank1,accurate,1,True,noise01,False,-0.009333333333332972,True
Qwen/OFF,s210-rank1-d1-pos3,210,s210-rank1,accurate,1,True,long,False,0.002874999999999961,True
Qwen/OFF,s210-rank1-d1-pos4,210,s210-rank1,mismatched,1,True,default,False,0.00954166666666656,False
Qwen/OFF,s210-rank1-d1-pos4,210,s210-rank1,mismatched,1,True,noise01,False,-0.004999999999999893,False
Qwen/OFF,s210-rank1-d1-pos4,210,s210-rank1,mismatched,1,True,long,False,0.0033333333333334103,False
Qwen/OFF,s211-rank3-d0-pos0,211,s211-rank3,mismatched,0,True,default,False,0.012625000000000108,True
Qwen/OFF,s211-rank3-d0-pos0,211,s211-rank3,mismatched,0,True,noise01,False,0.05033333333333334,True
Qwen/OFF,s211-rank3-d0-pos0,211,s211-rank3,mismatched,0,True,long,False,0.050416666666666554,True
Qwen/OFF,s211-rank3-d0-pos1,211,s211-rank3,accurate,0,True,default,False,0.03600000000000003,True
Qwen/OFF,s211-rank3-d0-pos1,211,s211-rank3,accurate,0,True,noise01,False,0.06837500000000007,True
Qwen/OFF,s211-rank3-d0-pos1,211,s211-rank3,accurate,0,True,long,False,0.04666666666666641,True
Qwen/OFF,s211-rank3-d0-pos2,211,s211-rank3,cooperation,0,True,default,False,0.014875000000000194,True
Qwen/OFF,s211-rank3-d0-pos2,211,s211-rank3,cooperation,0,True,noise01,False,0.05020833333333341,True
Qwen/OFF,s211-rank3-d0-pos2,211,s211-rank3,cooperation,0,True,long,False,0.05456249999999985,True
Qwen/OFF,s211-rank3-d0-pos3,211,s211-rank3,score,0,False,default,True,0.0,False
Qwen/OFF,s211-rank3-d0-pos3,211,s211-rank3,score,0,False,noise01,True,0.0,False
Qwen/OFF,s211-rank3-d0-pos3,211,s211-rank3,score,0,False,long,True,0.0,False
Qwen/OFF,s211-rank3-d0-pos4,211,s211-rank3,background,0,True,default,False,-0.08420833333333322,False
Qwen/OFF,s211-rank3-d0-pos4,211,s211-rank3,background,0,True,noise01,False,-0.023375000000000146,False
Qwen/OFF,s211-rank3-d0-pos4,211,s211-rank3,background,0,True,long,False,-0.04225000000000034,False
Qwen/OFF,s204-rank3-d1-pos0,204,s204-rank3,score,1,True,default,False,-0.008499999999999952,True
Qwen/OFF,s204-rank3-d1-pos0,204,s204-rank3,score,1,True,noise01,False,0.011083333333333112,True
Qwen/OFF,s204-rank3-d1-pos0,204,s204-rank3,score,1,True,long,False,0.007458333333333345,True
Qwen/OFF,s204-rank3-d1-pos1,204,s204-rank3,mismatched,1,True,default,False,0.048958333333333215,True
Qwen/OFF,s204-rank3-d1-pos1,204,s204-rank3,mismatched,1,True,noise01,False,0.042166666666666686,True
Qwen/OFF,s204-rank3-d1-pos1,204,s204-rank3,mismatched,1,True,long,False,0.029437500000000005,True
Qwen/OFF,s204-rank3-d1-pos2,204,s204-rank3,cooperation,1,True,default,False,0.015416666666666856,False
Qwen/OFF,s204-rank3-d1-pos2,204,s204-rank3,cooperation,1,True,noise01,False,0.019625000000000004,False
Qwen/OFF,s204-rank3-d1-pos2,204,s204-rank3,cooperation,1,True,long,False,0.013270833333333343,False
Qwen/OFF,s204-rank3-d1-pos3,204,s204-rank3,accurate,1,True,default,False,0.002000000000000224,False
Qwen/OFF,s204-rank3-d1-pos3,204,s204-rank3,accurate,1,True,noise01,False,0.01862499999999989,False
Qwen/OFF,s204-rank3-d1-pos3,204,s204-rank3,accurate,1,True,long,False,0.013062500000000199,False
Qwen/OFF,s204-rank3-d1-pos4,204,s204-rank3,background,1,True,default,False,-0.005916666666666792,False
Qwen/OFF,s204-rank3-d1-pos4,204,s204-rank3,background,1,True,noise01,False,0.0044999999999999485,False
Qwen/OFF,s204-rank3-d1-pos4,204,s204-rank3,background,1,True,long,False,0.002583333333333382,False
Qwen/OFF,s217-rank6-d1-pos0,217,s217-rank6,accurate,1,True,default,False,0.02358333333333351,True
Qwen/OFF,s217-rank6-d1-pos0,217,s217-rank6,accurate,1,True,noise01,False,-0.0030000000000001137,True
Qwen/OFF,s217-rank6-d1-pos0,217,s217-rank6,accurate,1,True,long,False,0.10052083333333317,True
Qwen/OFF,s217-rank6-d1-pos1,217,s217-rank6,mismatched,1,True,default,False,0.014125000000000165,True
Qwen/OFF,s217-rank6-d1-pos1,217,s217-rank6,mismatched,1,True,noise01,False,0.0032916666666669148,True
Qwen/OFF,s217-rank6-d1-pos1,217,s217-rank6,mismatched,1,True,long,False,0.10000000000000009,True
Qwen/OFF,s217-rank6-d1-pos2,217,s217-rank6,cooperation,1,True,default,False,0.013124999999999831,False
Qwen/OFF,s217-rank6-d1-pos2,217,s217-rank6,cooperation,1,True,noise01,False,0.006833333333333469,False
Qwen/OFF,s217-rank6-d1-pos2,217,s217-rank6,cooperation,1,True,long,False,0.09939583333333335,False
Qwen/OFF,s217-rank6-d1-pos3,217,s217-rank6,background,1,True,default,False,0.03154166666666658,True
Qwen/OFF,s217-rank6-d1-pos3,217,s217-rank6,background,1,True,noise01,False,0.0007500000000000284,True
Qwen/OFF,s217-rank6-d1-pos3,217,s217-rank6,background,1,True,long,False,0.10262499999999997,True
Qwen/OFF,s217-rank6-d1-pos4,217,s217-rank6,score,1,True,default,False,0.05020833333333341,True
Qwen/OFF,s217-rank6-d1-pos4,217,s217-rank6,score,1,True,noise01,False,0.04254166666666648,True
Qwen/OFF,s217-rank6-d1-pos4,217,s217-rank6,score,1,True,long,False,0.11850000000000005,True
Qwen/OFF,s215-rank6-d0-pos0,215,s215-rank6,background,0,True,default,False,0.17704166666666676,False
Qwen/OFF,s215-rank6-d0-pos0,215,s215-rank6,background,0,True,noise01,False,0.17800000000000016,False
Qwen/OFF,s215-rank6-d0-pos0,215,s215-rank6,background,0,True,long,False,0.13850000000000007,False
Qwen/OFF,s215-rank6-d0-pos1,215,s215-rank6,accurate,0,True,default,False,0.1691666666666669,True
Qwen/OFF,s215-rank6-d0-pos1,215,s215-rank6,accurate,0,True,noise01,False,0.20166666666666688,True
Qwen/OFF,s215-rank6-d0-pos1,215,s215-rank6,accurate,0,True,long,False,0.19410416666666674,True
Qwen/OFF,s215-rank6-d0-pos2,215,s215-rank6,mismatched,0,True,default,False,0.18354166666666671,True
Qwen/OFF,s215-rank6-d0-pos2,215,s215-rank6,mismatched,0,True,noise01,False,0.1913750000000003,True
Qwen/OFF,s215-rank6-d0-pos2,215,s215-rank6,mismatched,0,True,long,False,0.16872916666666682,True
Qwen/OFF,s215-rank6-d0-pos3,215,s215-rank6,cooperation,0,True,default,False,0.3055416666666668,True
Qwen/OFF,s215-rank6-d0-pos3,215,s215-rank6,cooperation,0,True,noise01,False,0.2921666666666669,True
Qwen/OFF,s215-rank6-d0-pos3,215,s215-rank6,cooperation,0,True,long,False,0.3537083333333333,True
Qwen/OFF,s215-rank6-d0-pos4,215,s215-rank6,score,0,True,default,False,0.15466666666666673,False
Qwen/OFF,s215-rank6-d0-pos4,215,s215-rank6,score,0,True,noise01,False,0.19400000000000017,False
Qwen/OFF,s215-rank6-d0-pos4,215,s215-rank6,score,0,True,long,False,0.1424791666666667,False
Qwen/OFF,s200-rank1-d0-pos0,200,s200-rank1,mismatched,0,True,default,False,-0.005916666666666792,True
Qwen/OFF,s200-rank1-d0-pos0,200,s200-rank1,mismatched,0,True,noise01,False,-0.0037916666666666377,True
Qwen/OFF,s200-rank1-d0-pos0,200,s200-rank1,mismatched,0,True,long,False,-0.046083333333333254,True
Qwen/OFF,s200-rank1-d0-pos1,200,s200-rank1,background,0,True,default,False,-0.060124999999999984,False
Qwen/OFF,s200-rank1-d0-pos1,200,s200-rank1,background,0,True,noise01,False,-0.052124999999999755,False
Qwen/OFF,s200-rank1-d0-pos1,200,s200-rank1,background,0,True,long,False,-0.03997916666666668,False
Qwen/OFF,s200-rank1-d0-pos2,200,s200-rank1,cooperation,0,True,default,False,0.02587499999999987,False
Qwen/OFF,s200-rank1-d0-pos2,200,s200-rank1,cooperation,0,True,noise01,False,0.03312500000000029,False
Qwen/OFF,s200-rank1-d0-pos2,200,s200-rank1,cooperation,0,True,long,False,0.015541666666666787,False
Qwen/OFF,s200-rank1-d0-pos3,200,s200-rank1,accurate,0,True,default,False,0.03845833333333326,True
Qwen/OFF,s200-rank1-d0-pos3,200,s200-rank1,accurate,0,True,noise01,False,0.0422083333333334,True
Qwen/OFF,s200-rank1-d0-pos3,200,s200-rank1,accurate,0,True,long,False,0.06297916666666681,True
Qwen/OFF,s200-rank1-d0-pos4,200,s200-rank1,score,0,True,default,False,0.007333333333333414,True
Qwen/OFF,s200-rank1-d0-pos4,200,s200-rank1,score,0,True,noise01,False,0.016000000000000236,True
Qwen/OFF,s200-rank1-d0-pos4,200,s200-rank1,score,0,True,long,False,0.007208333333333261,True
Qwen/OFF,s218-rank1-d0-pos0,218,s218-rank1,cooperation,0,True,default,False,-0.024541666666666684,False
Qwen/OFF,s218-rank1-d0-pos0,218,s218-rank1,cooperation,0,True,noise01,False,-0.03916666666666657,False
Qwen/OFF,s218-rank1-d0-pos0,218,s218-rank1,cooperation,0,True,long,False,0.0885208333333336,False
Qwen/OFF,s218-rank1-d0-pos1,218,s218-rank1,accurate,0,True,default,False,-0.01879166666666654,False
Qwen/OFF,s218-rank1-d0-pos1,218,s218-rank1,accurate,0,True,noise01,False,-0.017833333333332924,False
Qwen/OFF,s218-rank1-d0-pos1,218,s218-rank1,accurate,0,True,long,False,0.06120833333333331,False
Qwen/OFF,s218-rank1-d0-pos2,218,s218-rank1,score,0,True,default,False,-0.022499999999999964,False
Qwen/OFF,s218-rank1-d0-pos2,218,s218-rank1,score,0,True,noise01,False,-0.03387499999999988,False
Qwen/OFF,s218-rank1-d0-pos2,218,s218-rank1,score,0,True,long,False,0.05656250000000007,False
Qwen/OFF,s218-rank1-d0-pos3,218,s218-rank1,mismatched,0,True,default,False,-0.01983333333333337,False
Qwen/OFF,s218-rank1-d0-pos3,218,s218-rank1,mismatched,0,True,noise01,False,-0.027249999999999996,False
Qwen/OFF,s218-rank1-d0-pos3,218,s218-rank1,mismatched,0,True,long,False,0.0693541666666666,False
Qwen/OFF,s218-rank1-d0-pos4,218,s218-rank1,background,0,False,default,True,0.0,False
Qwen/OFF,s218-rank1-d0-pos4,218,s218-rank1,background,0,False,noise01,True,0.0,False
Qwen/OFF,s218-rank1-d0-pos4,218,s218-rank1,background,0,False,long,True,0.0,False
Qwen/OFF,s219-rank1-d1-pos0,219,s219-rank1,accurate,1,True,default,False,0.02124999999999999,False
Qwen/OFF,s219-rank1-d1-pos0,219,s219-rank1,accurate,1,True,noise01,False,0.00912500000000005,False
Qwen/OFF,s219-rank1-d1-pos0,219,s219-rank1,accurate,1,True,long,False,0.010124999999999718,False
Qwen/OFF,s219-rank1-d1-pos1,219,s219-rank1,score,1,True,default,False,-0.0026249999999998774,False
Qwen/OFF,s219-rank1-d1-pos1,219,s219-rank1,score,1,True,noise01,False,0.00975000000000037,False
Qwen/OFF,s219-rank1-d1-pos1,219,s219-rank1,score,1,True,long,False,-0.041062500000000224,False
Qwen/OFF,s219-rank1-d1-pos2,219,s219-rank1,cooperation,1,True,default,False,0.10208333333333353,True
Qwen/OFF,s219-rank1-d1-pos2,219,s219-rank1,cooperation,1,True,noise01,False,0.09629166666666666,True
Qwen/OFF,s219-rank1-d1-pos2,219,s219-rank1,cooperation,1,True,long,False,0.03433333333333333,True
Qwen/OFF,s219-rank1-d1-pos3,219,s219-rank1,background,1,True,default,False,0.03233333333333355,False
Qwen/OFF,s219-rank1-d1-pos3,219,s219-rank1,background,1,True,noise01,False,0.03762500000000002,False
Qwen/OFF,s219-rank1-d1-pos3,219,s219-rank1,background,1,True,long,False,0.0032291666666663943,False
Qwen/OFF,s219-rank1-d1-pos4,219,s219-rank1,mismatched,1,True,default,False,0.0405000000000002,False
Qwen/OFF,s219-rank1-d1-pos4,219,s219-rank1,mismatched,1,True,noise01,False,0.038000000000000256,False
Qwen/OFF,s219-rank1-d1-pos4,219,s219-rank1,mismatched,1,True,long,False,0.010062499999999863,False
Qwen/OFF,s214-rank3-d1-pos0,214,s214-rank3,mismatched,1,True,default,False,0.0,False
Qwen/OFF,s214-rank3-d1-pos0,214,s214-rank3,mismatched,1,True,noise01,False,0.0,False
Qwen/OFF,s214-rank3-d1-pos0,214,s214-rank3,mismatched,1,True,long,False,0.0,False
Qwen/OFF,s214-rank3-d1-pos1,214,s214-rank3,background,1,True,default,False,0.023083333333333345,True
Qwen/OFF,s214-rank3-d1-pos1,214,s214-rank3,background,1,True,noise01,False,0.016000000000000236,True
Qwen/OFF,s214-rank3-d1-pos1,214,s214-rank3,background,1,True,long,False,-0.021874999999999867,True
Qwen/OFF,s214-rank3-d1-pos2,214,s214-rank3,accurate,1,True,default,False,-0.004791666666666972,False
Qwen/OFF,s214-rank3-d1-pos2,214,s214-rank3,accurate,1,True,noise01,False,0.001083333333333547,False
Qwen/OFF,s214-rank3-d1-pos2,214,s214-rank3,accurate,1,True,long,False,-0.023187499999999917,False
Qwen/OFF,s214-rank3-d1-pos3,214,s214-rank3,score,1,True,default,False,0.01387499999999986,False
Qwen/OFF,s214-rank3-d1-pos3,214,s214-rank3,score,1,True,noise01,False,0.023250000000000215,False
Qwen/OFF,s214-rank3-d1-pos3,214,s214-rank3,score,1,True,long,False,0.029583333333333517,False
Qwen/OFF,s214-rank3-d1-pos4,214,s214-rank3,cooperation,1,True,default,False,0.1370416666666665,True
Qwen/OFF,s214-rank3-d1-pos4,214,s214-rank3,cooperation,1,True,noise01,False,0.14237500000000014,True
Qwen/OFF,s214-rank3-d1-pos4,214,s214-rank3,cooperation,1,True,long,False,0.10329166666666678,True
Qwen/OFF,s219-rank3-d0-pos0,219,s219-rank3,accurate,0,True,default,False,0.01908333333333334,True
Qwen/OFF,s219-rank3-d0-pos0,219,s219-rank3,accurate,0,True,noise01,False,0.008916666666666462,True
Qwen/OFF,s219-rank3-d0-pos0,219,s219-rank3,accurate,0,True,long,False,-0.00827083333333345,True
Qwen/OFF,s219-rank3-d0-pos1,219,s219-rank3,score,0,True,default,False,0.1299583333333334,True
Qwen/OFF,s219-rank3-d0-pos1,219,s219-rank3,score,0,True,noise01,False,0.111375,True
Qwen/OFF,s219-rank3-d0-pos1,219,s219-rank3,score,0,True,long,False,0.040291666666666615,True
Qwen/OFF,s219-rank3-d0-pos2,219,s219-rank3,cooperation,0,True,default,False,0.013666666666666716,True
Qwen/OFF,s219-rank3-d0-pos2,219,s219-rank3,cooperation,0,True,noise01,False,-0.0019166666666665666,True
Qwen/OFF,s219-rank3-d0-pos2,219,s219-rank3,cooperation,0,True,long,False,-0.029604166666666876,True
Qwen/OFF,s219-rank3-d0-pos3,219,s219-rank3,background,0,False,default,True,0.0,False
Qwen/OFF,s219-rank3-d0-pos3,219,s219-rank3,background,0,False,noise01,True,0.0,False
Qwen/OFF,s219-rank3-d0-pos3,219,s219-rank3,background,0,False,long,True,0.0,False
Qwen/OFF,s219-rank3-d0-pos4,219,s219-rank3,mismatched,0,True,default,False,0.007041666666666613,True
Qwen/OFF,s219-rank3-d0-pos4,219,s219-rank3,mismatched,0,True,noise01,False,0.004208333333333147,True
Qwen/OFF,s219-rank3-d0-pos4,219,s219-rank3,mismatched,0,True,long,False,0.0020416666666667194,True
Qwen/OFF,s216-rank1-d1-pos0,216,s216-rank1,mismatched,1,True,default,False,0.022750000000000048,True
Qwen/OFF,s216-rank1-d1-pos0,216,s216-rank1,mismatched,1,True,noise01,False,0.011041666666666838,True
Qwen/OFF,s216-rank1-d1-pos0,216,s216-rank1,mismatched,1,True,long,False,0.03589583333333324,True
Qwen/OFF,s216-rank1-d1-pos1,216,s216-rank1,accurate,1,True,default,False,0.02866666666666684,False
Qwen/OFF,s216-rank1-d1-pos1,216,s216-rank1,accurate,1,True,noise01,False,-0.004166666666666652,False
Qwen/OFF,s216-rank1-d1-pos1,216,s216-rank1,accurate,1,True,long,True,0.0,False
Qwen/OFF,s216-rank1-d1-pos2,216,s216-rank1,score,1,True,default,False,-0.0033333333333331883,False
Qwen/OFF,s216-rank1-d1-pos2,216,s216-rank1,score,1,True,noise01,False,-0.023500000000000076,False
Qwen/OFF,s216-rank1-d1-pos2,216,s216-rank1,score,1,True,long,False,0.0002083333333333659,False
Qwen/OFF,s216-rank1-d1-pos3,216,s216-rank1,background,1,True,default,False,0.11724999999999985,True
Qwen/OFF,s216-rank1-d1-pos3,216,s216-rank1,background,1,True,noise01,False,0.09124999999999983,True
Qwen/OFF,s216-rank1-d1-pos3,216,s216-rank1,background,1,True,long,False,0.06504166666666644,True
Qwen/OFF,s216-rank1-d1-pos4,216,s216-rank1,cooperation,1,True,default,False,0.009791666666666865,True
Qwen/OFF,s216-rank1-d1-pos4,216,s216-rank1,cooperation,1,True,noise01,False,-0.010583333333333389,True
Qwen/OFF,s216-rank1-d1-pos4,216,s216-rank1,cooperation,1,True,long,False,0.009166666666666767,True
Qwen/OFF,s201-rank6-d1-pos0,201,s201-rank6,accurate,1,False,default,True,0.0,False
Qwen/OFF,s201-rank6-d1-pos0,201,s201-rank6,accurate,1,False,noise01,True,0.0,False
Qwen/OFF,s201-rank6-d1-pos0,201,s201-rank6,accurate,1,False,long,True,0.0,False
Qwen/OFF,s201-rank6-d1-pos1,201,s201-rank6,cooperation,1,True,default,False,0.0974999999999997,True
Qwen/OFF,s201-rank6-d1-pos1,201,s201-rank6,cooperation,1,True,noise01,False,0.08841666666666659,True
Qwen/OFF,s201-rank6-d1-pos1,201,s201-rank6,cooperation,1,True,long,False,0.07822916666666657,True
Qwen/OFF,s201-rank6-d1-pos2,201,s201-rank6,score,1,True,default,False,0.10291666666666677,True
Qwen/OFF,s201-rank6-d1-pos2,201,s201-rank6,score,1,True,noise01,False,0.11762499999999987,True
Qwen/OFF,s201-rank6-d1-pos2,201,s201-rank6,score,1,True,long,False,0.06822916666666656,True
Qwen/OFF,s201-rank6-d1-pos3,201,s201-rank6,mismatched,1,True,default,False,0.1017916666666665,False
Qwen/OFF,s201-rank6-d1-pos3,201,s201-rank6,mismatched,1,True,noise01,False,0.10158333333333314,False
Qwen/OFF,s201-rank6-d1-pos3,201,s201-rank6,mismatched,1,True,long,False,0.09914583333333327,False
Qwen/OFF,s201-rank6-d1-pos4,201,s201-rank6,background,1,True,default,False,0.09875000000000012,True
Qwen/OFF,s201-rank6-d1-pos4,201,s201-rank6,background,1,True,noise01,False,0.14029166666666648,True
Qwen/OFF,s201-rank6-d1-pos4,201,s201-rank6,background,1,True,long,False,0.08908333333333318,True
Qwen/OFF,s204-rank6-d1-pos0,204,s204-rank6,score,1,True,default,False,0.08658333333333323,True
Qwen/OFF,s204-rank6-d1-pos0,204,s204-rank6,score,1,True,noise01,False,0.07912499999999989,True
Qwen/OFF,s204-rank6-d1-pos0,204,s204-rank6,score,1,True,long,False,0.10347916666666701,True
Qwen/OFF,s204-rank6-d1-pos1,204,s204-rank6,mismatched,1,False,default,True,0.0,False
Qwen/OFF,s204-rank6-d1-pos1,204,s204-rank6,mismatched,1,False,noise01,True,0.0,False
Qwen/OFF,s204-rank6-d1-pos1,204,s204-rank6,mismatched,1,False,long,True,0.0,False
Qwen/OFF,s204-rank6-d1-pos2,204,s204-rank6,cooperation,1,True,default,False,0.06720833333333331,False
Qwen/OFF,s204-rank6-d1-pos2,204,s204-rank6,cooperation,1,True,noise01,False,0.07104166666666667,False
Qwen/OFF,s204-rank6-d1-pos2,204,s204-rank6,cooperation,1,True,long,False,0.07820833333333366,False
Qwen/OFF,s204-rank6-d1-pos3,204,s204-rank6,accurate,1,True,default,False,0.08045833333333308,False
Qwen/OFF,s204-rank6-d1-pos3,204,s204-rank6,accurate,1,True,noise01,False,0.07979166666666648,False
Qwen/OFF,s204-rank6-d1-pos3,204,s204-rank6,accurate,1,True,long,False,0.09425000000000017,False
Qwen/OFF,s204-rank6-d1-pos4,204,s204-rank6,background,1,True,default,False,-0.009250000000000203,False
Qwen/OFF,s204-rank6-d1-pos4,204,s204-rank6,background,1,True,noise01,False,0.008124999999999938,False
Qwen/OFF,s204-rank6-d1-pos4,204,s204-rank6,background,1,True,long,False,-0.02254166666666646,False
Qwen/OFF,s205-rank6-d1-pos0,205,s205-rank6,mismatched,1,False,default,True,0.0,False
Qwen/OFF,s205-rank6-d1-pos0,205,s205-rank6,mismatched,1,False,noise01,True,0.0,False
Qwen/OFF,s205-rank6-d1-pos0,205,s205-rank6,mismatched,1,False,long,True,0.0,False
Qwen/OFF,s205-rank6-d1-pos1,205,s205-rank6,score,1,True,default,False,-0.05449999999999999,False
Qwen/OFF,s205-rank6-d1-pos1,205,s205-rank6,score,1,True,noise01,False,-0.03433333333333333,False
Qwen/OFF,s205-rank6-d1-pos1,205,s205-rank6,score,1,True,long,False,-0.06708333333333338,False
Qwen/OFF,s205-rank6-d1-pos2,205,s205-rank6,background,1,True,default,False,-0.043625000000000025,False
Qwen/OFF,s205-rank6-d1-pos2,205,s205-rank6,background,1,True,noise01,False,-0.03679166666666678,False
Qwen/OFF,s205-rank6-d1-pos2,205,s205-rank6,background,1,True,long,False,-0.043291666666666506,False
Qwen/OFF,s205-rank6-d1-pos3,205,s205-rank6,accurate,1,True,default,False,-0.04587499999999989,False
Qwen/OFF,s205-rank6-d1-pos3,205,s205-rank6,accurate,1,True,noise01,False,-0.05145833333333316,False
Qwen/OFF,s205-rank6-d1-pos3,205,s205-rank6,accurate,1,True,long,False,-0.0330208333333335,False
Qwen/OFF,s205-rank6-d1-pos4,205,s205-rank6,cooperation,1,True,default,False,-0.04166666666666674,False
Qwen/OFF,s205-rank6-d1-pos4,205,s205-rank6,cooperation,1,True,noise01,False,-0.033624999999999794,False
Qwen/OFF,s205-rank6-d1-pos4,205,s205-rank6,cooperation,1,True,long,False,-0.03629166666666661,False
Qwen/OFF,s205-rank1-d1-pos0,205,s205-rank1,mismatched,1,True,default,False,-0.044541666666666924,False
Qwen/OFF,s205-rank1-d1-pos0,205,s205-rank1,mismatched,1,True,noise01,False,-0.023875000000000313,False
Qwen/OFF,s205-rank1-d1-pos0,205,s205-rank1,mismatched,1,True,long,False,-0.04120833333333329,False
Qwen/OFF,s205-rank1-d1-pos1,205,s205-rank1,score,1,True,default,False,-0.009458333333333568,True
Qwen/OFF,s205-rank1-d1-pos1,205,s205-rank1,score,1,True,noise01,False,0.0008333333333330195,True
Qwen/OFF,s205-rank1-d1-pos1,205,s205-rank1,score,1,True,long,False,-0.05804166666666677,True
Qwen/OFF,s205-rank1-d1-pos2,205,s205-rank1,background,1,False,default,True,0.0,False
Qwen/OFF,s205-rank1-d1-pos2,205,s205-rank1,background,1,False,noise01,True,0.0,False
Qwen/OFF,s205-rank1-d1-pos2,205,s205-rank1,background,1,False,long,True,0.0,False
Qwen/OFF,s205-rank1-d1-pos3,205,s205-rank1,accurate,1,True,default,False,-0.04354166666666659,False
Qwen/OFF,s205-rank1-d1-pos3,205,s205-rank1,accurate,1,True,noise01,False,-0.03241666666666676,False
Qwen/OFF,s205-rank1-d1-pos3,205,s205-rank1,accurate,1,True,long,False,-0.020041666666666513,False
Qwen/OFF,s205-rank1-d1-pos4,205,s205-rank1,cooperation,1,True,default,False,-0.015125000000000277,True
Qwen/OFF,s205-rank1-d1-pos4,205,s205-rank1,cooperation,1,True,noise01,False,-0.009875000000000078,True
Qwen/OFF,s205-rank1-d1-pos4,205,s205-rank1,cooperation,1,True,long,False,-0.005666666666666709,True
Qwen/OFF,s206-rank1-d1-pos0,206,s206-rank1,cooperation,1,True,default,False,0.017583333333333284,True
Qwen/OFF,s206-rank1-d1-pos0,206,s206-rank1,cooperation,1,True,noise01,False,0.011541666666666783,True
Qwen/OFF,s206-rank1-d1-pos0,206,s206-rank1,cooperation,1,True,long,False,-0.008187500000000014,True
Qwen/OFF,s206-rank1-d1-pos1,206,s206-rank1,background,1,True,default,False,0.03416666666666668,False
Qwen/OFF,s206-rank1-d1-pos1,206,s206-rank1,background,1,True,noise01,False,0.02245833333333347,False
Qwen/OFF,s206-rank1-d1-pos1,206,s206-rank1,background,1,True,long,False,-0.03335416666666635,False
Qwen/OFF,s206-rank1-d1-pos2,206,s206-rank1,accurate,1,True,default,False,-0.07445833333333352,False
Qwen/OFF,s206-rank1-d1-pos2,206,s206-rank1,accurate,1,True,noise01,False,-0.07754166666666662,False
Qwen/OFF,s206-rank1-d1-pos2,206,s206-rank1,accurate,1,True,long,False,-0.09904166666666647,False
Qwen/OFF,s206-rank1-d1-pos3,206,s206-rank1,mismatched,1,True,default,False,0.07208333333333328,True
Qwen/OFF,s206-rank1-d1-pos3,206,s206-rank1,mismatched,1,True,noise01,False,0.07720833333333332,True
Qwen/OFF,s206-rank1-d1-pos3,206,s206-rank1,mismatched,1,True,long,False,0.10183333333333344,True
Qwen/OFF,s206-rank1-d1-pos4,206,s206-rank1,score,1,True,default,False,0.07024999999999992,True
Qwen/OFF,s206-rank1-d1-pos4,206,s206-rank1,score,1,True,noise01,False,0.06504166666666644,True
Qwen/OFF,s206-rank1-d1-pos4,206,s206-rank1,score,1,True,long,False,0.01016666666666688,True
Qwen/OFF,s212-rank6-d1-pos0,212,s212-rank6,accurate,1,True,default,False,-0.011416666666666409,False
Qwen/OFF,s212-rank6-d1-pos0,212,s212-rank6,accurate,1,True,noise01,False,0.01566666666666694,False
Qwen/OFF,s212-rank6-d1-pos0,212,s212-rank6,accurate,1,True,long,False,-0.03108333333333335,False
Qwen/OFF,s212-rank6-d1-pos1,212,s212-rank6,score,1,True,default,False,-0.009583333333333055,False
Qwen/OFF,s212-rank6-d1-pos1,212,s212-rank6,score,1,True,noise01,False,0.02362500000000023,False
Qwen/OFF,s212-rank6-d1-pos1,212,s212-rank6,score,1,True,long,False,-0.018166666666666664,False
Qwen/OFF,s212-rank6-d1-pos2,212,s212-rank6,mismatched,1,True,default,False,0.01450000000000018,False
Qwen/OFF,s212-rank6-d1-pos2,212,s212-rank6,mismatched,1,True,noise01,False,0.035125000000000295,False
Qwen/OFF,s212-rank6-d1-pos2,212,s212-rank6,mismatched,1,True,long,False,0.006749999999999812,False
Qwen/OFF,s212-rank6-d1-pos3,212,s212-rank6,background,1,True,default,False,-0.04274999999999962,False
Qwen/OFF,s212-rank6-d1-pos3,212,s212-rank6,background,1,True,noise01,False,-0.03674999999999984,False
Qwen/OFF,s212-rank6-d1-pos3,212,s212-rank6,background,1,True,long,False,-0.029249999999999998,False
Qwen/OFF,s212-rank6-d1-pos4,212,s212-rank6,cooperation,1,True,default,False,-0.010833333333333028,True
Qwen/OFF,s212-rank6-d1-pos4,212,s212-rank6,cooperation,1,True,noise01,False,0.014083333333333448,True
Qwen/OFF,s212-rank6-d1-pos4,212,s212-rank6,cooperation,1,True,long,False,-0.03258333333333341,True
Qwen/OFF,s217-rank1-d1-pos0,217,s217-rank1,accurate,1,True,default,False,-0.00374999999999992,False
Qwen/OFF,s217-rank1-d1-pos0,217,s217-rank1,accurate,1,True,noise01,False,-0.0034166666666668455,False
Qwen/OFF,s217-rank1-d1-pos0,217,s217-rank1,accurate,1,True,long,False,0.0006458333333334565,False
Qwen/OFF,s217-rank1-d1-pos1,217,s217-rank1,mismatched,1,True,default,False,-0.03629166666666683,False
Qwen/OFF,s217-rank1-d1-pos1,217,s217-rank1,mismatched,1,True,noise01,False,-0.04262500000000036,False
Qwen/OFF,s217-rank1-d1-pos1,217,s217-rank1,mismatched,1,True,long,False,0.026708333333333334,False
Qwen/OFF,s217-rank1-d1-pos2,217,s217-rank1,cooperation,1,True,default,False,-0.03370833333333323,False
Qwen/OFF,s217-rank1-d1-pos2,217,s217-rank1,cooperation,1,True,noise01,False,-0.04341666666666688,False
Qwen/OFF,s217-rank1-d1-pos2,217,s217-rank1,cooperation,1,True,long,False,-0.01897916666666677,False
Qwen/OFF,s217-rank1-d1-pos3,217,s217-rank1,background,1,True,default,False,-0.06962500000000005,False
Qwen/OFF,s217-rank1-d1-pos3,217,s217-rank1,background,1,True,noise01,False,-0.04479166666666701,False
Qwen/OFF,s217-rank1-d1-pos3,217,s217-rank1,background,1,True,long,False,0.013437499999999991,False
Qwen/OFF,s217-rank1-d1-pos4,217,s217-rank1,score,1,True,default,False,-0.03749999999999987,False
Qwen/OFF,s217-rank1-d1-pos4,217,s217-rank1,score,1,True,noise01,False,-0.043541666666667034,False
Qwen/OFF,s217-rank1-d1-pos4,217,s217-rank1,score,1,True,long,False,-0.01781250000000001,False
Qwen/OFF,s214-rank6-d0-pos0,214,s214-rank6,mismatched,0,True,default,False,0.07833333333333337,True
Qwen/OFF,s214-rank6-d0-pos0,214,s214-rank6,mismatched,0,True,noise01,False,0.05525000000000002,True
Qwen/OFF,s214-rank6-d0-pos0,214,s214-rank6,mismatched,0,True,long,False,0.08854166666666652,True
Qwen/OFF,s214-rank6-d0-pos1,214,s214-rank6,background,0,True,default,False,0.1368750000000003,True
Qwen/OFF,s214-rank6-d0-pos1,214,s214-rank6,background,0,True,noise01,False,0.13958333333333361,True
Qwen/OFF,s214-rank6-d0-pos1,214,s214-rank6,background,0,True,long,False,0.1537708333333332,True
Qwen/OFF,s214-rank6-d0-pos2,214,s214-rank6,accurate,0,True,default,False,0.14512500000000017,True
Qwen/OFF,s214-rank6-d0-pos2,214,s214-rank6,accurate,0,True,noise01,False,0.09400000000000008,True
Qwen/OFF,s214-rank6-d0-pos2,214,s214-rank6,accurate,0,True,long,False,0.1116041666666665,True
Qwen/OFF,s214-rank6-d0-pos3,214,s214-rank6,score,0,True,default,False,-0.007124999999999826,False
Qwen/OFF,s214-rank6-d0-pos3,214,s214-rank6,score,0,True,noise01,False,0.004875000000000185,False
Qwen/OFF,s214-rank6-d0-pos3,214,s214-rank6,score,0,True,long,False,0.027458333333333362,False
Qwen/OFF,s214-rank6-d0-pos4,214,s214-rank6,cooperation,0,True,default,False,0.06295833333333345,True
Qwen/OFF,s214-rank6-d0-pos4,214,s214-rank6,cooperation,0,True,noise01,False,0.03945833333333337,True
Qwen/OFF,s214-rank6-d0-pos4,214,s214-rank6,cooperation,0,True,long,False,0.08058333333333323,True
Qwen/OFF,s214-rank1-d0-pos0,214,s214-rank1,mismatched,0,True,default,False,-0.010916666666666686,False
Qwen/OFF,s214-rank1-d0-pos0,214,s214-rank1,mismatched,0,True,noise01,False,-0.01291666666666691,False
Qwen/OFF,s214-rank1-d0-pos0,214,s214-rank1,mismatched,0,True,long,False,-0.01574999999999993,False
Qwen/OFF,s214-rank1-d0-pos1,214,s214-rank1,background,0,True,default,False,0.052875000000000005,True
Qwen/OFF,s214-rank1-d0-pos1,214,s214-rank1,background,0,True,noise01,False,0.0502916666666664,True
Qwen/OFF,s214-rank1-d0-pos1,214,s214-rank1,background,0,True,long,False,0.014875000000000194,True
Qwen/OFF,s214-rank1-d0-pos2,214,s214-rank1,accurate,0,True,default,False,0.002583333333333604,False
Qwen/OFF,s214-rank1-d0-pos2,214,s214-rank1,accurate,0,True,noise01,False,-0.0021250000000001545,False
Qwen/OFF,s214-rank1-d0-pos2,214,s214-rank1,accurate,0,True,long,False,0.0014166666666668437,False
Qwen/OFF,s214-rank1-d0-pos3,214,s214-rank1,score,0,True,default,False,-0.0326666666666664,False
Qwen/OFF,s214-rank1-d0-pos3,214,s214-rank1,score,0,True,noise01,False,-0.02029166666666682,False
Qwen/OFF,s214-rank1-d0-pos3,214,s214-rank1,score,0,True,long,False,-0.04206249999999989,False
Qwen/OFF,s214-rank1-d0-pos4,214,s214-rank1,cooperation,0,True,default,False,-0.018124999999999947,False
Qwen/OFF,s214-rank1-d0-pos4,214,s214-rank1,cooperation,0,True,noise01,False,-0.003458333333333341,False
Qwen/OFF,s214-rank1-d0-pos4,214,s214-rank1,cooperation,0,True,long,False,-0.019145833333333195,False
Qwen/ON,s206-rank6-d1-pos0,206,s206-rank6,cooperation,1,True,default,False,0.14049999999999985,True
Qwen/ON,s206-rank6-d1-pos0,206,s206-rank6,cooperation,1,True,noise01,False,0.12662499999999977,True
Qwen/ON,s206-rank6-d1-pos0,206,s206-rank6,cooperation,1,True,long,False,0.13091666666666657,True
Qwen/ON,s206-rank6-d1-pos1,206,s206-rank6,background,1,True,default,False,0.28854166666666625,False
Qwen/ON,s206-rank6-d1-pos1,206,s206-rank6,background,1,True,noise01,False,0.24616666666666642,False
Qwen/ON,s206-rank6-d1-pos1,206,s206-rank6,background,1,True,long,False,0.15204166666666707,False
Qwen/ON,s206-rank6-d1-pos2,206,s206-rank6,accurate,1,True,default,False,0.11495833333333327,False
Qwen/ON,s206-rank6-d1-pos2,206,s206-rank6,accurate,1,True,noise01,False,0.09254166666666652,False
Qwen/ON,s206-rank6-d1-pos2,206,s206-rank6,accurate,1,True,long,False,0.0710000000000004,False
Qwen/ON,s206-rank6-d1-pos3,206,s206-rank6,mismatched,1,True,default,False,0.20979166666666638,True
Qwen/ON,s206-rank6-d1-pos3,206,s206-rank6,mismatched,1,True,noise01,False,0.19341666666666635,True
Qwen/ON,s206-rank6-d1-pos3,206,s206-rank6,mismatched,1,True,long,False,0.1088125000000002,True
Qwen/ON,s206-rank6-d1-pos4,206,s206-rank6,score,1,False,default,True,0.0,False
Qwen/ON,s206-rank6-d1-pos4,206,s206-rank6,score,1,False,noise01,True,0.0,False
Qwen/ON,s206-rank6-d1-pos4,206,s206-rank6,score,1,False,long,True,0.0,False
Qwen/ON,s205-rank6-d0-pos0,205,s205-rank6,mismatched,0,True,default,False,-0.030249999999999888,False
Qwen/ON,s205-rank6-d0-pos0,205,s205-rank6,mismatched,0,True,noise01,False,-0.010291666666666588,False
Qwen/ON,s205-rank6-d0-pos0,205,s205-rank6,mismatched,0,True,long,False,-0.05312500000000009,False
Qwen/ON,s205-rank6-d0-pos1,205,s205-rank6,score,0,True,default,False,-0.17583333333333329,False
Qwen/ON,s205-rank6-d0-pos1,205,s205-rank6,score,0,True,noise01,False,-0.1280416666666666,False
Qwen/ON,s205-rank6-d0-pos1,205,s205-rank6,score,0,True,long,False,-0.11827083333333355,False
Qwen/ON,s205-rank6-d0-pos2,205,s205-rank6,background,0,True,default,False,0.04308333333333314,True
Qwen/ON,s205-rank6-d0-pos2,205,s205-rank6,background,0,True,noise01,False,0.0997916666666665,True
Qwen/ON,s205-rank6-d0-pos2,205,s205-rank6,background,0,True,long,False,0.001875000000000071,True
Qwen/ON,s205-rank6-d0-pos3,205,s205-rank6,accurate,0,True,default,False,0.04266666666666641,True
Qwen/ON,s205-rank6-d0-pos3,205,s205-rank6,accurate,0,True,noise01,False,0.058958333333333446,True
Qwen/ON,s205-rank6-d0-pos3,205,s205-rank6,accurate,0,True,long,False,-0.01577083333333329,True
Qwen/ON,s205-rank6-d0-pos4,205,s205-rank6,cooperation,0,True,default,False,0.06908333333333294,True
Qwen/ON,s205-rank6-d0-pos4,205,s205-rank6,cooperation,0,True,noise01,False,0.04212499999999997,True
Qwen/ON,s205-rank6-d0-pos4,205,s205-rank6,cooperation,0,True,long,False,-0.005145833333333183,True
Qwen/ON,s209-rank3-d1-pos0,209,s209-rank3,mismatched,1,True,default,False,0.11066666666666691,True
Qwen/ON,s209-rank3-d1-pos0,209,s209-rank3,mismatched,1,True,noise01,False,0.0911249999999999,True
Qwen/ON,s209-rank3-d1-pos0,209,s209-rank3,mismatched,1,True,long,False,0.06020833333333342,True
Qwen/ON,s209-rank3-d1-pos1,209,s209-rank3,background,1,False,default,True,0.0,False
Qwen/ON,s209-rank3-d1-pos1,209,s209-rank3,background,1,False,noise01,True,0.0,False
Qwen/ON,s209-rank3-d1-pos1,209,s209-rank3,background,1,False,long,True,0.0,False
Qwen/ON,s209-rank3-d1-pos2,209,s209-rank3,accurate,1,True,default,False,0.08462499999999995,True
Qwen/ON,s209-rank3-d1-pos2,209,s209-rank3,accurate,1,True,noise01,False,0.09870833333333318,True
Qwen/ON,s209-rank3-d1-pos2,209,s209-rank3,accurate,1,True,long,False,0.0765208333333336,True
Qwen/ON,s209-rank3-d1-pos3,209,s209-rank3,score,1,True,default,False,0.10999999999999988,False
Qwen/ON,s209-rank3-d1-pos3,209,s209-rank3,score,1,True,noise01,False,0.09358333333333313,False
Qwen/ON,s209-rank3-d1-pos3,209,s209-rank3,score,1,True,long,False,0.05418750000000028,False
Qwen/ON,s209-rank3-d1-pos4,209,s209-rank3,cooperation,1,True,default,False,0.06062499999999993,False
Qwen/ON,s209-rank3-d1-pos4,209,s209-rank3,cooperation,1,True,noise01,False,0.05224999999999991,False
Qwen/ON,s209-rank3-d1-pos4,209,s209-rank3,cooperation,1,True,long,False,0.03562500000000002,False
Qwen/ON,s206-rank6-d0-pos0,206,s206-rank6,cooperation,0,False,default,True,0.0,False
Qwen/ON,s206-rank6-d0-pos0,206,s206-rank6,cooperation,0,False,noise01,True,0.0,False
Qwen/ON,s206-rank6-d0-pos0,206,s206-rank6,cooperation,0,False,long,True,0.0,False
Qwen/ON,s206-rank6-d0-pos1,206,s206-rank6,background,0,True,default,False,0.3498333333333332,True
Qwen/ON,s206-rank6-d0-pos1,206,s206-rank6,background,0,True,noise01,False,0.31479166666666636,True
Qwen/ON,s206-rank6-d0-pos1,206,s206-rank6,background,0,True,long,False,0.1752708333333335,True
Qwen/ON,s206-rank6-d0-pos2,206,s206-rank6,accurate,0,True,default,False,0.2051666666666665,True
Qwen/ON,s206-rank6-d0-pos2,206,s206-rank6,accurate,0,True,noise01,False,0.1885416666666666,True
Qwen/ON,s206-rank6-d0-pos2,206,s206-rank6,accurate,0,True,long,False,0.09710416666666677,True
Qwen/ON,s206-rank6-d0-pos3,206,s206-rank6,mismatched,0,True,default,False,0.20329166666666687,False
Qwen/ON,s206-rank6-d0-pos3,206,s206-rank6,mismatched,0,True,noise01,False,0.21395833333333325,False
Qwen/ON,s206-rank6-d0-pos3,206,s206-rank6,mismatched,0,True,long,False,0.16995833333333343,False
Qwen/ON,s206-rank6-d0-pos4,206,s206-rank6,score,0,True,default,False,0.09154166666666663,True
Qwen/ON,s206-rank6-d0-pos4,206,s206-rank6,score,0,True,noise01,False,0.08599999999999985,True
Qwen/ON,s206-rank6-d0-pos4,206,s206-rank6,score,0,True,long,False,0.07120833333333354,True
Qwen/ON,s202-rank1-d1-pos0,202,s202-rank1,mismatched,1,True,default,False,0.12154166666666688,False
Qwen/ON,s202-rank1-d1-pos0,202,s202-rank1,mismatched,1,True,noise01,False,0.11612499999999981,False
Qwen/ON,s202-rank1-d1-pos0,202,s202-rank1,mismatched,1,True,long,True,0.0,False
Qwen/ON,s202-rank1-d1-pos1,202,s202-rank1,cooperation,1,True,default,False,0.021458333333333135,False
Qwen/ON,s202-rank1-d1-pos1,202,s202-rank1,cooperation,1,True,noise01,False,0.036541666666666694,False
Qwen/ON,s202-rank1-d1-pos1,202,s202-rank1,cooperation,1,True,long,False,0.002270833333333444,False
Qwen/ON,s202-rank1-d1-pos2,202,s202-rank1,background,1,True,default,False,0.024208333333333165,True
Qwen/ON,s202-rank1-d1-pos2,202,s202-rank1,background,1,True,noise01,False,0.018916666666666693,True
Qwen/ON,s202-rank1-d1-pos2,202,s202-rank1,background,1,True,long,False,-0.0033124999999998295,True
Qwen/ON,s202-rank1-d1-pos3,202,s202-rank1,score,1,True,default,False,0.08029166666666665,False
Qwen/ON,s202-rank1-d1-pos3,202,s202-rank1,score,1,True,noise01,False,0.0831249999999999,False
Qwen/ON,s202-rank1-d1-pos3,202,s202-rank1,score,1,True,long,True,0.0,False
Qwen/ON,s202-rank1-d1-pos4,202,s202-rank1,accurate,1,True,default,False,0.12929166666666658,False
Qwen/ON,s202-rank1-d1-pos4,202,s202-rank1,accurate,1,True,noise01,False,0.13620833333333326,False
Qwen/ON,s202-rank1-d1-pos4,202,s202-rank1,accurate,1,True,long,False,0.13206249999999997,False
Qwen/ON,s201-rank1-d1-pos0,201,s201-rank1,accurate,1,True,default,False,0.24945833333333312,True
Qwen/ON,s201-rank1-d1-pos0,201,s201-rank1,accurate,1,True,noise01,False,0.23904166666666726,True
Qwen/ON,s201-rank1-d1-pos0,201,s201-rank1,accurate,1,True,long,False,0.25120833333333326,True
Qwen/ON,s201-rank1-d1-pos1,201,s201-rank1,cooperation,1,True,default,False,-0.03254166666666647,True
Qwen/ON,s201-rank1-d1-pos1,201,s201-rank1,cooperation,1,True,noise01,False,-0.007249999999999757,True
Qwen/ON,s201-rank1-d1-pos1,201,s201-rank1,cooperation,1,True,long,False,-0.036104166666666826,True
Qwen/ON,s201-rank1-d1-pos2,201,s201-rank1,score,1,True,default,False,0.01925000000000021,True
Qwen/ON,s201-rank1-d1-pos2,201,s201-rank1,score,1,True,noise01,False,0.01766666666666694,True
Qwen/ON,s201-rank1-d1-pos2,201,s201-rank1,score,1,True,long,False,-0.013104166666666694,True
Qwen/ON,s201-rank1-d1-pos3,201,s201-rank1,mismatched,1,True,default,False,0.009041666666666837,False
Qwen/ON,s201-rank1-d1-pos3,201,s201-rank1,mismatched,1,True,noise01,False,0.008458333333333456,False
Qwen/ON,s201-rank1-d1-pos3,201,s201-rank1,mismatched,1,True,long,False,-0.017708333333333437,False
Qwen/ON,s201-rank1-d1-pos4,201,s201-rank1,background,1,True,default,False,0.022375000000000256,False
Qwen/ON,s201-rank1-d1-pos4,201,s201-rank1,background,1,True,noise01,False,0.007250000000000423,False
Qwen/ON,s201-rank1-d1-pos4,201,s201-rank1,background,1,True,long,False,-0.013812500000000005,False
Qwen/ON,s211-rank1-d0-pos0,211,s211-rank1,mismatched,0,True,default,False,0.053749999999999964,False
Qwen/ON,s211-rank1-d0-pos0,211,s211-rank1,mismatched,0,True,noise01,False,0.10075000000000012,False
Qwen/ON,s211-rank1-d0-pos0,211,s211-rank1,mismatched,0,True,long,False,0.051145833333333446,False
Qwen/ON,s211-rank1-d0-pos1,211,s211-rank1,accurate,0,True,default,False,0.028124999999999956,False
Qwen/ON,s211-rank1-d0-pos1,211,s211-rank1,accurate,0,True,noise01,False,0.07154166666666661,False
Qwen/ON,s211-rank1-d0-pos1,211,s211-rank1,accurate,0,True,long,False,0.03470833333333334,False
Qwen/ON,s211-rank1-d0-pos2,211,s211-rank1,cooperation,0,True,default,False,0.2000833333333336,True
Qwen/ON,s211-rank1-d0-pos2,211,s211-rank1,cooperation,0,True,noise01,False,0.22216666666666685,True
Qwen/ON,s211-rank1-d0-pos2,211,s211-rank1,cooperation,0,True,long,False,0.18218749999999995,True
Qwen/ON,s211-rank1-d0-pos3,211,s211-rank1,score,0,True,default,False,-0.02079166666666654,False
Qwen/ON,s211-rank1-d0-pos3,211,s211-rank1,score,0,True,noise01,False,0.02808333333333346,False
Qwen/ON,s211-rank1-d0-pos3,211,s211-rank1,score,0,True,long,False,-0.02170833333333322,False
Qwen/ON,s211-rank1-d0-pos4,211,s211-rank1,background,0,True,default,False,-0.025416666666666643,False
Qwen/ON,s211-rank1-d0-pos4,211,s211-rank1,background,0,True,noise01,False,0.019249999999999767,False
Qwen/ON,s211-rank1-d0-pos4,211,s211-rank1,background,0,True,long,False,0.0028333333333332433,False
Qwen/ON,s205-rank1-d0-pos0,205,s205-rank1,mismatched,0,True,default,False,0.025249999999999995,False
Qwen/ON,s205-rank1-d0-pos0,205,s205-rank1,mismatched,0,True,noise01,False,0.03475000000000006,False
Qwen/ON,s205-rank1-d0-pos0,205,s205-rank1,mismatched,0,True,long,False,-0.00039583333333315096,False
Qwen/ON,s205-rank1-d0-pos1,205,s205-rank1,score,0,True,default,False,-0.03745833333333337,True
Qwen/ON,s205-rank1-d0-pos1,205,s205-rank1,score,0,True,noise01,False,-0.002958333333333618,True
Qwen/ON,s205-rank1-d0-pos1,205,s205-rank1,score,0,True,long,False,-0.05239583333333342,True
Qwen/ON,s205-rank1-d0-pos2,205,s205-rank1,background,0,True,default,False,0.030416666666666536,True
Qwen/ON,s205-rank1-d0-pos2,205,s205-rank1,background,0,True,noise01,False,0.009333333333333416,True
Qwen/ON,s205-rank1-d0-pos2,205,s205-rank1,background,0,True,long,False,-0.005666666666666709,True
Qwen/ON,s205-rank1-d0-pos3,205,s205-rank1,accurate,0,True,default,False,0.02937499999999993,False
Qwen/ON,s205-rank1-d0-pos3,205,s205-rank1,accurate,0,True,noise01,False,0.02066666666666661,False
Qwen/ON,s205-rank1-d0-pos3,205,s205-rank1,accurate,0,True,long,False,0.0028958333333333197,False
Qwen/ON,s205-rank1-d0-pos4,205,s205-rank1,cooperation,0,True,default,False,-0.08191666666666664,False
Qwen/ON,s205-rank1-d0-pos4,205,s205-rank1,cooperation,0,True,noise01,False,-0.0714583333333334,False
Qwen/ON,s205-rank1-d0-pos4,205,s205-rank1,cooperation,0,True,long,False,-0.06064583333333329,False
Qwen/ON,s205-rank3-d1-pos0,205,s205-rank3,mismatched,1,True,default,False,0.08937499999999976,False
Qwen/ON,s205-rank3-d1-pos0,205,s205-rank3,mismatched,1,True,noise01,False,0.0744583333333333,False
Qwen/ON,s205-rank3-d1-pos0,205,s205-rank3,mismatched,1,True,long,False,0.02952083333333344,False
Qwen/ON,s205-rank3-d1-pos1,205,s205-rank3,score,1,True,default,False,0.10195833333333337,False
Qwen/ON,s205-rank3-d1-pos1,205,s205-rank3,score,1,True,noise01,False,0.074125,False
Qwen/ON,s205-rank3-d1-pos1,205,s205-rank3,score,1,True,long,False,0.03722916666666665,False
Qwen/ON,s205-rank3-d1-pos2,205,s205-rank3,background,1,True,default,False,0.00158333333333327,False
Qwen/ON,s205-rank3-d1-pos2,205,s205-rank3,background,1,True,noise01,False,0.01616666666666644,False
Qwen/ON,s205-rank3-d1-pos2,205,s205-rank3,background,1,True,long,False,-0.02027083333333346,False
Qwen/ON,s205-rank3-d1-pos3,205,s205-rank3,accurate,1,False,default,True,0.0,False
Qwen/ON,s205-rank3-d1-pos3,205,s205-rank3,accurate,1,False,noise01,True,0.0,False
Qwen/ON,s205-rank3-d1-pos3,205,s205-rank3,accurate,1,False,long,True,0.0,False
Qwen/ON,s205-rank3-d1-pos4,205,s205-rank3,cooperation,1,True,default,False,-0.05358333333333354,False
Qwen/ON,s205-rank3-d1-pos4,205,s205-rank3,cooperation,1,True,noise01,False,-0.061750000000000194,False
Qwen/ON,s205-rank3-d1-pos4,205,s205-rank3,cooperation,1,True,long,False,-0.03752083333333345,False
Qwen/ON,s209-rank1-d0-pos0,209,s209-rank1,mismatched,0,True,default,False,0.272875,True
Qwen/ON,s209-rank1-d0-pos0,209,s209-rank1,mismatched,0,True,noise01,False,0.27591666666666637,True
Qwen/ON,s209-rank1-d0-pos0,209,s209-rank1,mismatched,0,True,long,False,0.2472916666666669,True
Qwen/ON,s209-rank1-d0-pos1,209,s209-rank1,background,0,True,default,False,0.010375000000000023,False
Qwen/ON,s209-rank1-d0-pos1,209,s209-rank1,background,0,True,noise01,False,0.0068749999999999645,False
Qwen/ON,s209-rank1-d0-pos1,209,s209-rank1,background,0,True,long,False,-0.021041666666666625,False
Qwen/ON,s209-rank1-d0-pos2,209,s209-rank1,accurate,0,True,default,False,0.00316666666666654,False
Qwen/ON,s209-rank1-d0-pos2,209,s209-rank1,accurate,0,True,noise01,False,-0.005458333333333565,False
Qwen/ON,s209-rank1-d0-pos2,209,s209-rank1,accurate,0,True,long,False,-0.0190416666666664,False
Qwen/ON,s209-rank1-d0-pos3,209,s209-rank1,score,0,True,default,False,0.011500000000000066,True
Qwen/ON,s209-rank1-d0-pos3,209,s209-rank1,score,0,True,noise01,False,0.009333333333333194,True
Qwen/ON,s209-rank1-d0-pos3,209,s209-rank1,score,0,True,long,False,-0.02068749999999997,True
Qwen/ON,s209-rank1-d0-pos4,209,s209-rank1,cooperation,0,True,default,False,0.0485833333333332,True
Qwen/ON,s209-rank1-d0-pos4,209,s209-rank1,cooperation,0,True,noise01,False,0.04675000000000007,True
Qwen/ON,s209-rank1-d0-pos4,209,s209-rank1,cooperation,0,True,long,True,0.0,True
Qwen/ON,s214-rank6-d1-pos0,214,s214-rank6,mismatched,1,False,default,True,0.0,False
Qwen/ON,s214-rank6-d1-pos0,214,s214-rank6,mismatched,1,False,noise01,True,0.0,False
Qwen/ON,s214-rank6-d1-pos0,214,s214-rank6,mismatched,1,False,long,True,0.0,False
Qwen/ON,s214-rank6-d1-pos1,214,s214-rank6,background,1,True,default,False,0.09329166666666655,True
Qwen/ON,s214-rank6-d1-pos1,214,s214-rank6,background,1,True,noise01,False,0.084125,True
Qwen/ON,s214-rank6-d1-pos1,214,s214-rank6,background,1,True,long,False,0.1116041666666665,True
Qwen/ON,s214-rank6-d1-pos2,214,s214-rank6,accurate,1,True,default,False,0.28100000000000014,True
Qwen/ON,s214-rank6-d1-pos2,214,s214-rank6,accurate,1,True,noise01,False,0.2512916666666667,True
Qwen/ON,s214-rank6-d1-pos2,214,s214-rank6,accurate,1,True,long,False,0.17662500000000003,True
Qwen/ON,s214-rank6-d1-pos3,214,s214-rank6,score,1,True,default,False,0.04562500000000003,True
Qwen/ON,s214-rank6-d1-pos3,214,s214-rank6,score,1,True,noise01,False,0.0529166666666665,True
Qwen/ON,s214-rank6-d1-pos3,214,s214-rank6,score,1,True,long,False,0.0543958333333332,True
Qwen/ON,s214-rank6-d1-pos4,214,s214-rank6,cooperation,1,False,default,True,0.0,False
Qwen/ON,s214-rank6-d1-pos4,214,s214-rank6,cooperation,1,False,noise01,True,0.0,False
Qwen/ON,s214-rank6-d1-pos4,214,s214-rank6,cooperation,1,False,long,True,0.0,False
Qwen/ON,s213-rank3-d1-pos0,213,s213-rank3,accurate,1,True,default,False,0.02112500000000006,False
Qwen/ON,s213-rank3-d1-pos0,213,s213-rank3,accurate,1,True,noise01,False,0.016416666666666302,False
Qwen/ON,s213-rank3-d1-pos0,213,s213-rank3,accurate,1,True,long,False,0.0021458333333337354,False
Qwen/ON,s213-rank3-d1-pos1,213,s213-rank3,cooperation,1,True,default,False,0.24583333333333357,True
Qwen/ON,s213-rank3-d1-pos1,213,s213-rank3,cooperation,1,True,noise01,False,0.24583333333333313,True
Qwen/ON,s213-rank3-d1-pos1,213,s213-rank3,cooperation,1,True,long,False,0.11385416666666703,True
Qwen/ON,s213-rank3-d1-pos2,213,s213-rank3,background,1,False,default,True,0.0,False
Qwen/ON,s213-rank3-d1-pos2,213,s213-rank3,background,1,False,noise01,True,0.0,False
Qwen/ON,s213-rank3-d1-pos2,213,s213-rank3,background,1,False,long,True,0.0,False
Qwen/ON,s213-rank3-d1-pos3,213,s213-rank3,score,1,False,default,True,0.0,False
Qwen/ON,s213-rank3-d1-pos3,213,s213-rank3,score,1,False,noise01,True,0.0,False
Qwen/ON,s213-rank3-d1-pos3,213,s213-rank3,score,1,False,long,True,0.0,False
Qwen/ON,s213-rank3-d1-pos4,213,s213-rank3,mismatched,1,True,default,False,-0.009249999999999758,False
Qwen/ON,s213-rank3-d1-pos4,213,s213-rank3,mismatched,1,True,noise01,False,-0.021666666666666723,False
Qwen/ON,s213-rank3-d1-pos4,213,s213-rank3,mismatched,1,True,long,False,-0.024020833333333158,False
Qwen/ON,s203-rank6-d1-pos0,203,s203-rank6,score,1,True,default,False,0.034624999999999684,False
Qwen/ON,s203-rank6-d1-pos0,203,s203-rank6,score,1,True,noise01,False,0.047041666666666426,False
Qwen/ON,s203-rank6-d1-pos0,203,s203-rank6,score,1,True,long,False,0.030041666666666522,False
Qwen/ON,s203-rank6-d1-pos1,203,s203-rank6,mismatched,1,True,default,False,0.13424999999999976,True
Qwen/ON,s203-rank6-d1-pos1,203,s203-rank6,mismatched,1,True,noise01,False,0.15020833333333306,True
Qwen/ON,s203-rank6-d1-pos1,203,s203-rank6,mismatched,1,True,long,False,0.1580833333333329,True
Qwen/ON,s203-rank6-d1-pos2,203,s203-rank6,background,1,True,default,False,-0.13854166666666679,False
Qwen/ON,s203-rank6-d1-pos2,203,s203-rank6,background,1,True,noise01,False,-0.1122916666666669,False
Qwen/ON,s203-rank6-d1-pos2,203,s203-rank6,background,1,True,long,False,-0.10129166666666678,False
Qwen/ON,s203-rank6-d1-pos3,203,s203-rank6,cooperation,1,True,default,False,-0.13645833333333335,False
Qwen/ON,s203-rank6-d1-pos3,203,s203-rank6,cooperation,1,True,noise01,False,-0.10262500000000019,False
Qwen/ON,s203-rank6-d1-pos3,203,s203-rank6,cooperation,1,True,long,False,-0.08787500000000037,False
Qwen/ON,s203-rank6-d1-pos4,203,s203-rank6,accurate,1,True,default,False,0.006916666666666682,False
Qwen/ON,s203-rank6-d1-pos4,203,s203-rank6,accurate,1,True,noise01,False,0.015000000000000124,False
Qwen/ON,s203-rank6-d1-pos4,203,s203-rank6,accurate,1,True,long,False,-0.012583333333333613,False
Qwen/ON,s203-rank1-d1-pos0,203,s203-rank1,score,1,True,default,False,0.015291666666666925,True
Qwen/ON,s203-rank1-d1-pos0,203,s203-rank1,score,1,True,noise01,False,0.006958333333333622,True
Qwen/ON,s203-rank1-d1-pos0,203,s203-rank1,score,1,True,long,False,-0.024645833333333034,True
Qwen/ON,s203-rank1-d1-pos1,203,s203-rank1,mismatched,1,True,default,False,-0.0024999999999999467,False
Qwen/ON,s203-rank1-d1-pos1,203,s203-rank1,mismatched,1,True,noise01,False,-0.004041666666666721,False
Qwen/ON,s203-rank1-d1-pos1,203,s203-rank1,mismatched,1,True,long,False,-0.034187499999999815,False
Qwen/ON,s203-rank1-d1-pos2,203,s203-rank1,background,1,True,default,False,0.1292500000000001,True
Qwen/ON,s203-rank1-d1-pos2,203,s203-rank1,background,1,True,noise01,False,0.10758333333333359,True
Qwen/ON,s203-rank1-d1-pos2,203,s203-rank1,background,1,True,long,False,0.022166666666666668,True
Qwen/ON,s203-rank1-d1-pos3,203,s203-rank1,cooperation,1,True,default,False,0.06733333333333325,False
Qwen/ON,s203-rank1-d1-pos3,203,s203-rank1,cooperation,1,True,noise01,False,0.07124999999999981,False
Qwen/ON,s203-rank1-d1-pos3,203,s203-rank1,cooperation,1,True,long,False,0.006729166666666897,False
Qwen/ON,s203-rank1-d1-pos4,203,s203-rank1,accurate,1,True,default,False,-0.01708333333333334,False
Qwen/ON,s203-rank1-d1-pos4,203,s203-rank1,accurate,1,True,noise01,False,-0.026416666666666533,False
Qwen/ON,s203-rank1-d1-pos4,203,s203-rank1,accurate,1,True,long,False,-0.03497916666666656,False
Qwen/ON,s214-rank1-d1-pos0,214,s214-rank1,mismatched,1,True,default,False,0.18704166666666677,False
Qwen/ON,s214-rank1-d1-pos0,214,s214-rank1,mismatched,1,True,noise01,False,0.17349999999999977,False
Qwen/ON,s214-rank1-d1-pos0,214,s214-rank1,mismatched,1,True,long,False,0.0605,False
Qwen/ON,s214-rank1-d1-pos1,214,s214-rank1,background,1,True,default,False,0.29845833333333327,True
Qwen/ON,s214-rank1-d1-pos1,214,s214-rank1,background,1,True,noise01,False,0.28862500000000013,True
Qwen/ON,s214-rank1-d1-pos1,214,s214-rank1,background,1,True,long,False,0.12170833333333353,True
Qwen/ON,s214-rank1-d1-pos2,214,s214-rank1,accurate,1,True,default,False,0.06970833333333348,False
Qwen/ON,s214-rank1-d1-pos2,214,s214-rank1,accurate,1,True,noise01,False,0.05016666666666625,False
Qwen/ON,s214-rank1-d1-pos2,214,s214-rank1,accurate,1,True,long,True,0.0,False
Qwen/ON,s214-rank1-d1-pos3,214,s214-rank1,score,1,False,default,True,0.0,False
Qwen/ON,s214-rank1-d1-pos3,214,s214-rank1,score,1,False,noise01,True,0.0,False
Qwen/ON,s214-rank1-d1-pos3,214,s214-rank1,score,1,False,long,True,0.0,False
Qwen/ON,s214-rank1-d1-pos4,214,s214-rank1,cooperation,1,False,default,True,0.0,False
Qwen/ON,s214-rank1-d1-pos4,214,s214-rank1,cooperation,1,False,noise01,True,0.0,False
Qwen/ON,s214-rank1-d1-pos4,214,s214-rank1,cooperation,1,False,long,True,0.0,False
Qwen/ON,s211-rank3-d1-pos0,211,s211-rank3,mismatched,1,True,default,False,0.06962500000000005,False
Qwen/ON,s211-rank3-d1-pos0,211,s211-rank3,mismatched,1,True,noise01,False,0.11362499999999986,False
Qwen/ON,s211-rank3-d1-pos0,211,s211-rank3,mismatched,1,True,long,False,0.06335416666666638,False
Qwen/ON,s211-rank3-d1-pos1,211,s211-rank3,accurate,1,True,default,False,0.0830833333333334,True
Qwen/ON,s211-rank3-d1-pos1,211,s211-rank3,accurate,1,True,noise01,False,0.1416249999999999,True
Qwen/ON,s211-rank3-d1-pos1,211,s211-rank3,accurate,1,True,long,False,0.10785416666666636,True
Qwen/ON,s211-rank3-d1-pos2,211,s211-rank3,cooperation,1,True,default,False,0.0245833333333334,False
Qwen/ON,s211-rank3-d1-pos2,211,s211-rank3,cooperation,1,True,noise01,False,0.0657500000000002,False
Qwen/ON,s211-rank3-d1-pos2,211,s211-rank3,cooperation,1,True,long,False,0.03849999999999998,False
Qwen/ON,s211-rank3-d1-pos3,211,s211-rank3,score,1,True,default,False,0.1439999999999999,True
Qwen/ON,s211-rank3-d1-pos3,211,s211-rank3,score,1,True,noise01,False,0.17241666666666688,True
Qwen/ON,s211-rank3-d1-pos3,211,s211-rank3,score,1,True,long,False,0.21524999999999972,True
Qwen/ON,s211-rank3-d1-pos4,211,s211-rank3,background,1,True,default,False,0.053625000000000034,True
Qwen/ON,s211-rank3-d1-pos4,211,s211-rank3,background,1,True,noise01,False,0.08670833333333361,True
Qwen/ON,s211-rank3-d1-pos4,211,s211-rank3,background,1,True,long,False,0.050416666666666554,True
Qwen/ON,s209-rank1-d1-pos0,209,s209-rank1,mismatched,1,True,default,False,0.013833333333333364,False
Qwen/ON,s209-rank1-d1-pos0,209,s209-rank1,mismatched,1,True,noise01,False,0.009833333333333139,False
Qwen/ON,s209-rank1-d1-pos0,209,s209-rank1,mismatched,1,True,long,False,-0.01750000000000007,False
Qwen/ON,s209-rank1-d1-pos1,209,s209-rank1,background,1,True,default,False,0.011500000000000066,True
Qwen/ON,s209-rank1-d1-pos1,209,s209-rank1,background,1,True,noise01,False,-0.0005416666666668846,True
Qwen/ON,s209-rank1-d1-pos1,209,s209-rank1,background,1,True,long,False,-0.07058333333333322,True
Qwen/ON,s209-rank1-d1-pos2,209,s209-rank1,accurate,1,True,default,False,0.05654166666666649,True
Qwen/ON,s209-rank1-d1-pos2,209,s209-rank1,accurate,1,True,noise01,False,0.02324999999999977,True
Qwen/ON,s209-rank1-d1-pos2,209,s209-rank1,accurate,1,True,long,False,0.0338750000000001,True
Qwen/ON,s209-rank1-d1-pos3,209,s209-rank1,score,1,True,default,False,-0.011999999999999789,False
Qwen/ON,s209-rank1-d1-pos3,209,s209-rank1,score,1,True,noise01,False,-0.01012499999999994,False
Qwen/ON,s209-rank1-d1-pos3,209,s209-rank1,score,1,True,long,False,-0.006333333333333302,False
Qwen/ON,s209-rank1-d1-pos4,209,s209-rank1,cooperation,1,True,default,False,0.03766666666666674,False
Qwen/ON,s209-rank1-d1-pos4,209,s209-rank1,cooperation,1,True,noise01,False,0.03320833333333306,False
Qwen/ON,s209-rank1-d1-pos4,209,s209-rank1,cooperation,1,True,long,False,-0.0033333333333331883,False
Qwen/ON,s210-rank1-d0-pos0,210,s210-rank1,background,0,True,default,False,0.04008333333333347,True
Qwen/ON,s210-rank1-d0-pos0,210,s210-rank1,background,0,True,noise01,False,0.03187500000000032,True
Qwen/ON,s210-rank1-d0-pos0,210,s210-rank1,background,0,True,long,False,0.001479166666666698,True
Qwen/ON,s210-rank1-d0-pos1,210,s210-rank1,score,0,True,default,False,0.029708333333333226,False
Qwen/ON,s210-rank1-d0-pos1,210,s210-rank1,score,0,True,noise01,False,0.012833333333333252,False
Qwen/ON,s210-rank1-d0-pos1,210,s210-rank1,score,0,True,long,False,0.0028958333333333197,False
Qwen/ON,s210-rank1-d0-pos2,210,s210-rank1,cooperation,0,True,default,False,0.04304166666666642,True
Qwen/ON,s210-rank1-d0-pos2,210,s210-rank1,cooperation,0,True,noise01,False,0.04504166666666687,True
Qwen/ON,s210-rank1-d0-pos2,210,s210-rank1,cooperation,0,True,long,False,0.014291666666666814,True
Qwen/ON,s210-rank1-d0-pos3,210,s210-rank1,accurate,0,True,default,False,0.10049999999999981,True
Qwen/ON,s210-rank1-d0-pos3,210,s210-rank1,accurate,0,True,noise01,False,0.09099999999999997,True
Qwen/ON,s210-rank1-d0-pos3,210,s210-rank1,accurate,0,True,long,False,0.0286875000000002,True
Qwen/ON,s210-rank1-d0-pos4,210,s210-rank1,mismatched,0,True,default,False,0.06345833333333317,True
Qwen/ON,s210-rank1-d0-pos4,210,s210-rank1,mismatched,0,True,noise01,False,0.13000000000000012,True
Qwen/ON,s210-rank1-d0-pos4,210,s210-rank1,mismatched,0,True,long,False,0.03037500000000004,True
Qwen/ON,s216-rank3-d0-pos0,216,s216-rank3,mismatched,0,False,default,True,0.0,False
Qwen/ON,s216-rank3-d0-pos0,216,s216-rank3,mismatched,0,False,noise01,True,0.0,False
Qwen/ON,s216-rank3-d0-pos0,216,s216-rank3,mismatched,0,False,long,True,0.0,False
Qwen/ON,s216-rank3-d0-pos1,216,s216-rank3,accurate,0,True,default,False,0.27583333333333315,True
Qwen/ON,s216-rank3-d0-pos1,216,s216-rank3,accurate,0,True,noise01,False,0.2495833333333335,True
Qwen/ON,s216-rank3-d0-pos1,216,s216-rank3,accurate,0,True,long,False,0.13435416666666677,True
Qwen/ON,s216-rank3-d0-pos2,216,s216-rank3,score,0,True,default,False,0.1361249999999996,False
Qwen/ON,s216-rank3-d0-pos2,216,s216-rank3,score,0,True,noise01,False,0.09970833333333329,False
Qwen/ON,s216-rank3-d0-pos2,216,s216-rank3,score,0,True,long,False,0.07295833333333324,False
Qwen/ON,s216-rank3-d0-pos3,216,s216-rank3,background,0,True,default,False,-0.03979166666666689,False
Qwen/ON,s216-rank3-d0-pos3,216,s216-rank3,background,0,True,noise01,False,-0.010624999999999885,False
Qwen/ON,s216-rank3-d0-pos3,216,s216-rank3,background,0,True,long,False,-0.02793750000000017,False
Qwen/ON,s216-rank3-d0-pos4,216,s216-rank3,cooperation,0,True,default,False,0.02404166666666674,False
Qwen/ON,s216-rank3-d0-pos4,216,s216-rank3,cooperation,0,True,noise01,False,0.0007083333333333108,False
Qwen/ON,s216-rank3-d0-pos4,216,s216-rank3,cooperation,0,True,long,False,0.004687499999999956,False
Qwen/ON,s206-rank3-d1-pos0,206,s206-rank3,cooperation,1,True,default,False,0.37224999999999997,True
Qwen/ON,s206-rank3-d1-pos0,206,s206-rank3,cooperation,1,True,noise01,False,0.36441666666666683,True
Qwen/ON,s206-rank3-d1-pos0,206,s206-rank3,cooperation,1,True,long,False,0.19608333333333317,True
Qwen/ON,s206-rank3-d1-pos1,206,s206-rank3,background,1,False,default,True,0.0,False
Qwen/ON,s206-rank3-d1-pos1,206,s206-rank3,background,1,False,noise01,True,0.0,False
Qwen/ON,s206-rank3-d1-pos1,206,s206-rank3,background,1,False,long,True,0.0,False
Qwen/ON,s206-rank3-d1-pos2,206,s206-rank3,accurate,1,True,default,False,-0.004541666666666666,False
Qwen/ON,s206-rank3-d1-pos2,206,s206-rank3,accurate,1,True,noise01,False,0.02299999999999991,False
Qwen/ON,s206-rank3-d1-pos2,206,s206-rank3,accurate,1,True,long,False,0.014312500000000172,False
Qwen/ON,s206-rank3-d1-pos3,206,s206-rank3,mismatched,1,True,default,False,0.11379166666666651,False
Qwen/ON,s206-rank3-d1-pos3,206,s206-rank3,mismatched,1,True,noise01,False,0.14874999999999994,False
Qwen/ON,s206-rank3-d1-pos3,206,s206-rank3,mismatched,1,True,long,False,0.08720833333333333,False
Qwen/ON,s206-rank3-d1-pos4,206,s206-rank3,score,1,True,default,False,0.06183333333333341,True
Qwen/ON,s206-rank3-d1-pos4,206,s206-rank3,score,1,True,noise01,False,0.08891666666666631,True
Qwen/ON,s206-rank3-d1-pos4,206,s206-rank3,score,1,True,long,False,0.022645833333333254,True
Qwen/ON,s208-rank1-d1-pos0,208,s208-rank1,score,1,True,default,False,0.03112500000000007,False
Qwen/ON,s208-rank1-d1-pos0,208,s208-rank1,score,1,True,noise01,False,-0.0017083333333332007,False
Qwen/ON,s208-rank1-d1-pos0,208,s208-rank1,score,1,True,long,False,0.0037916666666666377,False
Qwen/ON,s208-rank1-d1-pos1,208,s208-rank1,background,1,True,default,False,0.06270833333333359,True
Qwen/ON,s208-rank1-d1-pos1,208,s208-rank1,background,1,True,noise01,False,0.0691250000000001,True
Qwen/ON,s208-rank1-d1-pos1,208,s208-rank1,background,1,True,long,False,0.022520833333333323,True
Qwen/ON,s208-rank1-d1-pos2,208,s208-rank1,cooperation,1,True,default,False,0.01750000000000007,True
Qwen/ON,s208-rank1-d1-pos2,208,s208-rank1,cooperation,1,True,noise01,False,0.004541666666666888,True
Qwen/ON,s208-rank1-d1-pos2,208,s208-rank1,cooperation,1,True,long,False,0.019645833333333362,True
Qwen/ON,s208-rank1-d1-pos3,208,s208-rank1,mismatched,1,True,default,False,0.18129166666666663,True
Qwen/ON,s208-rank1-d1-pos3,208,s208-rank1,mismatched,1,True,noise01,False,0.16816666666666658,True
Qwen/ON,s208-rank1-d1-pos3,208,s208-rank1,mismatched,1,True,long,False,0.07797916666666671,True
Qwen/ON,s208-rank1-d1-pos4,208,s208-rank1,accurate,1,True,default,False,0.1498750000000002,True
Qwen/ON,s208-rank1-d1-pos4,208,s208-rank1,accurate,1,True,noise01,False,0.22650000000000015,True
Qwen/ON,s208-rank1-d1-pos4,208,s208-rank1,accurate,1,True,long,False,0.08024999999999993,True
Qwen/ON,s216-rank1-d0-pos0,216,s216-rank1,mismatched,0,True,default,False,0.2628333333333335,True
Qwen/ON,s216-rank1-d0-pos0,216,s216-rank1,mismatched,0,True,noise01,False,0.22695833333333337,True
Qwen/ON,s216-rank1-d0-pos0,216,s216-rank1,mismatched,0,True,long,False,0.039104166666666496,True
Qwen/ON,s216-rank1-d0-pos1,216,s216-rank1,accurate,0,True,default,False,0.3342500000000004,True
Qwen/ON,s216-rank1-d0-pos1,216,s216-rank1,accurate,0,True,noise01,False,0.29462500000000014,True
Qwen/ON,s216-rank1-d0-pos1,216,s216-rank1,accurate,0,True,long,False,0.17118749999999983,True
Qwen/ON,s216-rank1-d0-pos2,216,s216-rank1,score,0,True,default,False,0.0535416666666666,True
Qwen/ON,s216-rank1-d0-pos2,216,s216-rank1,score,0,True,noise01,False,0.034833333333333494,True
Qwen/ON,s216-rank1-d0-pos2,216,s216-rank1,score,0,True,long,False,0.0245833333333334,True
Qwen/ON,s216-rank1-d0-pos3,216,s216-rank1,background,0,True,default,False,0.24870833333333353,True
Qwen/ON,s216-rank1-d0-pos3,216,s216-rank1,background,0,True,noise01,False,0.21591666666666653,True
Qwen/ON,s216-rank1-d0-pos3,216,s216-rank1,background,0,True,long,False,0.12320833333333336,True
Qwen/ON,s216-rank1-d0-pos4,216,s216-rank1,cooperation,0,True,default,False,0.04845833333333327,False
Qwen/ON,s216-rank1-d0-pos4,216,s216-rank1,cooperation,0,True,noise01,False,0.0454583333333336,False
Qwen/ON,s216-rank1-d0-pos4,216,s216-rank1,cooperation,0,True,long,False,0.02952083333333344,False
Qwen/ON,s210-rank6-d0-pos0,210,s210-rank6,background,0,True,default,False,0.1862083333333331,True
Qwen/ON,s210-rank6-d0-pos0,210,s210-rank6,background,0,True,noise01,False,0.19716666666666693,True
Qwen/ON,s210-rank6-d0-pos0,210,s210-rank6,background,0,True,long,False,0.09968749999999993,True
Qwen/ON,s210-rank6-d0-pos1,210,s210-rank6,score,0,True,default,False,0.05283333333333351,True
Qwen/ON,s210-rank6-d0-pos1,210,s210-rank6,score,0,True,noise01,False,0.0411250000000003,True
Qwen/ON,s210-rank6-d0-pos1,210,s210-rank6,score,0,True,long,False,0.005583333333333496,True
Qwen/ON,s210-rank6-d0-pos2,210,s210-rank6,cooperation,0,True,default,False,0.34866666666666646,True
Qwen/ON,s210-rank6-d0-pos2,210,s210-rank6,cooperation,0,True,noise01,False,0.3522916666666669,True
Qwen/ON,s210-rank6-d0-pos2,210,s210-rank6,cooperation,0,True,long,False,0.17827083333333338,True
Qwen/ON,s210-rank6-d0-pos3,210,s210-rank6,accurate,0,True,default,False,0.12083333333333313,True
Qwen/ON,s210-rank6-d0-pos3,210,s210-rank6,accurate,0,True,noise01,False,0.16054166666666703,True
Qwen/ON,s210-rank6-d0-pos3,210,s210-rank6,accurate,0,True,long,False,0.05733333333333346,True
Qwen/ON,s210-rank6-d0-pos4,210,s210-rank6,mismatched,0,True,default,False,0.07783333333333298,True
Qwen/ON,s210-rank6-d0-pos4,210,s210-rank6,mismatched,0,True,noise01,False,0.08629166666666688,True
Qwen/ON,s210-rank6-d0-pos4,210,s210-rank6,mismatched,0,True,long,False,0.04214583333333333,True
Qwen/ON,s202-rank1-d0-pos0,202,s202-rank1,mismatched,0,True,default,False,0.27449999999999974,True
Qwen/ON,s202-rank1-d0-pos0,202,s202-rank1,mismatched,0,True,noise01,False,0.26900000000000013,True
Qwen/ON,s202-rank1-d0-pos0,202,s202-rank1,mismatched,0,True,long,False,0.19350000000000023,True
Qwen/ON,s202-rank1-d0-pos1,202,s202-rank1,cooperation,0,True,default,False,0.19225000000000003,True
Qwen/ON,s202-rank1-d0-pos1,202,s202-rank1,cooperation,0,True,noise01,False,0.1694583333333335,True
Qwen/ON,s202-rank1-d0-pos1,202,s202-rank1,cooperation,0,True,long,False,0.07547916666666676,True
Qwen/ON,s202-rank1-d0-pos2,202,s202-rank1,background,0,True,default,False,0.014708333333333323,False
Qwen/ON,s202-rank1-d0-pos2,202,s202-rank1,background,0,True,noise01,False,0.01866666666666661,False
Qwen/ON,s202-rank1-d0-pos2,202,s202-rank1,background,0,True,long,False,0.0147708333333334,False
Qwen/ON,s202-rank1-d0-pos3,202,s202-rank1,score,0,True,default,False,0.1303749999999999,True
Qwen/ON,s202-rank1-d0-pos3,202,s202-rank1,score,0,True,noise01,False,0.12070833333333297,True
Qwen/ON,s202-rank1-d0-pos3,202,s202-rank1,score,0,True,long,False,0.04762500000000003,True
Qwen/ON,s202-rank1-d0-pos4,202,s202-rank1,accurate,0,True,default,False,0.12787499999999996,True
Qwen/ON,s202-rank1-d0-pos4,202,s202-rank1,accurate,0,True,noise01,False,0.1452916666666666,True
Qwen/ON,s202-rank1-d0-pos4,202,s202-rank1,accurate,0,True,long,False,0.05760416666666668,True
Qwen/ON,s208-rank1-d0-pos0,208,s208-rank1,score,0,True,default,False,-0.00591666666666657,False
Qwen/ON,s208-rank1-d0-pos0,208,s208-rank1,score,0,True,noise01,False,-0.027291666666666492,False
Qwen/ON,s208-rank1-d0-pos0,208,s208-rank1,score,0,True,long,False,0.005937499999999929,False
Qwen/ON,s208-rank1-d0-pos1,208,s208-rank1,background,0,True,default,False,0.04620833333333341,False
Qwen/ON,s208-rank1-d0-pos1,208,s208-rank1,background,0,True,noise01,False,0.04716666666666658,False
Qwen/ON,s208-rank1-d0-pos1,208,s208-rank1,background,0,True,long,False,-0.020041666666666735,False
Qwen/ON,s208-rank1-d0-pos2,208,s208-rank1,cooperation,0,True,default,False,0.020999999999999908,False
Qwen/ON,s208-rank1-d0-pos2,208,s208-rank1,cooperation,0,True,noise01,False,0.009375000000000133,False
Qwen/ON,s208-rank1-d0-pos2,208,s208-rank1,cooperation,0,True,long,False,0.009333333333333416,False
Qwen/ON,s208-rank1-d0-pos3,208,s208-rank1,mismatched,0,False,default,True,0.0,False
Qwen/ON,s208-rank1-d0-pos3,208,s208-rank1,mismatched,0,False,noise01,True,0.0,False
Qwen/ON,s208-rank1-d0-pos3,208,s208-rank1,mismatched,0,False,long,True,0.0,False
Qwen/ON,s208-rank1-d0-pos4,208,s208-rank1,accurate,0,True,default,False,0.021500000000000075,False
Qwen/ON,s208-rank1-d0-pos4,208,s208-rank1,accurate,0,True,noise01,False,0.007916666666666572,False
Qwen/ON,s208-rank1-d0-pos4,208,s208-rank1,accurate,0,True,long,False,0.02210416666666637,False
Qwen/ON,s218-rank3-d0-pos0,218,s218-rank3,cooperation,0,True,default,False,0.048708333333333576,False
Qwen/ON,s218-rank3-d0-pos0,218,s218-rank3,cooperation,0,True,noise01,False,0.04125000000000023,False
Qwen/ON,s218-rank3-d0-pos0,218,s218-rank3,cooperation,0,True,long,False,0.038249999999999895,False
Qwen/ON,s218-rank3-d0-pos1,218,s218-rank3,accurate,0,True,default,False,0.0771666666666666,False
Qwen/ON,s218-rank3-d0-pos1,218,s218-rank3,accurate,0,True,noise01,False,0.0903333333333336,False
Qwen/ON,s218-rank3-d0-pos1,218,s218-rank3,accurate,0,True,long,False,0.00681250000000011,False
Qwen/ON,s218-rank3-d0-pos2,218,s218-rank3,score,0,True,default,False,0.12191666666666667,True
Qwen/ON,s218-rank3-d0-pos2,218,s218-rank3,score,0,True,noise01,False,0.12037500000000012,True
Qwen/ON,s218-rank3-d0-pos2,218,s218-rank3,score,0,True,long,False,0.0341041666666666,True
Qwen/ON,s218-rank3-d0-pos3,218,s218-rank3,mismatched,0,False,default,True,0.0,False
Qwen/ON,s218-rank3-d0-pos3,218,s218-rank3,mismatched,0,False,noise01,True,0.0,False
Qwen/ON,s218-rank3-d0-pos3,218,s218-rank3,mismatched,0,False,long,True,0.0,False
Qwen/ON,s218-rank3-d0-pos4,218,s218-rank3,background,0,True,default,False,0.029583333333333517,False
Qwen/ON,s218-rank3-d0-pos4,218,s218-rank3,background,0,True,noise01,False,0.027166666666666783,False
Qwen/ON,s218-rank3-d0-pos4,218,s218-rank3,background,0,True,long,False,-0.022354166666666675,False
Qwen/ON,s202-rank3-d0-pos0,202,s202-rank3,mismatched,0,True,default,False,0.15879166666666644,True
Qwen/ON,s202-rank3-d0-pos0,202,s202-rank3,mismatched,0,True,noise01,False,0.1922916666666663,True
Qwen/ON,s202-rank3-d0-pos0,202,s202-rank3,mismatched,0,True,long,False,-0.005624999999999769,True
Qwen/ON,s202-rank3-d0-pos1,202,s202-rank3,cooperation,0,True,default,False,0.007624999999999771,False
Qwen/ON,s202-rank3-d0-pos1,202,s202-rank3,cooperation,0,True,noise01,False,0.0479583333333331,False
Qwen/ON,s202-rank3-d0-pos1,202,s202-rank3,cooperation,0,True,long,False,-0.08147916666666655,False
Qwen/ON,s202-rank3-d0-pos2,202,s202-rank3,background,0,True,default,False,0.3777499999999996,True
Qwen/ON,s202-rank3-d0-pos2,202,s202-rank3,background,0,True,noise01,False,0.36395833333333316,True
Qwen/ON,s202-rank3-d0-pos2,202,s202-rank3,background,0,True,long,False,0.09141666666666692,True
Qwen/ON,s202-rank3-d0-pos3,202,s202-rank3,score,0,True,default,False,0.13416666666666655,True
Qwen/ON,s202-rank3-d0-pos3,202,s202-rank3,score,0,True,noise01,False,0.14954166666666646,True
Qwen/ON,s202-rank3-d0-pos3,202,s202-rank3,score,0,True,long,False,-0.023312499999999847,True
Qwen/ON,s202-rank3-d0-pos4,202,s202-rank3,accurate,0,True,default,False,0.251708333333333,True
Qwen/ON,s202-rank3-d0-pos4,202,s202-rank3,accurate,0,True,noise01,False,0.26616666666666644,True
Qwen/ON,s202-rank3-d0-pos4,202,s202-rank3,accurate,0,True,long,False,0.047958333333333325,True
Qwen/ON,s215-rank6-d1-pos0,215,s215-rank6,background,1,True,default,False,0.11358333333333337,False
Qwen/ON,s215-rank6-d1-pos0,215,s215-rank6,background,1,True,noise01,False,0.1459583333333334,False
Qwen/ON,s215-rank6-d1-pos0,215,s215-rank6,background,1,True,long,False,0.12314583333333329,False
Qwen/ON,s215-rank6-d1-pos1,215,s215-rank6,accurate,1,True,default,False,0.1905000000000001,False
Qwen/ON,s215-rank6-d1-pos1,215,s215-rank6,accurate,1,True,noise01,False,0.19062500000000004,False
Qwen/ON,s215-rank6-d1-pos1,215,s215-rank6,accurate,1,True,long,False,0.1729166666666666,False
Qwen/ON,s215-rank6-d1-pos2,215,s215-rank6,mismatched,1,True,default,False,0.2475833333333337,True
Qwen/ON,s215-rank6-d1-pos2,215,s215-rank6,mismatched,1,True,noise01,False,0.2515000000000003,True
Qwen/ON,s215-rank6-d1-pos2,215,s215-rank6,mismatched,1,True,long,False,0.19214583333333346,True
Qwen/ON,s215-rank6-d1-pos3,215,s215-rank6,cooperation,1,True,default,False,0.28195833333333353,True
Qwen/ON,s215-rank6-d1-pos3,215,s215-rank6,cooperation,1,True,noise01,False,0.3001250000000002,True
Qwen/ON,s215-rank6-d1-pos3,215,s215-rank6,cooperation,1,True,long,False,0.2588125000000001,True
Qwen/ON,s215-rank6-d1-pos4,215,s215-rank6,score,1,True,default,False,0.19291666666666685,False
Qwen/ON,s215-rank6-d1-pos4,215,s215-rank6,score,1,True,noise01,False,0.2173750000000001,False
Qwen/ON,s215-rank6-d1-pos4,215,s215-rank6,score,1,True,long,False,0.17747916666666663,False
Qwen/ON,s218-rank3-d1-pos0,218,s218-rank3,cooperation,1,True,default,False,0.08358333333333312,True
Qwen/ON,s218-rank3-d1-pos0,218,s218-rank3,cooperation,1,True,noise01,False,0.07408333333333328,True
Qwen/ON,s218-rank3-d1-pos0,218,s218-rank3,cooperation,1,True,long,False,0.007312500000000277,True
Qwen/ON,s218-rank3-d1-pos1,218,s218-rank3,accurate,1,True,default,False,0.17245833333333338,True
Qwen/ON,s218-rank3-d1-pos1,218,s218-rank3,accurate,1,True,noise01,False,0.17933333333333312,True
Qwen/ON,s218-rank3-d1-pos1,218,s218-rank3,accurate,1,True,long,False,0.05256250000000007,True
Qwen/ON,s218-rank3-d1-pos2,218,s218-rank3,score,1,True,default,False,0.032208333333333394,False
Qwen/ON,s218-rank3-d1-pos2,218,s218-rank3,score,1,True,noise01,False,0.037416666666666654,False
Qwen/ON,s218-rank3-d1-pos2,218,s218-rank3,score,1,True,long,False,-0.011208333333333265,False
Qwen/ON,s218-rank3-d1-pos3,218,s218-rank3,mismatched,1,True,default,False,0.20458333333333356,True
Qwen/ON,s218-rank3-d1-pos3,218,s218-rank3,mismatched,1,True,noise01,False,0.18858333333333333,True
Qwen/ON,s218-rank3-d1-pos3,218,s218-rank3,mismatched,1,True,long,False,0.07437499999999986,True
Qwen/ON,s218-rank3-d1-pos4,218,s218-rank3,background,1,True,default,False,0.1475000000000002,True
Qwen/ON,s218-rank3-d1-pos4,218,s218-rank3,background,1,True,noise01,False,0.16679166666666667,True
Qwen/ON,s218-rank3-d1-pos4,218,s218-rank3,background,1,True,long,False,0.04974999999999996,True
Qwen/ON,s217-rank1-d0-pos0,217,s217-rank1,accurate,0,True,default,False,0.02733333333333343,True
Qwen/ON,s217-rank1-d0-pos0,217,s217-rank1,accurate,0,True,noise01,False,0.0011249999999995985,True
Qwen/ON,s217-rank1-d0-pos0,217,s217-rank1,accurate,0,True,long,False,0.002166666666666428,True
Qwen/ON,s217-rank1-d0-pos1,217,s217-rank1,mismatched,0,True,default,False,0.010249999999999648,False
Qwen/ON,s217-rank1-d0-pos1,217,s217-rank1,mismatched,0,True,noise01,False,-0.004541666666666888,False
Qwen/ON,s217-rank1-d0-pos1,217,s217-rank1,mismatched,0,True,long,False,0.0027291666666664494,False
Qwen/ON,s217-rank1-d0-pos2,217,s217-rank1,cooperation,0,True,default,False,-0.0920416666666668,False
Qwen/ON,s217-rank1-d0-pos2,217,s217-rank1,cooperation,0,True,noise01,False,-0.06350000000000033,False
Qwen/ON,s217-rank1-d0-pos2,217,s217-rank1,cooperation,0,True,long,False,-0.05670833333333336,False
Qwen/ON,s217-rank1-d0-pos3,217,s217-rank1,background,0,True,default,False,0.008500000000000174,True
Qwen/ON,s217-rank1-d0-pos3,217,s217-rank1,background,0,True,noise01,False,0.0008749999999997371,True
Qwen/ON,s217-rank1-d0-pos3,217,s217-rank1,background,0,True,long,False,0.004145833333333293,True
Qwen/ON,s217-rank1-d0-pos4,217,s217-rank1,score,0,True,default,False,0.19841666666666669,True
Qwen/ON,s217-rank1-d0-pos4,217,s217-rank1,score,0,True,noise01,False,0.17729166666666663,True
Qwen/ON,s217-rank1-d0-pos4,217,s217-rank1,score,0,True,long,False,0.21479166666666671,True
Qwen/ON,s212-rank1-d0-pos0,212,s212-rank1,accurate,0,True,default,False,0.1967500000000002,False
Qwen/ON,s212-rank1-d0-pos0,212,s212-rank1,accurate,0,True,noise01,False,0.17525000000000035,False
Qwen/ON,s212-rank1-d0-pos0,212,s212-rank1,accurate,0,True,long,False,0.19977083333333345,False
Qwen/ON,s212-rank1-d0-pos1,212,s212-rank1,score,0,True,default,False,0.03283333333333349,True
Qwen/ON,s212-rank1-d0-pos1,212,s212-rank1,score,0,True,noise01,False,0.027625000000000233,True
Qwen/ON,s212-rank1-d0-pos1,212,s212-rank1,score,0,True,long,False,0.0014375000000002025,True
Qwen/ON,s212-rank1-d0-pos2,212,s212-rank1,mismatched,0,True,default,False,0.11299999999999999,False
Qwen/ON,s212-rank1-d0-pos2,212,s212-rank1,mismatched,0,True,noise01,False,0.08591666666666664,False
Qwen/ON,s212-rank1-d0-pos2,212,s212-rank1,mismatched,0,True,long,False,-0.057062499999999794,False
Qwen/ON,s212-rank1-d0-pos3,212,s212-rank1,background,0,True,default,False,0.12145833333333345,True
Qwen/ON,s212-rank1-d0-pos3,212,s212-rank1,background,0,True,noise01,False,0.11987500000000018,True
Qwen/ON,s212-rank1-d0-pos3,212,s212-rank1,background,0,True,long,False,0.09937500000000021,True
Qwen/ON,s212-rank1-d0-pos4,212,s212-rank1,cooperation,0,True,default,False,0.0032083333333337016,False
Qwen/ON,s212-rank1-d0-pos4,212,s212-rank1,cooperation,0,True,noise01,False,-0.011333333333333195,False
Qwen/ON,s212-rank1-d0-pos4,212,s212-rank1,cooperation,0,True,long,False,-0.017895833333333222,False
Qwen/ON,s219-rank6-d1-pos0,219,s219-rank6,accurate,1,True,default,False,0.13075000000000037,False
Qwen/ON,s219-rank6-d1-pos0,219,s219-rank6,accurate,1,True,noise01,False,0.13474999999999993,False
Qwen/ON,s219-rank6-d1-pos0,219,s219-rank6,accurate,1,True,long,False,0.04877083333333321,False
Qwen/ON,s219-rank6-d1-pos1,219,s219-rank6,score,1,True,default,False,0.009333333333333416,False
Qwen/ON,s219-rank6-d1-pos1,219,s219-rank6,score,1,True,noise01,False,0.029208333333333503,False
Qwen/ON,s219-rank6-d1-pos1,219,s219-rank6,score,1,True,long,False,-0.009458333333333568,False
Qwen/ON,s219-rank6-d1-pos2,219,s219-rank6,cooperation,1,True,default,False,0.1359583333333334,True
Qwen/ON,s219-rank6-d1-pos2,219,s219-rank6,cooperation,1,True,noise01,False,0.14100000000000001,True
Qwen/ON,s219-rank6-d1-pos2,219,s219-rank6,cooperation,1,True,long,False,0.05881249999999971,True
Qwen/ON,s219-rank6-d1-pos3,219,s219-rank6,background,1,True,default,False,0.017916666666666803,False
Qwen/ON,s219-rank6-d1-pos3,219,s219-rank6,background,1,True,noise01,False,0.006291666666666806,False
Qwen/ON,s219-rank6-d1-pos3,219,s219-rank6,background,1,True,long,False,-0.0046041666666667425,False
Qwen/ON,s219-rank6-d1-pos4,219,s219-rank6,mismatched,1,True,default,False,0.1462916666666665,True
Qwen/ON,s219-rank6-d1-pos4,219,s219-rank6,mismatched,1,True,noise01,False,0.15620833333333328,True
Qwen/ON,s219-rank6-d1-pos4,219,s219-rank6,mismatched,1,True,long,False,0.06397916666666648,True
Qwen/ON,s207-rank3-d0-pos0,207,s207-rank3,cooperation,0,True,default,False,0.07037499999999985,True
Qwen/ON,s207-rank3-d0-pos0,207,s207-rank3,cooperation,0,True,noise01,False,0.04258333333333297,True
Qwen/ON,s207-rank3-d0-pos0,207,s207-rank3,cooperation,0,True,long,False,-0.04597916666666646,True
Qwen/ON,s207-rank3-d0-pos1,207,s207-rank3,accurate,0,True,default,False,0.20937499999999964,True
Qwen/ON,s207-rank3-d0-pos1,207,s207-rank3,accurate,0,True,noise01,False,0.17741666666666678,True
Qwen/ON,s207-rank3-d0-pos1,207,s207-rank3,accurate,0,True,long,False,0.16114583333333377,True
Qwen/ON,s207-rank3-d0-pos2,207,s207-rank3,background,0,True,default,False,-0.12408333333333332,False
Qwen/ON,s207-rank3-d0-pos2,207,s207-rank3,background,0,True,noise01,False,-0.10079166666666683,False
Qwen/ON,s207-rank3-d0-pos2,207,s207-rank3,background,0,True,long,False,-0.19731249999999978,False
Qwen/ON,s207-rank3-d0-pos3,207,s207-rank3,score,0,True,default,False,0.19599999999999973,True
Qwen/ON,s207-rank3-d0-pos3,207,s207-rank3,score,0,True,noise01,False,0.195125,True
Qwen/ON,s207-rank3-d0-pos3,207,s207-rank3,score,0,True,long,False,0.02420833333333361,True
Qwen/ON,s207-rank3-d0-pos4,207,s207-rank3,mismatched,0,True,default,False,0.10883333333333312,True
Qwen/ON,s207-rank3-d0-pos4,207,s207-rank3,mismatched,0,True,noise01,False,0.09033333333333315,True
Qwen/ON,s207-rank3-d0-pos4,207,s207-rank3,mismatched,0,True,long,False,0.037312500000000526,True
Qwen/ON,s213-rank1-d0-pos0,213,s213-rank1,accurate,0,True,default,False,0.025708333333333222,False
Qwen/ON,s213-rank1-d0-pos0,213,s213-rank1,accurate,0,True,noise01,False,0.0266249999999999,False
Qwen/ON,s213-rank1-d0-pos0,213,s213-rank1,accurate,0,True,long,False,0.009937499999999932,False
Qwen/ON,s213-rank1-d0-pos1,213,s213-rank1,cooperation,0,True,default,False,0.07970833333333349,True
Qwen/ON,s213-rank1-d0-pos1,213,s213-rank1,cooperation,0,True,noise01,False,0.09195833333333314,True
Qwen/ON,s213-rank1-d0-pos1,213,s213-rank1,cooperation,0,True,long,False,0.041291666666666504,True
Qwen/ON,s213-rank1-d0-pos2,213,s213-rank1,background,0,True,default,False,0.09983333333333366,True
Qwen/ON,s213-rank1-d0-pos2,213,s213-rank1,background,0,True,noise01,False,0.12412500000000004,True
Qwen/ON,s213-rank1-d0-pos2,213,s213-rank1,background,0,True,long,False,0.053604166666666675,True
Qwen/ON,s213-rank1-d0-pos3,213,s213-rank1,score,0,True,default,False,-0.0679166666666664,True
Qwen/ON,s213-rank1-d0-pos3,213,s213-rank1,score,0,True,noise01,False,-0.04387500000000011,True
Qwen/ON,s213-rank1-d0-pos3,213,s213-rank1,score,0,True,long,False,-0.022666666666666835,True
Qwen/ON,s213-rank1-d0-pos4,213,s213-rank1,mismatched,0,True,default,False,0.10354166666666709,True
Qwen/ON,s213-rank1-d0-pos4,213,s213-rank1,mismatched,0,True,noise01,False,0.10900000000000021,True
Qwen/ON,s213-rank1-d0-pos4,213,s213-rank1,mismatched,0,True,long,False,0.05377083333333332,True
Qwen/ON,s201-rank6-d0-pos0,201,s201-rank6,accurate,0,True,default,False,0.17574999999999985,True
Qwen/ON,s201-rank6-d0-pos0,201,s201-rank6,accurate,0,True,noise01,False,0.17637499999999995,True
Qwen/ON,s201-rank6-d0-pos0,201,s201-rank6,accurate,0,True,long,False,0.10256249999999989,True
Qwen/ON,s201-rank6-d0-pos1,201,s201-rank6,cooperation,0,True,default,False,0.08020833333333321,False
Qwen/ON,s201-rank6-d0-pos1,201,s201-rank6,cooperation,0,True,noise01,False,0.13049999999999984,False
Qwen/ON,s201-rank6-d0-pos1,201,s201-rank6,cooperation,0,True,long,False,0.06245833333333328,False
Qwen/ON,s201-rank6-d0-pos2,201,s201-rank6,score,0,True,default,False,0.3623333333333334,True
Qwen/ON,s201-rank6-d0-pos2,201,s201-rank6,score,0,True,noise01,False,0.3487500000000001,True
Qwen/ON,s201-rank6-d0-pos2,201,s201-rank6,score,0,True,long,False,0.17670833333333325,True
Qwen/ON,s201-rank6-d0-pos3,201,s201-rank6,mismatched,0,True,default,False,0.11083333333333334,True
Qwen/ON,s201-rank6-d0-pos3,201,s201-rank6,mismatched,0,True,noise01,False,0.11566666666666658,True
Qwen/ON,s201-rank6-d0-pos3,201,s201-rank6,mismatched,0,True,long,False,0.12187499999999996,True
Qwen/ON,s201-rank6-d0-pos4,201,s201-rank6,background,0,False,default,True,0.0,False
Qwen/ON,s201-rank6-d0-pos4,201,s201-rank6,background,0,False,noise01,True,0.0,False
Qwen/ON,s201-rank6-d0-pos4,201,s201-rank6,background,0,False,long,True,0.0,False
Qwen/ON,s213-rank6-d1-pos0,213,s213-rank6,accurate,1,True,default,False,0.23600000000000043,True
Qwen/ON,s213-rank6-d1-pos0,213,s213-rank6,accurate,1,True,noise01,False,0.2241666666666664,True
Qwen/ON,s213-rank6-d1-pos0,213,s213-rank6,accurate,1,True,long,False,0.11250000000000049,True
Qwen/ON,s213-rank6-d1-pos1,213,s213-rank6,cooperation,1,True,default,False,0.04554166666666659,True
Qwen/ON,s213-rank6-d1-pos1,213,s213-rank6,cooperation,1,True,noise01,False,0.08083333333333331,True
Qwen/ON,s213-rank6-d1-pos1,213,s213-rank6,cooperation,1,True,long,False,0.026000000000000245,True
Qwen/ON,s213-rank6-d1-pos2,213,s213-rank6,background,1,True,default,False,0.033625000000000016,False
Qwen/ON,s213-rank6-d1-pos2,213,s213-rank6,background,1,True,noise01,False,0.031999999999999806,False
Qwen/ON,s213-rank6-d1-pos2,213,s213-rank6,background,1,True,long,False,0.014437500000000325,False
Qwen/ON,s213-rank6-d1-pos3,213,s213-rank6,score,1,True,default,False,0.10179166666666695,True
Qwen/ON,s213-rank6-d1-pos3,213,s213-rank6,score,1,True,noise01,False,0.09329166666666633,True
Qwen/ON,s213-rank6-d1-pos3,213,s213-rank6,score,1,True,long,False,0.0472083333333333,True
Qwen/ON,s213-rank6-d1-pos4,213,s213-rank6,mismatched,1,True,default,False,0.24479166666666674,True
Qwen/ON,s213-rank6-d1-pos4,213,s213-rank6,mismatched,1,True,noise01,False,0.26108333333333333,True
Qwen/ON,s213-rank6-d1-pos4,213,s213-rank6,mismatched,1,True,long,False,0.11733333333333351,True
Qwen/ON,s217-rank3-d1-pos0,217,s217-rank3,accurate,1,True,default,False,0.28408333333333324,True
Qwen/ON,s217-rank3-d1-pos0,217,s217-rank3,accurate,1,True,noise01,False,0.26424999999999965,True
Qwen/ON,s217-rank3-d1-pos0,217,s217-rank3,accurate,1,True,long,True,0.0,True
Qwen/ON,s217-rank3-d1-pos1,217,s217-rank3,mismatched,1,True,default,False,0.0535000000000001,False
Qwen/ON,s217-rank3-d1-pos1,217,s217-rank3,mismatched,1,True,noise01,False,0.03866666666666663,False
Qwen/ON,s217-rank3-d1-pos1,217,s217-rank3,mismatched,1,True,long,False,0.017708333333333437,False
Qwen/ON,s217-rank3-d1-pos2,217,s217-rank3,cooperation,1,True,default,False,-0.004041666666666721,True
Qwen/ON,s217-rank3-d1-pos2,217,s217-rank3,cooperation,1,True,noise01,False,0.028249999999999886,True
Qwen/ON,s217-rank3-d1-pos2,217,s217-rank3,cooperation,1,True,long,False,0.012458333333333238,True
Qwen/ON,s217-rank3-d1-pos3,217,s217-rank3,background,1,True,default,False,-0.09783333333333322,False
Qwen/ON,s217-rank3-d1-pos3,217,s217-rank3,background,1,True,noise01,False,-0.06212500000000021,False
Qwen/ON,s217-rank3-d1-pos3,217,s217-rank3,background,1,True,long,False,-0.05937500000000018,False
Qwen/ON,s217-rank3-d1-pos4,217,s217-rank3,score,1,True,default,False,0.10787499999999994,True
Qwen/ON,s217-rank3-d1-pos4,217,s217-rank3,score,1,True,noise01,False,0.12562499999999988,True
Qwen/ON,s217-rank3-d1-pos4,217,s217-rank3,score,1,True,long,True,0.0,True
Qwen/ON,s203-rank6-d0-pos0,203,s203-rank6,score,0,True,default,False,0.16808333333333314,True
Qwen/ON,s203-rank6-d0-pos0,203,s203-rank6,score,0,True,noise01,False,0.15712499999999974,True
Qwen/ON,s203-rank6-d0-pos0,203,s203-rank6,score,0,True,long,False,0.18702083333333297,True
Qwen/ON,s203-rank6-d0-pos1,203,s203-rank6,mismatched,0,True,default,False,-0.011624999999999996,False
Qwen/ON,s203-rank6-d0-pos1,203,s203-rank6,mismatched,0,True,noise01,False,0.01329166666666648,False
Qwen/ON,s203-rank6-d0-pos1,203,s203-rank6,mismatched,0,True,long,False,0.003937499999999705,False
Qwen/ON,s203-rank6-d0-pos2,203,s203-rank6,background,0,True,default,False,0.19166666666666643,True
Qwen/ON,s203-rank6-d0-pos2,203,s203-rank6,background,0,True,noise01,False,0.2044999999999999,True
Qwen/ON,s203-rank6-d0-pos2,203,s203-rank6,background,0,True,long,False,0.07916666666666661,True
Qwen/ON,s203-rank6-d0-pos3,203,s203-rank6,cooperation,0,True,default,False,-0.01508333333333356,False
Qwen/ON,s203-rank6-d0-pos3,203,s203-rank6,cooperation,0,True,noise01,False,-0.023333333333333428,False
Qwen/ON,s203-rank6-d0-pos3,203,s203-rank6,cooperation,0,True,long,False,-0.024437500000000334,False
Qwen/ON,s203-rank6-d0-pos4,203,s203-rank6,accurate,0,True,default,False,-0.04954166666666682,False
Qwen/ON,s203-rank6-d0-pos4,203,s203-rank6,accurate,0,True,noise01,False,-0.02950000000000008,False
Qwen/ON,s203-rank6-d0-pos4,203,s203-rank6,accurate,0,True,long,False,-0.05254166666666693,False
Qwen/ON,s218-rank6-d0-pos0,218,s218-rank6,cooperation,0,True,default,False,0.06275000000000008,False
Qwen/ON,s218-rank6-d0-pos0,218,s218-rank6,cooperation,0,True,noise01,False,0.06866666666666665,False
Qwen/ON,s218-rank6-d0-pos0,218,s218-rank6,cooperation,0,True,long,False,0.12164583333333345,False
Qwen/ON,s218-rank6-d0-pos1,218,s218-rank6,accurate,0,True,default,False,0.18370833333333314,False
Qwen/ON,s218-rank6-d0-pos1,218,s218-rank6,accurate,0,True,noise01,False,0.18391666666666673,False
Qwen/ON,s218-rank6-d0-pos1,218,s218-rank6,accurate,0,True,long,False,0.17581250000000015,False
Qwen/ON,s218-rank6-d0-pos2,218,s218-rank6,score,0,True,default,False,0.13304166666666672,False
Qwen/ON,s218-rank6-d0-pos2,218,s218-rank6,score,0,True,noise01,False,0.14087499999999986,False
Qwen/ON,s218-rank6-d0-pos2,218,s218-rank6,score,0,True,long,False,0.15045833333333358,False
Qwen/ON,s218-rank6-d0-pos3,218,s218-rank6,mismatched,0,True,default,False,0.13420833333333304,False
Qwen/ON,s218-rank6-d0-pos3,218,s218-rank6,mismatched,0,True,noise01,False,0.12616666666666676,False
Qwen/ON,s218-rank6-d0-pos3,218,s218-rank6,mismatched,0,True,long,False,0.14470833333333344,False
Qwen/ON,s218-rank6-d0-pos4,218,s218-rank6,background,0,True,default,False,0.17333333333333334,False
Qwen/ON,s218-rank6-d0-pos4,218,s218-rank6,background,0,True,noise01,False,0.14641666666666664,False
Qwen/ON,s218-rank6-d0-pos4,218,s218-rank6,background,0,True,long,False,0.1665416666666668,False
Qwen/ON,s206-rank1-d0-pos0,206,s206-rank1,cooperation,0,True,default,False,0.012250000000000094,True
Qwen/ON,s206-rank1-d0-pos0,206,s206-rank1,cooperation,0,True,noise01,False,0.01604166666666651,True
Qwen/ON,s206-rank1-d0-pos0,206,s206-rank1,cooperation,0,True,long,False,-0.023583333333333067,True
Qwen/ON,s206-rank1-d0-pos1,206,s206-rank1,background,0,True,default,False,0.021166666666666778,False
Qwen/ON,s206-rank1-d0-pos1,206,s206-rank1,background,0,True,noise01,False,0.015625,False
Qwen/ON,s206-rank1-d0-pos1,206,s206-rank1,background,0,True,long,False,-0.0010416666666666075,False
Qwen/ON,s206-rank1-d0-pos2,206,s206-rank1,accurate,0,True,default,False,0.1413333333333331,True
Qwen/ON,s206-rank1-d0-pos2,206,s206-rank1,accurate,0,True,noise01,False,0.1396666666666666,True
Qwen/ON,s206-rank1-d0-pos2,206,s206-rank1,accurate,0,True,long,False,0.1058958333333333,True
Qwen/ON,s206-rank1-d0-pos3,206,s206-rank1,mismatched,0,True,default,False,0.02633333333333332,True
Qwen/ON,s206-rank1-d0-pos3,206,s206-rank1,mismatched,0,True,noise01,False,0.022833333333333483,True
Qwen/ON,s206-rank1-d0-pos3,206,s206-rank1,mismatched,0,True,long,False,-0.010062499999999863,True
Qwen/ON,s206-rank1-d0-pos4,206,s206-rank1,score,0,True,default,False,-0.07854166666666651,False
Qwen/ON,s206-rank1-d0-pos4,206,s206-rank1,score,0,True,noise01,False,-0.07741666666666669,False
Qwen/ON,s206-rank1-d0-pos4,206,s206-rank1,score,0,True,long,False,-0.07495833333333324,False
Qwen/ON,s214-rank3-d0-pos0,214,s214-rank3,mismatched,0,False,default,True,0.0,False
Qwen/ON,s214-rank3-d0-pos0,214,s214-rank3,mismatched,0,False,noise01,True,0.0,False
Qwen/ON,s214-rank3-d0-pos0,214,s214-rank3,mismatched,0,False,long,True,0.0,False
Qwen/ON,s214-rank3-d0-pos1,214,s214-rank3,background,0,True,default,False,0.08799999999999986,False
Qwen/ON,s214-rank3-d0-pos1,214,s214-rank3,background,0,True,noise01,False,0.12512500000000037,False
Qwen/ON,s214-rank3-d0-pos1,214,s214-rank3,background,0,True,long,False,0.0472083333333333,False
Qwen/ON,s214-rank3-d0-pos2,214,s214-rank3,accurate,0,True,default,False,0.2710833333333331,True
Qwen/ON,s214-rank3-d0-pos2,214,s214-rank3,accurate,0,True,noise01,False,0.2789583333333334,True
Qwen/ON,s214-rank3-d0-pos2,214,s214-rank3,accurate,0,True,long,True,0.0,True
Qwen/ON,s214-rank3-d0-pos3,214,s214-rank3,score,0,True,default,False,-0.0009166666666666767,True
Qwen/ON,s214-rank3-d0-pos3,214,s214-rank3,score,0,True,noise01,False,0.018041666666666734,True
Qwen/ON,s214-rank3-d0-pos3,214,s214-rank3,score,0,True,long,False,-0.041604166666666664,True
Qwen/ON,s214-rank3-d0-pos4,214,s214-rank3,cooperation,0,True,default,False,0.019749999999999934,False
Qwen/ON,s214-rank3-d0-pos4,214,s214-rank3,cooperation,0,True,noise01,False,0.019625000000000226,False
Qwen/ON,s214-rank3-d0-pos4,214,s214-rank3,cooperation,0,True,long,True,0.0,False
Qwen/ON,s207-rank1-d0-pos0,207,s207-rank1,cooperation,0,False,default,True,0.0,False
Qwen/ON,s207-rank1-d0-pos0,207,s207-rank1,cooperation,0,False,noise01,True,0.0,False
Qwen/ON,s207-rank1-d0-pos0,207,s207-rank1,cooperation,0,False,long,True,0.0,False
Qwen/ON,s207-rank1-d0-pos1,207,s207-rank1,accurate,0,True,default,False,0.46245833333333297,True
Qwen/ON,s207-rank1-d0-pos1,207,s207-rank1,accurate,0,True,noise01,False,0.43004166666666666,True
Qwen/ON,s207-rank1-d0-pos1,207,s207-rank1,accurate,0,True,long,False,0.2240833333333332,True
Qwen/ON,s207-rank1-d0-pos2,207,s207-rank1,background,0,True,default,False,0.16116666666666646,False
Qwen/ON,s207-rank1-d0-pos2,207,s207-rank1,background,0,True,noise01,False,0.18049999999999988,False
Qwen/ON,s207-rank1-d0-pos2,207,s207-rank1,background,0,True,long,False,0.06029166666666663,False
Qwen/ON,s207-rank1-d0-pos3,207,s207-rank1,score,0,True,default,False,0.28083333333333305,True
Qwen/ON,s207-rank1-d0-pos3,207,s207-rank1,score,0,True,noise01,False,0.24600000000000022,True
Qwen/ON,s207-rank1-d0-pos3,207,s207-rank1,score,0,True,long,False,0.11812500000000004,True
Qwen/ON,s207-rank1-d0-pos4,207,s207-rank1,mismatched,0,True,default,False,0.4379166666666665,False
Qwen/ON,s207-rank1-d0-pos4,207,s207-rank1,mismatched,0,True,noise01,False,0.4186249999999998,False
Qwen/ON,s207-rank1-d0-pos4,207,s207-rank1,mismatched,0,True,long,False,0.19477083333333312,False
Qwen/ON,s219-rank6-d0-pos0,219,s219-rank6,accurate,0,True,default,False,0.26908333333333356,True
Qwen/ON,s219-rank6-d0-pos0,219,s219-rank6,accurate,0,True,noise01,False,0.2739166666666666,True
Qwen/ON,s219-rank6-d0-pos0,219,s219-rank6,accurate,0,True,long,False,0.1310416666666665,True
Qwen/ON,s219-rank6-d0-pos1,219,s219-rank6,score,0,True,default,False,0.3192083333333331,True
Qwen/ON,s219-rank6-d0-pos1,219,s219-rank6,score,0,True,noise01,False,0.3022083333333332,True
Qwen/ON,s219-rank6-d0-pos1,219,s219-rank6,score,0,True,long,False,0.1383958333333335,True
Qwen/ON,s219-rank6-d0-pos2,219,s219-rank6,cooperation,0,False,default,True,0.0,False
Qwen/ON,s219-rank6-d0-pos2,219,s219-rank6,cooperation,0,False,noise01,True,0.0,False
Qwen/ON,s219-rank6-d0-pos2,219,s219-rank6,cooperation,0,False,long,True,0.0,False
Qwen/ON,s219-rank6-d0-pos3,219,s219-rank6,background,0,True,default,False,-0.0379166666666666,False
Qwen/ON,s219-rank6-d0-pos3,219,s219-rank6,background,0,True,noise01,False,-0.009791666666666865,False
Qwen/ON,s219-rank6-d0-pos3,219,s219-rank6,background,0,True,long,False,-0.03404166666666697,False
Qwen/ON,s219-rank6-d0-pos4,219,s219-rank6,mismatched,0,False,default,True,0.0,False
Qwen/ON,s219-rank6-d0-pos4,219,s219-rank6,mismatched,0,False,noise01,True,0.0,False
Qwen/ON,s219-rank6-d0-pos4,219,s219-rank6,mismatched,0,False,long,True,0.0,False
Qwen/ON,s210-rank6-d1-pos0,210,s210-rank6,background,1,True,default,False,0.10604166666666659,False
Qwen/ON,s210-rank6-d1-pos0,210,s210-rank6,background,1,True,noise01,False,0.11299999999999999,False
Qwen/ON,s210-rank6-d1-pos0,210,s210-rank6,background,1,True,long,False,0.041750000000000176,False
Qwen/ON,s210-rank6-d1-pos1,210,s210-rank6,score,1,True,default,False,-0.0810833333333334,False
Qwen/ON,s210-rank6-d1-pos1,210,s210-rank6,score,1,True,noise01,False,-0.08149999999999968,False
Qwen/ON,s210-rank6-d1-pos1,210,s210-rank6,score,1,True,long,False,-0.05506249999999979,False
Qwen/ON,s210-rank6-d1-pos2,210,s210-rank6,cooperation,1,True,default,False,0.2234166666666666,False
Qwen/ON,s210-rank6-d1-pos2,210,s210-rank6,cooperation,1,True,noise01,False,0.23758333333333326,False
Qwen/ON,s210-rank6-d1-pos2,210,s210-rank6,cooperation,1,True,long,False,0.10925000000000029,False
Qwen/ON,s210-rank6-d1-pos3,210,s210-rank6,accurate,1,True,default,False,0.08487499999999981,False
Qwen/ON,s210-rank6-d1-pos3,210,s210-rank6,accurate,1,True,noise01,False,0.10383333333333367,False
Qwen/ON,s210-rank6-d1-pos3,210,s210-rank6,accurate,1,True,long,False,0.03389583333333346,False
Qwen/ON,s210-rank6-d1-pos4,210,s210-rank6,mismatched,1,True,default,False,0.09404166666666658,False
Qwen/ON,s210-rank6-d1-pos4,210,s210-rank6,mismatched,1,True,noise01,False,0.09704166666666669,False
Qwen/ON,s210-rank6-d1-pos4,210,s210-rank6,mismatched,1,True,long,False,0.0378750000000001,False
Qwen/ON,s208-rank6-d1-pos0,208,s208-rank6,score,1,True,default,False,0.17533333333333334,False
Qwen/ON,s208-rank6-d1-pos0,208,s208-rank6,score,1,True,noise01,False,0.158708333333333,False
Qwen/ON,s208-rank6-d1-pos0,208,s208-rank6,score,1,True,long,False,0.07377083333333312,False
Qwen/ON,s208-rank6-d1-pos1,208,s208-rank6,background,1,True,default,False,0.11545833333333344,True
Qwen/ON,s208-rank6-d1-pos1,208,s208-rank6,background,1,True,noise01,False,0.1249583333333335,True
Qwen/ON,s208-rank6-d1-pos1,208,s208-rank6,background,1,True,long,False,0.04685416666666664,True
Qwen/ON,s208-rank6-d1-pos2,208,s208-rank6,cooperation,1,True,default,False,0.09429166666666666,True
Qwen/ON,s208-rank6-d1-pos2,208,s208-rank6,cooperation,1,True,noise01,False,0.09241666666666659,True
Qwen/ON,s208-rank6-d1-pos2,208,s208-rank6,cooperation,1,True,long,False,0.03887499999999977,True
Qwen/ON,s208-rank6-d1-pos3,208,s208-rank6,mismatched,1,True,default,False,0.06408333333333327,False
Qwen/ON,s208-rank6-d1-pos3,208,s208-rank6,mismatched,1,True,noise01,False,0.072125,False
Qwen/ON,s208-rank6-d1-pos3,208,s208-rank6,mismatched,1,True,long,False,0.044208333333333405,False
Qwen/ON,s208-rank6-d1-pos4,208,s208-rank6,accurate,1,True,default,False,0.10929166666666679,True
Qwen/ON,s208-rank6-d1-pos4,208,s208-rank6,accurate,1,True,noise01,False,0.10641666666666638,True
Qwen/ON,s208-rank6-d1-pos4,208,s208-rank6,accurate,1,True,long,False,0.11641666666666683,True
Qwen/ON,s201-rank3-d1-pos0,201,s201-rank3,accurate,1,True,default,False,0.057791666666666686,True
Qwen/ON,s201-rank3-d1-pos0,201,s201-rank3,accurate,1,True,noise01,False,0.021625000000000227,True
Qwen/ON,s201-rank3-d1-pos0,201,s201-rank3,accurate,1,True,long,False,0.12768750000000018,True
Qwen/ON,s201-rank3-d1-pos1,201,s201-rank3,cooperation,1,True,default,False,0.1402916666666667,True
Qwen/ON,s201-rank3-d1-pos1,201,s201-rank3,cooperation,1,True,noise01,False,0.09416666666666673,True
Qwen/ON,s201-rank3-d1-pos1,201,s201-rank3,cooperation,1,True,long,False,0.05933333333333324,True
Qwen/ON,s201-rank3-d1-pos2,201,s201-rank3,score,1,True,default,False,-0.004833333333333023,False
Qwen/ON,s201-rank3-d1-pos2,201,s201-rank3,score,1,True,noise01,False,0.03433333333333355,False
Qwen/ON,s201-rank3-d1-pos2,201,s201-rank3,score,1,True,long,True,0.0,False
Qwen/ON,s201-rank3-d1-pos3,201,s201-rank3,mismatched,1,True,default,False,0.046666666666666856,True
Qwen/ON,s201-rank3-d1-pos3,201,s201-rank3,mismatched,1,True,noise01,False,0.04645833333333327,True
Qwen/ON,s201-rank3-d1-pos3,201,s201-rank3,mismatched,1,True,long,False,0.02447916666666683,True
Qwen/ON,s201-rank3-d1-pos4,201,s201-rank3,background,1,True,default,False,-0.044749999999999845,False
Qwen/ON,s201-rank3-d1-pos4,201,s201-rank3,background,1,True,noise01,False,-0.07070833333333315,False
Qwen/ON,s201-rank3-d1-pos4,201,s201-rank3,background,1,True,long,False,0.08343749999999983,False
Qwen/ON,s200-rank3-d0-pos0,200,s200-rank3,mismatched,0,True,default,False,0.11900000000000022,True
Qwen/ON,s200-rank3-d0-pos0,200,s200-rank3,mismatched,0,True,noise01,False,0.17637499999999973,True
Qwen/ON,s200-rank3-d0-pos0,200,s200-rank3,mismatched,0,True,long,True,0.0,True
Qwen/ON,s200-rank3-d0-pos1,200,s200-rank3,background,0,True,default,False,0.13958333333333295,True
Qwen/ON,s200-rank3-d0-pos1,200,s200-rank3,background,0,True,noise01,False,0.13754166666666645,True
Qwen/ON,s200-rank3-d0-pos1,200,s200-rank3,background,0,True,long,False,-0.007374999999999687,True
Qwen/ON,s200-rank3-d0-pos2,200,s200-rank3,cooperation,0,True,default,False,0.028124999999999956,True
Qwen/ON,s200-rank3-d0-pos2,200,s200-rank3,cooperation,0,True,noise01,False,0.032458333333333256,True
Qwen/ON,s200-rank3-d0-pos2,200,s200-rank3,cooperation,0,True,long,False,-0.05679166666666635,True
Qwen/ON,s200-rank3-d0-pos3,200,s200-rank3,accurate,0,True,default,False,0.15720833333333317,True
Qwen/ON,s200-rank3-d0-pos3,200,s200-rank3,accurate,0,True,noise01,False,0.16187499999999977,True
Qwen/ON,s200-rank3-d0-pos3,200,s200-rank3,accurate,0,True,long,False,0.06425000000000036,True
Qwen/ON,s200-rank3-d0-pos4,200,s200-rank3,score,0,True,default,False,0.02574999999999994,False
Qwen/ON,s200-rank3-d0-pos4,200,s200-rank3,score,0,True,noise01,False,0.034791666666666554,False
Qwen/ON,s200-rank3-d0-pos4,200,s200-rank3,score,0,True,long,False,-0.06691666666666651,False
Qwen/ON,s218-rank1-d1-pos0,218,s218-rank1,cooperation,1,False,default,True,0.0,False
Qwen/ON,s218-rank1-d1-pos0,218,s218-rank1,cooperation,1,False,noise01,True,0.0,False
Qwen/ON,s218-rank1-d1-pos0,218,s218-rank1,cooperation,1,False,long,True,0.0,False
Qwen/ON,s218-rank1-d1-pos1,218,s218-rank1,accurate,1,True,default,False,0.017833333333333368,True
Qwen/ON,s218-rank1-d1-pos1,218,s218-rank1,accurate,1,True,noise01,False,0.015833333333333588,True
Qwen/ON,s218-rank1-d1-pos1,218,s218-rank1,accurate,1,True,long,False,0.09264583333333354,True
Qwen/ON,s218-rank1-d1-pos2,218,s218-rank1,score,1,False,default,True,0.0,False
Qwen/ON,s218-rank1-d1-pos2,218,s218-rank1,score,1,False,noise01,True,0.0,False
Qwen/ON,s218-rank1-d1-pos2,218,s218-rank1,score,1,False,long,True,0.0,False
Qwen/ON,s218-rank1-d1-pos3,218,s218-rank1,mismatched,1,True,default,False,0.18316666666666692,True
Qwen/ON,s218-rank1-d1-pos3,218,s218-rank1,mismatched,1,True,noise01,False,0.17825000000000024,True
Qwen/ON,s218-rank1-d1-pos3,218,s218-rank1,mismatched,1,True,long,False,0.18110416666666662,True
Qwen/ON,s218-rank1-d1-pos4,218,s218-rank1,background,1,True,default,False,0.02387499999999987,False
Qwen/ON,s218-rank1-d1-pos4,218,s218-rank1,background,1,True,noise01,False,0.03925000000000001,False
Qwen/ON,s218-rank1-d1-pos4,218,s218-rank1,background,1,True,long,False,0.011062500000000197,False
Qwen/ON,s216-rank6-d1-pos0,216,s216-rank6,mismatched,1,True,default,False,0.13612500000000005,True
Qwen/ON,s216-rank6-d1-pos0,216,s216-rank6,mismatched,1,True,noise01,False,0.14366666666666705,True
Qwen/ON,s216-rank6-d1-pos0,216,s216-rank6,mismatched,1,True,long,False,0.10810416666666667,True
Qwen/ON,s216-rank6-d1-pos1,216,s216-rank6,accurate,1,True,default,False,0.14179166666666654,True
Qwen/ON,s216-rank6-d1-pos1,216,s216-rank6,accurate,1,True,noise01,False,0.1240416666666666,True
Qwen/ON,s216-rank6-d1-pos1,216,s216-rank6,accurate,1,True,long,False,0.10039583333333324,True
Qwen/ON,s216-rank6-d1-pos2,216,s216-rank6,score,1,True,default,False,0.22204166666666691,False
Qwen/ON,s216-rank6-d1-pos2,216,s216-rank6,score,1,True,noise01,False,0.26008333333333344,False
Qwen/ON,s216-rank6-d1-pos2,216,s216-rank6,score,1,True,long,False,0.14102083333333337,False
Qwen/ON,s216-rank6-d1-pos3,216,s216-rank6,background,1,False,default,True,0.0,False
Qwen/ON,s216-rank6-d1-pos3,216,s216-rank6,background,1,False,noise01,True,0.0,False
Qwen/ON,s216-rank6-d1-pos3,216,s216-rank6,background,1,False,long,True,0.0,False
Qwen/ON,s216-rank6-d1-pos4,216,s216-rank6,cooperation,1,False,default,True,0.0,False
Qwen/ON,s216-rank6-d1-pos4,216,s216-rank6,cooperation,1,False,noise01,True,0.0,False
Qwen/ON,s216-rank6-d1-pos4,216,s216-rank6,cooperation,1,False,long,True,0.0,False
Qwen/ON,s212-rank3-d1-pos0,212,s212-rank3,accurate,1,True,default,False,0.2240000000000002,True
Qwen/ON,s212-rank3-d1-pos0,212,s212-rank3,accurate,1,True,noise01,False,0.23904166666666682,True
Qwen/ON,s212-rank3-d1-pos0,212,s212-rank3,accurate,1,True,long,True,0.0,True
Qwen/ON,s212-rank3-d1-pos1,212,s212-rank3,score,1,True,default,False,0.08379166666666649,True
Qwen/ON,s212-rank3-d1-pos1,212,s212-rank3,score,1,True,noise01,False,0.10637500000000011,True
Qwen/ON,s212-rank3-d1-pos1,212,s212-rank3,score,1,True,long,False,-0.007062500000000194,True
Qwen/ON,s212-rank3-d1-pos2,212,s212-rank3,mismatched,1,True,default,False,0.13012500000000005,False
Qwen/ON,s212-rank3-d1-pos2,212,s212-rank3,mismatched,1,True,noise01,False,0.1322500000000002,False
Qwen/ON,s212-rank3-d1-pos2,212,s212-rank3,mismatched,1,True,long,False,0.07008333333333305,False
Qwen/ON,s212-rank3-d1-pos3,212,s212-rank3,background,1,True,default,False,0.019333333333333425,False
Qwen/ON,s212-rank3-d1-pos3,212,s212-rank3,background,1,True,noise01,False,0.0358750000000001,False
Qwen/ON,s212-rank3-d1-pos3,212,s212-rank3,background,1,True,long,False,-0.0405416666666667,False
Qwen/ON,s212-rank3-d1-pos4,212,s212-rank3,cooperation,1,True,default,False,0.24970833333333342,True
Qwen/ON,s212-rank3-d1-pos4,212,s212-rank3,cooperation,1,True,noise01,False,0.23312500000000003,True
Qwen/ON,s212-rank3-d1-pos4,212,s212-rank3,cooperation,1,True,long,False,0.07562499999999983,True
Qwen/ON,s202-rank3-d1-pos0,202,s202-rank3,mismatched,1,False,default,True,0.0,False
Qwen/ON,s202-rank3-d1-pos0,202,s202-rank3,mismatched,1,False,noise01,True,0.0,False
Qwen/ON,s202-rank3-d1-pos0,202,s202-rank3,mismatched,1,False,long,True,0.0,False
Qwen/ON,s202-rank3-d1-pos1,202,s202-rank3,cooperation,1,True,default,False,0.007791666666666419,True
Qwen/ON,s202-rank3-d1-pos1,202,s202-rank3,cooperation,1,True,noise01,False,0.05437499999999984,True
Qwen/ON,s202-rank3-d1-pos1,202,s202-rank3,cooperation,1,True,long,False,-0.05624999999999991,True
Qwen/ON,s202-rank3-d1-pos2,202,s202-rank3,background,1,True,default,False,0.22295833333333293,False
Qwen/ON,s202-rank3-d1-pos2,202,s202-rank3,background,1,True,noise01,False,0.24066666666666636,False
Qwen/ON,s202-rank3-d1-pos2,202,s202-rank3,background,1,True,long,False,0.020208333333333606,False
Qwen/ON,s202-rank3-d1-pos3,202,s202-rank3,score,1,False,default,True,0.0,False
Qwen/ON,s202-rank3-d1-pos3,202,s202-rank3,score,1,False,noise01,True,0.0,False
Qwen/ON,s202-rank3-d1-pos3,202,s202-rank3,score,1,False,long,True,0.0,False
Qwen/ON,s202-rank3-d1-pos4,202,s202-rank3,accurate,1,True,default,False,0.09233333333333316,False
Qwen/ON,s202-rank3-d1-pos4,202,s202-rank3,accurate,1,True,noise01,False,0.13516666666666666,False
Qwen/ON,s202-rank3-d1-pos4,202,s202-rank3,accurate,1,True,long,False,0.042770833333333425,False
Qwen/ON,s206-rank3-d0-pos0,206,s206-rank3,cooperation,0,True,default,False,0.09295833333333348,False
Qwen/ON,s206-rank3-d0-pos0,206,s206-rank3,cooperation,0,True,noise01,False,0.11412499999999981,False
Qwen/ON,s206-rank3-d0-pos0,206,s206-rank3,cooperation,0,True,long,False,0.07568749999999991,False
Qwen/ON,s206-rank3-d0-pos1,206,s206-rank3,background,0,False,default,True,0.0,False
Qwen/ON,s206-rank3-d0-pos1,206,s206-rank3,background,0,False,noise01,True,0.0,False
Qwen/ON,s206-rank3-d0-pos1,206,s206-rank3,background,0,False,long,True,0.0,False
Qwen/ON,s206-rank3-d0-pos2,206,s206-rank3,accurate,0,True,default,False,0.28200000000000025,True
Qwen/ON,s206-rank3-d0-pos2,206,s206-rank3,accurate,0,True,noise01,False,0.27445833333333325,True
Qwen/ON,s206-rank3-d0-pos2,206,s206-rank3,accurate,0,True,long,False,0.14845833333333314,True
Qwen/ON,s206-rank3-d0-pos3,206,s206-rank3,mismatched,0,True,default,False,0.1648333333333334,True
Qwen/ON,s206-rank3-d0-pos3,206,s206-rank3,mismatched,0,True,noise01,False,0.18337499999999962,True
Qwen/ON,s206-rank3-d0-pos3,206,s206-rank3,mismatched,0,True,long,False,0.09235416666666674,True
Qwen/ON,s206-rank3-d0-pos4,206,s206-rank3,score,0,True,default,False,-0.07920833333333333,False
Qwen/ON,s206-rank3-d0-pos4,206,s206-rank3,score,0,True,noise01,False,-0.06766666666666676,False
Qwen/ON,s206-rank3-d0-pos4,206,s206-rank3,score,0,True,long,False,-0.08077083333333346,False
Qwen/ON,s209-rank6-d0-pos0,209,s209-rank6,mismatched,0,True,default,False,0.028249999999999886,True
Qwen/ON,s209-rank6-d0-pos0,209,s209-rank6,mismatched,0,True,noise01,False,0.04729166666666651,True
Qwen/ON,s209-rank6-d0-pos0,209,s209-rank6,mismatched,0,True,long,False,-0.0016458333333331243,True
Qwen/ON,s209-rank6-d0-pos1,209,s209-rank6,background,0,True,default,False,0.222375,True
Qwen/ON,s209-rank6-d0-pos1,209,s209-rank6,background,0,True,noise01,False,0.21762499999999974,True
Qwen/ON,s209-rank6-d0-pos1,209,s209-rank6,background,0,True,long,False,0.23260416666666672,True
Qwen/ON,s209-rank6-d0-pos2,209,s209-rank6,accurate,0,True,default,False,0.019291666666666707,True
Qwen/ON,s209-rank6-d0-pos2,209,s209-rank6,accurate,0,True,noise01,False,0.029000000000000137,True
Qwen/ON,s209-rank6-d0-pos2,209,s209-rank6,accurate,0,True,long,False,-0.003249999999999753,True
Qwen/ON,s209-rank6-d0-pos3,209,s209-rank6,score,0,True,default,False,0.1436250000000001,True
Qwen/ON,s209-rank6-d0-pos3,209,s209-rank6,score,0,True,noise01,False,0.17008333333333314,True
Qwen/ON,s209-rank6-d0-pos3,209,s209-rank6,score,0,True,long,False,0.05631249999999999,True
Qwen/ON,s209-rank6-d0-pos4,209,s209-rank6,cooperation,0,True,default,False,-0.0040000000000000036,True
Qwen/ON,s209-rank6-d0-pos4,209,s209-rank6,cooperation,0,True,noise01,False,0.0170416666666664,True
Qwen/ON,s209-rank6-d0-pos4,209,s209-rank6,cooperation,0,True,long,False,-0.0029999999999996696,True
Qwen/ON,s204-rank6-d0-pos0,204,s204-rank6,score,0,True,default,False,0.1067916666666664,True
Qwen/ON,s204-rank6-d0-pos0,204,s204-rank6,score,0,True,noise01,False,0.13400000000000012,True
Qwen/ON,s204-rank6-d0-pos0,204,s204-rank6,score,0,True,long,False,0.1042916666666669,True
Qwen/ON,s204-rank6-d0-pos1,204,s204-rank6,mismatched,0,True,default,False,0.2501249999999997,True
Qwen/ON,s204-rank6-d0-pos1,204,s204-rank6,mismatched,0,True,noise01,False,0.25383333333333336,True
Qwen/ON,s204-rank6-d0-pos1,204,s204-rank6,mismatched,0,True,long,False,0.1684583333333336,True
Qwen/ON,s204-rank6-d0-pos2,204,s204-rank6,cooperation,0,True,default,False,0.12354166666666666,False
Qwen/ON,s204-rank6-d0-pos2,204,s204-rank6,cooperation,0,True,noise01,False,0.11074999999999968,False
Qwen/ON,s204-rank6-d0-pos2,204,s204-rank6,cooperation,0,True,long,False,0.10416666666666696,False
Qwen/ON,s204-rank6-d0-pos3,204,s204-rank6,accurate,0,True,default,False,0.15504166666666652,True
Qwen/ON,s204-rank6-d0-pos3,204,s204-rank6,accurate,0,True,noise01,False,0.15508333333333346,True
Qwen/ON,s204-rank6-d0-pos3,204,s204-rank6,accurate,0,True,long,False,0.12564583333333368,True
Qwen/ON,s204-rank6-d0-pos4,204,s204-rank6,background,0,True,default,False,0.21287499999999993,True
Qwen/ON,s204-rank6-d0-pos4,204,s204-rank6,background,0,True,noise01,False,0.21495833333333336,True
Qwen/ON,s204-rank6-d0-pos4,204,s204-rank6,background,0,True,long,False,0.21050000000000013,True
Qwen/ON,s202-rank6-d0-pos0,202,s202-rank6,mismatched,0,True,default,False,0.17087500000000033,True
Qwen/ON,s202-rank6-d0-pos0,202,s202-rank6,mismatched,0,True,noise01,False,0.17112499999999953,True
Qwen/ON,s202-rank6-d0-pos0,202,s202-rank6,mismatched,0,True,long,False,0.0587291666666665,True
Qwen/ON,s202-rank6-d0-pos1,202,s202-rank6,cooperation,0,True,default,False,0.1142500000000004,False
Qwen/ON,s202-rank6-d0-pos1,202,s202-rank6,cooperation,0,True,noise01,False,0.14091666666666658,False
Qwen/ON,s202-rank6-d0-pos1,202,s202-rank6,cooperation,0,True,long,False,0.08652083333333338,False
Qwen/ON,s202-rank6-d0-pos2,202,s202-rank6,background,0,True,default,False,-0.032458333333333256,True
Qwen/ON,s202-rank6-d0-pos2,202,s202-rank6,background,0,True,noise01,False,-0.03458333333333363,True
Qwen/ON,s202-rank6-d0-pos2,202,s202-rank6,background,0,True,long,True,0.0,True
Qwen/ON,s202-rank6-d0-pos3,202,s202-rank6,score,0,True,default,False,0.13333333333333353,True
Qwen/ON,s202-rank6-d0-pos3,202,s202-rank6,score,0,True,noise01,False,0.11470833333333319,True
Qwen/ON,s202-rank6-d0-pos3,202,s202-rank6,score,0,True,long,True,0.0,True
Qwen/ON,s202-rank6-d0-pos4,202,s202-rank6,accurate,0,False,default,True,0.0,False
Qwen/ON,s202-rank6-d0-pos4,202,s202-rank6,accurate,0,False,noise01,True,0.0,False
Qwen/ON,s202-rank6-d0-pos4,202,s202-rank6,accurate,0,False,long,True,0.0,False
Qwen/ON,s204-rank1-d1-pos0,204,s204-rank1,score,1,True,default,False,0.05608333333333326,True
Qwen/ON,s204-rank1-d1-pos0,204,s204-rank1,score,1,True,noise01,False,0.06058333333333321,True
Qwen/ON,s204-rank1-d1-pos0,204,s204-rank1,score,1,True,long,False,0.025374999999999925,True
Qwen/ON,s204-rank1-d1-pos1,204,s204-rank1,mismatched,1,True,default,False,0.24816666666666687,True
Qwen/ON,s204-rank1-d1-pos1,204,s204-rank1,mismatched,1,True,noise01,False,0.2879166666666668,True
Qwen/ON,s204-rank1-d1-pos1,204,s204-rank1,mismatched,1,True,long,False,0.21475,True
Qwen/ON,s204-rank1-d1-pos2,204,s204-rank1,cooperation,1,False,default,True,0.0,False
Qwen/ON,s204-rank1-d1-pos2,204,s204-rank1,cooperation,1,False,noise01,True,0.0,False
Qwen/ON,s204-rank1-d1-pos2,204,s204-rank1,cooperation,1,False,long,True,0.0,False
Qwen/ON,s204-rank1-d1-pos3,204,s204-rank1,accurate,1,True,default,False,0.09020833333333322,True
Qwen/ON,s204-rank1-d1-pos3,204,s204-rank1,accurate,1,True,noise01,False,0.09929166666666678,True
Qwen/ON,s204-rank1-d1-pos3,204,s204-rank1,accurate,1,True,long,False,0.13420833333333326,True
Qwen/ON,s204-rank1-d1-pos4,204,s204-rank1,background,1,False,default,True,0.0,False
Qwen/ON,s204-rank1-d1-pos4,204,s204-rank1,background,1,False,noise01,True,0.0,False
Qwen/ON,s204-rank1-d1-pos4,204,s204-rank1,background,1,False,long,True,0.0,False
Qwen/ON,s207-rank3-d1-pos0,207,s207-rank3,cooperation,1,False,default,True,0.0,False
Qwen/ON,s207-rank3-d1-pos0,207,s207-rank3,cooperation,1,False,noise01,True,0.0,False
Qwen/ON,s207-rank3-d1-pos0,207,s207-rank3,cooperation,1,False,long,True,0.0,False
Qwen/ON,s207-rank3-d1-pos1,207,s207-rank3,accurate,1,True,default,False,0.17712499999999975,False
Qwen/ON,s207-rank3-d1-pos1,207,s207-rank3,accurate,1,True,noise01,False,0.15887499999999966,False
Qwen/ON,s207-rank3-d1-pos1,207,s207-rank3,accurate,1,True,long,False,0.009645833333333798,False
Qwen/ON,s207-rank3-d1-pos2,207,s207-rank3,background,1,True,default,False,0.30370833333333325,True
Qwen/ON,s207-rank3-d1-pos2,207,s207-rank3,background,1,True,noise01,False,0.30108333333333315,True
Qwen/ON,s207-rank3-d1-pos2,207,s207-rank3,background,1,True,long,False,0.07683333333333353,True
Qwen/ON,s207-rank3-d1-pos3,207,s207-rank3,score,1,True,default,False,-0.08545833333333341,False
Qwen/ON,s207-rank3-d1-pos3,207,s207-rank3,score,1,True,noise01,False,-0.05704166666666688,False
Qwen/ON,s207-rank3-d1-pos3,207,s207-rank3,score,1,True,long,False,-0.11814583333333317,False
Qwen/ON,s207-rank3-d1-pos4,207,s207-rank3,mismatched,1,True,default,False,0.0772083333333331,False
Qwen/ON,s207-rank3-d1-pos4,207,s207-rank3,mismatched,1,True,noise01,False,0.06866666666666665,False
Qwen/ON,s207-rank3-d1-pos4,207,s207-rank3,mismatched,1,True,long,False,0.03245833333333348,False
Qwen/ON,s202-rank6-d1-pos0,202,s202-rank6,mismatched,1,False,default,True,0.0,False
Qwen/ON,s202-rank6-d1-pos0,202,s202-rank6,mismatched,1,False,noise01,True,0.0,False
Qwen/ON,s202-rank6-d1-pos0,202,s202-rank6,mismatched,1,False,long,True,0.0,False
Qwen/ON,s202-rank6-d1-pos1,202,s202-rank6,cooperation,1,True,default,False,0.2569999999999999,True
Qwen/ON,s202-rank6-d1-pos1,202,s202-rank6,cooperation,1,True,noise01,False,0.25087499999999974,True
Qwen/ON,s202-rank6-d1-pos1,202,s202-rank6,cooperation,1,True,long,True,0.0,True
Qwen/ON,s202-rank6-d1-pos2,202,s202-rank6,background,1,False,default,True,0.0,False
Qwen/ON,s202-rank6-d1-pos2,202,s202-rank6,background,1,False,noise01,True,0.0,False
Qwen/ON,s202-rank6-d1-pos2,202,s202-rank6,background,1,False,long,True,0.0,False
Qwen/ON,s202-rank6-d1-pos3,202,s202-rank6,score,1,True,default,False,0.07062499999999994,False
Qwen/ON,s202-rank6-d1-pos3,202,s202-rank6,score,1,True,noise01,False,0.06587500000000013,False
Qwen/ON,s202-rank6-d1-pos3,202,s202-rank6,score,1,True,long,False,0.01039583333333316,False
Qwen/ON,s202-rank6-d1-pos4,202,s202-rank6,accurate,1,True,default,False,-0.04220833333333318,False
Qwen/ON,s202-rank6-d1-pos4,202,s202-rank6,accurate,1,True,noise01,False,-0.0255000000000003,False
Qwen/ON,s202-rank6-d1-pos4,202,s202-rank6,accurate,1,True,long,True,0.0,False
Qwen/ON,s201-rank3-d0-pos0,201,s201-rank3,accurate,0,True,default,False,0.013875000000000526,False
Qwen/ON,s201-rank3-d0-pos0,201,s201-rank3,accurate,0,True,noise01,False,-0.018416666666666526,False
Qwen/ON,s201-rank3-d0-pos0,201,s201-rank3,accurate,0,True,long,False,-0.004750000000000032,False
Qwen/ON,s201-rank3-d0-pos1,201,s201-rank3,cooperation,0,False,default,True,0.0,False
Qwen/ON,s201-rank3-d0-pos1,201,s201-rank3,cooperation,0,False,noise01,True,0.0,False
Qwen/ON,s201-rank3-d0-pos1,201,s201-rank3,cooperation,0,False,long,True,0.0,False
Qwen/ON,s201-rank3-d0-pos2,201,s201-rank3,score,0,True,default,False,0.18916666666666693,True
Qwen/ON,s201-rank3-d0-pos2,201,s201-rank3,score,0,True,noise01,False,0.17295833333333333,True
Qwen/ON,s201-rank3-d0-pos2,201,s201-rank3,score,0,True,long,False,0.08447916666666688,True
Qwen/ON,s201-rank3-d0-pos3,201,s201-rank3,mismatched,0,True,default,False,0.0084583333333339,False
Qwen/ON,s201-rank3-d0-pos3,201,s201-rank3,mismatched,0,True,noise01,False,-0.00912500000000005,False
Qwen/ON,s201-rank3-d0-pos3,201,s201-rank3,mismatched,0,True,long,False,0.003375000000000128,False
Qwen/ON,s201-rank3-d0-pos4,201,s201-rank3,background,0,True,default,False,-0.0668749999999998,False
Qwen/ON,s201-rank3-d0-pos4,201,s201-rank3,background,0,True,noise01,False,-0.06495833333333301,False
Qwen/ON,s201-rank3-d0-pos4,201,s201-rank3,background,0,True,long,False,-0.02270833333333311,False
Qwen/ON,s200-rank3-d1-pos0,200,s200-rank3,mismatched,1,True,default,False,0.014541666666666453,False
Qwen/ON,s200-rank3-d1-pos0,200,s200-rank3,mismatched,1,True,noise01,False,0.04162500000000002,False
Qwen/ON,s200-rank3-d1-pos0,200,s200-rank3,mismatched,1,True,long,False,-0.06597916666666648,False
Qwen/ON,s200-rank3-d1-pos1,200,s200-rank3,background,1,True,default,False,-0.04791666666666661,False
Qwen/ON,s200-rank3-d1-pos1,200,s200-rank3,background,1,True,noise01,False,-0.05370833333333347,False
Qwen/ON,s200-rank3-d1-pos1,200,s200-rank3,background,1,True,long,False,-0.11289583333333297,False
Qwen/ON,s200-rank3-d1-pos2,200,s200-rank3,cooperation,1,False,default,True,0.0,False
Qwen/ON,s200-rank3-d1-pos2,200,s200-rank3,cooperation,1,False,noise01,True,0.0,False
Qwen/ON,s200-rank3-d1-pos2,200,s200-rank3,cooperation,1,False,long,True,0.0,False
Qwen/ON,s200-rank3-d1-pos3,200,s200-rank3,accurate,1,True,default,False,0.0032083333333332575,False
Qwen/ON,s200-rank3-d1-pos3,200,s200-rank3,accurate,1,True,noise01,False,0.0031250000000000444,False
Qwen/ON,s200-rank3-d1-pos3,200,s200-rank3,accurate,1,True,long,False,-0.09208333333333285,False
Qwen/ON,s200-rank3-d1-pos4,200,s200-rank3,score,1,True,default,False,0.019416666666666638,True
Qwen/ON,s200-rank3-d1-pos4,200,s200-rank3,score,1,True,noise01,False,0.024124999999999952,True
Qwen/ON,s200-rank3-d1-pos4,200,s200-rank3,score,1,True,long,False,-0.07289583333333316,True
Qwen/ON,s204-rank3-d0-pos0,204,s204-rank3,score,0,True,default,False,-0.06574999999999998,True
Qwen/ON,s204-rank3-d0-pos0,204,s204-rank3,score,0,True,noise01,False,-0.04529166666666673,True
Qwen/ON,s204-rank3-d0-pos0,204,s204-rank3,score,0,True,long,False,-0.13800000000000012,True
Qwen/ON,s204-rank3-d0-pos1,204,s204-rank3,mismatched,0,True,default,False,0.026416666666666533,False
Qwen/ON,s204-rank3-d0-pos1,204,s204-rank3,mismatched,0,True,noise01,False,0.04008333333333347,False
Qwen/ON,s204-rank3-d0-pos1,204,s204-rank3,mismatched,0,True,long,False,0.0193958333333335,False
Qwen/ON,s204-rank3-d0-pos2,204,s204-rank3,cooperation,0,True,default,False,0.020624999999999893,False
Qwen/ON,s204-rank3-d0-pos2,204,s204-rank3,cooperation,0,True,noise01,False,0.014708333333333323,False
Qwen/ON,s204-rank3-d0-pos2,204,s204-rank3,cooperation,0,True,long,False,0.01620833333333338,False
Qwen/ON,s204-rank3-d0-pos3,204,s204-rank3,accurate,0,True,default,False,0.11808333333333332,True
Qwen/ON,s204-rank3-d0-pos3,204,s204-rank3,accurate,0,True,noise01,False,0.1477083333333331,True
Qwen/ON,s204-rank3-d0-pos3,204,s204-rank3,accurate,0,True,long,False,0.05824999999999991,True
Qwen/ON,s204-rank3-d0-pos4,204,s204-rank3,background,0,True,default,False,-0.11295833333333327,False
Qwen/ON,s204-rank3-d0-pos4,204,s204-rank3,background,0,True,noise01,False,-0.09754166666666664,False
Qwen/ON,s204-rank3-d0-pos4,204,s204-rank3,background,0,True,long,False,-0.05887500000000001,False
Qwen/ON,s200-rank6-d1-pos0,200,s200-rank6,mismatched,1,True,default,False,0.11441666666666661,False
Qwen/ON,s200-rank6-d1-pos0,200,s200-rank6,mismatched,1,True,noise01,False,0.10550000000000015,False
Qwen/ON,s200-rank6-d1-pos0,200,s200-rank6,mismatched,1,True,long,False,0.1074166666666665,False
Qwen/ON,s200-rank6-d1-pos1,200,s200-rank6,background,1,True,default,False,0.02933333333333321,False
Qwen/ON,s200-rank6-d1-pos1,200,s200-rank6,background,1,True,noise01,False,-0.004416666666666735,False
Qwen/ON,s200-rank6-d1-pos1,200,s200-rank6,background,1,True,long,False,0.049354166666666366,False
Qwen/ON,s200-rank6-d1-pos2,200,s200-rank6,cooperation,1,True,default,False,0.1283333333333332,False
Qwen/ON,s200-rank6-d1-pos2,200,s200-rank6,cooperation,1,True,noise01,False,0.10229166666666645,False
Qwen/ON,s200-rank6-d1-pos2,200,s200-rank6,cooperation,1,True,long,False,0.10660416666666661,False
Qwen/ON,s200-rank6-d1-pos3,200,s200-rank6,accurate,1,True,default,False,0.12249999999999983,False
Qwen/ON,s200-rank6-d1-pos3,200,s200-rank6,accurate,1,True,noise01,False,0.1044583333333331,False
Qwen/ON,s200-rank6-d1-pos3,200,s200-rank6,accurate,1,True,long,False,0.107833333333333,False
Qwen/ON,s200-rank6-d1-pos4,200,s200-rank6,score,1,True,default,False,-0.02637500000000026,False
Qwen/ON,s200-rank6-d1-pos4,200,s200-rank6,score,1,True,noise01,False,-0.03441666666666676,False
Qwen/ON,s200-rank6-d1-pos4,200,s200-rank6,score,1,True,long,False,0.024937499999999613,False
Qwen/ON,s207-rank1-d1-pos0,207,s207-rank1,cooperation,1,True,default,False,0.26312500000000005,True
Qwen/ON,s207-rank1-d1-pos0,207,s207-rank1,cooperation,1,True,noise01,False,0.2387916666666665,True
Qwen/ON,s207-rank1-d1-pos0,207,s207-rank1,cooperation,1,True,long,False,0.013000000000000123,True
Qwen/ON,s207-rank1-d1-pos1,207,s207-rank1,accurate,1,True,default,False,0.264,False
Qwen/ON,s207-rank1-d1-pos1,207,s207-rank1,accurate,1,True,noise01,False,0.2508333333333337,False
Qwen/ON,s207-rank1-d1-pos1,207,s207-rank1,accurate,1,True,long,False,0.1073333333333335,False
Qwen/ON,s207-rank1-d1-pos2,207,s207-rank1,background,1,True,default,False,0.24270833333333353,True
Qwen/ON,s207-rank1-d1-pos2,207,s207-rank1,background,1,True,noise01,False,0.24783333333333357,True
Qwen/ON,s207-rank1-d1-pos2,207,s207-rank1,background,1,True,long,True,0.0,True
Qwen/ON,s207-rank1-d1-pos3,207,s207-rank1,score,1,True,default,False,0.20604166666666668,False
Qwen/ON,s207-rank1-d1-pos3,207,s207-rank1,score,1,True,noise01,False,0.1815416666666667,False
Qwen/ON,s207-rank1-d1-pos3,207,s207-rank1,score,1,True,long,False,0.07831250000000023,False
Qwen/ON,s207-rank1-d1-pos4,207,s207-rank1,mismatched,1,True,default,False,0.49620833333333336,True
Qwen/ON,s207-rank1-d1-pos4,207,s207-rank1,mismatched,1,True,noise01,False,0.4702500000000003,True
Qwen/ON,s207-rank1-d1-pos4,207,s207-rank1,mismatched,1,True,long,False,0.3611875000000002,True
Qwen/ON,s203-rank1-d0-pos0,203,s203-rank1,score,0,True,default,False,0.04262499999999991,False
Qwen/ON,s203-rank1-d0-pos0,203,s203-rank1,score,0,True,noise01,False,0.04791666666666683,False
Qwen/ON,s203-rank1-d0-pos0,203,s203-rank1,score,0,True,long,False,0.07729166666666698,False
Qwen/ON,s203-rank1-d0-pos1,203,s203-rank1,mismatched,0,True,default,False,0.09683333333333333,True
Qwen/ON,s203-rank1-d0-pos1,203,s203-rank1,mismatched,0,True,noise01,False,0.10220833333333323,True
Qwen/ON,s203-rank1-d0-pos1,203,s203-rank1,mismatched,0,True,long,False,0.0644583333333335,True
Qwen/ON,s203-rank1-d0-pos2,203,s203-rank1,background,0,True,default,False,-0.0827916666666666,False
Qwen/ON,s203-rank1-d0-pos2,203,s203-rank1,background,0,True,noise01,False,-0.07749999999999968,False
Qwen/ON,s203-rank1-d0-pos2,203,s203-rank1,background,0,True,long,False,-0.07977083333333312,False
Qwen/ON,s203-rank1-d0-pos3,203,s203-rank1,cooperation,0,True,default,False,0.16254166666666658,True
Qwen/ON,s203-rank1-d0-pos3,203,s203-rank1,cooperation,0,True,noise01,False,0.1510416666666663,True
Qwen/ON,s203-rank1-d0-pos3,203,s203-rank1,cooperation,0,True,long,False,0.04566666666666652,True
Qwen/ON,s203-rank1-d0-pos4,203,s203-rank1,accurate,0,True,default,False,0.01595833333333352,True
Qwen/ON,s203-rank1-d0-pos4,203,s203-rank1,accurate,0,True,noise01,False,0.022333333333333316,True
Qwen/ON,s203-rank1-d0-pos4,203,s203-rank1,accurate,0,True,long,False,-0.014999999999999902,True
Qwen/ON,s208-rank3-d1-pos0,208,s208-rank3,score,1,True,default,False,0.04462500000000014,True
Qwen/ON,s208-rank3-d1-pos0,208,s208-rank3,score,1,True,noise01,False,0.019333333333333202,True
Qwen/ON,s208-rank3-d1-pos0,208,s208-rank3,score,1,True,long,False,0.0038333333333333552,True
Qwen/ON,s208-rank3-d1-pos1,208,s208-rank3,background,1,True,default,False,0.019166666666666554,True
Qwen/ON,s208-rank3-d1-pos1,208,s208-rank3,background,1,True,noise01,False,0.017125000000000057,True
Qwen/ON,s208-rank3-d1-pos1,208,s208-rank3,background,1,True,long,False,-0.00406250000000008,True
Qwen/ON,s208-rank3-d1-pos2,208,s208-rank3,cooperation,1,False,default,True,0.0,False
Qwen/ON,s208-rank3-d1-pos2,208,s208-rank3,cooperation,1,False,noise01,True,0.0,False
Qwen/ON,s208-rank3-d1-pos2,208,s208-rank3,cooperation,1,False,long,True,0.0,False
Qwen/ON,s208-rank3-d1-pos3,208,s208-rank3,mismatched,1,True,default,False,0.1925833333333331,True
Qwen/ON,s208-rank3-d1-pos3,208,s208-rank3,mismatched,1,True,noise01,False,0.20083333333333342,True
Qwen/ON,s208-rank3-d1-pos3,208,s208-rank3,mismatched,1,True,long,False,0.2009791666666665,True
Qwen/ON,s208-rank3-d1-pos4,208,s208-rank3,accurate,1,True,default,False,0.08983333333333321,False
Qwen/ON,s208-rank3-d1-pos4,208,s208-rank3,accurate,1,True,noise01,False,0.06974999999999976,False
Qwen/ON,s208-rank3-d1-pos4,208,s208-rank3,accurate,1,True,long,False,0.08643750000000017,False
Qwen/ON,s211-rank6-d1-pos0,211,s211-rank6,mismatched,1,True,default,False,0.3491249999999997,True
Qwen/ON,s211-rank6-d1-pos0,211,s211-rank6,mismatched,1,True,noise01,False,0.3497916666666665,True
Qwen/ON,s211-rank6-d1-pos0,211,s211-rank6,mismatched,1,True,long,False,0.3510625000000003,True
Qwen/ON,s211-rank6-d1-pos1,211,s211-rank6,accurate,1,True,default,False,0.2785416666666667,True
Qwen/ON,s211-rank6-d1-pos1,211,s211-rank6,accurate,1,True,noise01,False,0.2779583333333333,True
Qwen/ON,s211-rank6-d1-pos1,211,s211-rank6,accurate,1,True,long,False,0.2968333333333333,True
Qwen/ON,s211-rank6-d1-pos2,211,s211-rank6,cooperation,1,True,default,False,0.12187499999999996,False
Qwen/ON,s211-rank6-d1-pos2,211,s211-rank6,cooperation,1,True,noise01,False,0.12908333333333344,False
Qwen/ON,s211-rank6-d1-pos2,211,s211-rank6,cooperation,1,True,long,False,0.12450000000000006,False
Qwen/ON,s211-rank6-d1-pos3,211,s211-rank6,score,1,True,default,False,-0.00275000000000003,False
Qwen/ON,s211-rank6-d1-pos3,211,s211-rank6,score,1,True,noise01,False,0.011666666666666714,False
Qwen/ON,s211-rank6-d1-pos3,211,s211-rank6,score,1,True,long,False,0.06306250000000002,False
Qwen/ON,s211-rank6-d1-pos4,211,s211-rank6,background,1,True,default,False,0.09866666666666668,True
Qwen/ON,s211-rank6-d1-pos4,211,s211-rank6,background,1,True,noise01,False,0.08662499999999995,True
Qwen/ON,s211-rank6-d1-pos4,211,s211-rank6,background,1,True,long,False,0.10137499999999999,True
Qwen/ON,s211-rank6-d0-pos0,211,s211-rank6,mismatched,0,True,default,False,0.17383333333333328,False
Qwen/ON,s211-rank6-d0-pos0,211,s211-rank6,mismatched,0,True,noise01,False,0.15308333333333346,False
Qwen/ON,s211-rank6-d0-pos0,211,s211-rank6,mismatched,0,True,long,False,0.16608333333333336,False
Qwen/ON,s211-rank6-d0-pos1,211,s211-rank6,accurate,0,False,default,True,0.0,False
Qwen/ON,s211-rank6-d0-pos1,211,s211-rank6,accurate,0,False,noise01,True,0.0,False
Qwen/ON,s211-rank6-d0-pos1,211,s211-rank6,accurate,0,False,long,True,0.0,False
Qwen/ON,s211-rank6-d0-pos2,211,s211-rank6,cooperation,0,True,default,False,0.21545833333333353,True
Qwen/ON,s211-rank6-d0-pos2,211,s211-rank6,cooperation,0,True,noise01,False,0.2090416666666668,True
Qwen/ON,s211-rank6-d0-pos2,211,s211-rank6,cooperation,0,True,long,False,0.16510416666666683,True
Qwen/ON,s211-rank6-d0-pos3,211,s211-rank6,score,0,True,default,False,0.17562499999999992,True
Qwen/ON,s211-rank6-d0-pos3,211,s211-rank6,score,0,True,noise01,False,0.15220833333333328,True
Qwen/ON,s211-rank6-d0-pos3,211,s211-rank6,score,0,True,long,False,0.14797916666666677,True
Qwen/ON,s211-rank6-d0-pos4,211,s211-rank6,background,0,True,default,False,0.19529166666666664,False
Qwen/ON,s211-rank6-d0-pos4,211,s211-rank6,background,0,True,noise01,False,0.18100000000000005,False
Qwen/ON,s211-rank6-d0-pos4,211,s211-rank6,background,0,True,long,False,0.16493749999999996,False
Qwen/ON,s212-rank6-d0-pos0,212,s212-rank6,accurate,0,True,default,False,0.13262500000000044,False
Qwen/ON,s212-rank6-d0-pos0,212,s212-rank6,accurate,0,True,noise01,False,0.15116666666666667,False
Qwen/ON,s212-rank6-d0-pos0,212,s212-rank6,accurate,0,True,long,False,0.13252083333333342,False
Qwen/ON,s212-rank6-d0-pos1,212,s212-rank6,score,0,True,default,False,-0.04816666666666647,True
Qwen/ON,s212-rank6-d0-pos1,212,s212-rank6,score,0,True,noise01,False,0.002291666666666803,True
Qwen/ON,s212-rank6-d0-pos1,212,s212-rank6,score,0,True,long,False,-0.05206250000000012,True
Qwen/ON,s212-rank6-d0-pos2,212,s212-rank6,mismatched,0,True,default,False,0.0037916666666666377,False
Qwen/ON,s212-rank6-d0-pos2,212,s212-rank6,mismatched,0,True,noise01,False,0.02633333333333332,False
Qwen/ON,s212-rank6-d0-pos2,212,s212-rank6,mismatched,0,True,long,False,-0.030000000000000027,False
Qwen/ON,s212-rank6-d0-pos3,212,s212-rank6,background,0,True,default,False,-0.03829166666666639,False
Qwen/ON,s212-rank6-d0-pos3,212,s212-rank6,background,0,True,noise01,False,0.0030416666666668313,False
Qwen/ON,s212-rank6-d0-pos3,212,s212-rank6,background,0,True,long,False,-0.05112500000000009,False
Qwen/ON,s212-rank6-d0-pos4,212,s212-rank6,cooperation,0,True,default,False,0.020791666666666764,False
Qwen/ON,s212-rank6-d0-pos4,212,s212-rank6,cooperation,0,True,noise01,False,0.047416666666666885,False
Qwen/ON,s212-rank6-d0-pos4,212,s212-rank6,cooperation,0,True,long,False,-0.02200000000000024,False
Qwen/ON,s213-rank1-d1-pos0,213,s213-rank1,accurate,1,True,default,False,0.12437500000000012,True
Qwen/ON,s213-rank1-d1-pos0,213,s213-rank1,accurate,1,True,noise01,False,0.130625,True
Qwen/ON,s213-rank1-d1-pos0,213,s213-rank1,accurate,1,True,long,False,0.06485416666666666,True
Qwen/ON,s213-rank1-d1-pos1,213,s213-rank1,cooperation,1,True,default,False,-0.007916666666666572,False
Qwen/ON,s213-rank1-d1-pos1,213,s213-rank1,cooperation,1,True,noise01,False,0.02404166666666674,False
Qwen/ON,s213-rank1-d1-pos1,213,s213-rank1,cooperation,1,True,long,False,0.006791666666666751,False
Qwen/ON,s213-rank1-d1-pos2,213,s213-rank1,background,1,True,default,False,-0.0060833333333332185,False
Qwen/ON,s213-rank1-d1-pos2,213,s213-rank1,background,1,True,noise01,False,0.04095833333333343,False
Qwen/ON,s213-rank1-d1-pos2,213,s213-rank1,background,1,True,long,False,0.00852083333333331,False
Qwen/ON,s213-rank1-d1-pos3,213,s213-rank1,score,1,False,default,True,0.0,False
Qwen/ON,s213-rank1-d1-pos3,213,s213-rank1,score,1,False,noise01,True,0.0,False
Qwen/ON,s213-rank1-d1-pos3,213,s213-rank1,score,1,False,long,True,0.0,False
Qwen/ON,s213-rank1-d1-pos4,213,s213-rank1,mismatched,1,True,default,False,0.04358333333333375,False
Qwen/ON,s213-rank1-d1-pos4,213,s213-rank1,mismatched,1,True,noise01,False,0.05870833333333336,False
Qwen/ON,s213-rank1-d1-pos4,213,s213-rank1,mismatched,1,True,long,False,0.02833333333333332,False
Qwen/ON,s205-rank3-d0-pos0,205,s205-rank3,mismatched,0,True,default,False,0.1934583333333333,True
Qwen/ON,s205-rank3-d0-pos0,205,s205-rank3,mismatched,0,True,noise01,False,0.17279166666666645,True
Qwen/ON,s205-rank3-d0-pos0,205,s205-rank3,mismatched,0,True,long,False,0.20154166666666673,True
Qwen/ON,s205-rank3-d0-pos1,205,s205-rank3,score,0,True,default,False,0.3049583333333332,True
Qwen/ON,s205-rank3-d0-pos1,205,s205-rank3,score,0,True,noise01,False,0.25783333333333314,True
Qwen/ON,s205-rank3-d0-pos1,205,s205-rank3,score,0,True,long,False,0.2879166666666666,True
Qwen/ON,s205-rank3-d0-pos2,205,s205-rank3,background,0,True,default,False,0.18995833333333345,True
Qwen/ON,s205-rank3-d0-pos2,205,s205-rank3,background,0,True,noise01,False,0.16283333333333339,True
Qwen/ON,s205-rank3-d0-pos2,205,s205-rank3,background,0,True,long,False,0.150625,True
Qwen/ON,s205-rank3-d0-pos3,205,s205-rank3,accurate,0,True,default,False,0.10566666666666635,True
Qwen/ON,s205-rank3-d0-pos3,205,s205-rank3,accurate,0,True,noise01,False,0.07954166666666662,True
Qwen/ON,s205-rank3-d0-pos3,205,s205-rank3,accurate,0,True,long,False,-0.06993750000000021,True
Qwen/ON,s205-rank3-d0-pos4,205,s205-rank3,cooperation,0,True,default,False,0.034833333333333494,True
Qwen/ON,s205-rank3-d0-pos4,205,s205-rank3,cooperation,0,True,noise01,False,0.010208333333333375,True
Qwen/ON,s205-rank3-d0-pos4,205,s205-rank3,cooperation,0,True,long,False,0.008916666666666684,True
Qwen/ON,s213-rank3-d0-pos0,213,s213-rank3,accurate,0,True,default,False,0.19795833333333368,True
Qwen/ON,s213-rank3-d0-pos0,213,s213-rank3,accurate,0,True,noise01,False,0.16179166666666678,True
Qwen/ON,s213-rank3-d0-pos0,213,s213-rank3,accurate,0,True,long,False,0.08795833333333336,True
Qwen/ON,s213-rank3-d0-pos1,213,s213-rank3,cooperation,0,True,default,False,0.035416666666666874,False
Qwen/ON,s213-rank3-d0-pos1,213,s213-rank3,cooperation,0,True,noise01,False,0.043625000000000025,False
Qwen/ON,s213-rank3-d0-pos1,213,s213-rank3,cooperation,0,True,long,False,0.009208333333333485,False
Qwen/ON,s213-rank3-d0-pos2,213,s213-rank3,background,0,False,default,True,0.0,False
Qwen/ON,s213-rank3-d0-pos2,213,s213-rank3,background,0,False,noise01,True,0.0,False
Qwen/ON,s213-rank3-d0-pos2,213,s213-rank3,background,0,False,long,True,0.0,False
Qwen/ON,s213-rank3-d0-pos3,213,s213-rank3,score,0,True,default,False,0.009250000000000203,True
Qwen/ON,s213-rank3-d0-pos3,213,s213-rank3,score,0,True,noise01,False,0.00374999999999992,True
Qwen/ON,s213-rank3-d0-pos3,213,s213-rank3,score,0,True,long,False,-0.002354166666666435,True
Qwen/ON,s213-rank3-d0-pos4,213,s213-rank3,mismatched,0,True,default,False,0.03895833333333343,True
Qwen/ON,s213-rank3-d0-pos4,213,s213-rank3,mismatched,0,True,noise01,False,0.056708333333332916,True
Qwen/ON,s213-rank3-d0-pos4,213,s213-rank3,mismatched,0,True,long,False,0.026104166666666817,True
Qwen/ON,s203-rank3-d1-pos0,203,s203-rank3,score,1,True,default,False,0.04437500000000005,True
Qwen/ON,s203-rank3-d1-pos0,203,s203-rank3,score,1,True,noise01,False,0.03200000000000025,True
Qwen/ON,s203-rank3-d1-pos0,203,s203-rank3,score,1,True,long,False,0.11520833333333336,True
Qwen/ON,s203-rank3-d1-pos1,203,s203-rank3,mismatched,1,True,default,False,0.1438333333333337,False
Qwen/ON,s203-rank3-d1-pos1,203,s203-rank3,mismatched,1,True,noise01,False,0.1350416666666665,False
Qwen/ON,s203-rank3-d1-pos1,203,s203-rank3,mismatched,1,True,long,False,0.1601041666666665,False
Qwen/ON,s203-rank3-d1-pos2,203,s203-rank3,background,1,True,default,False,0.3416666666666668,True
Qwen/ON,s203-rank3-d1-pos2,203,s203-rank3,background,1,True,noise01,False,0.33125000000000027,True
Qwen/ON,s203-rank3-d1-pos2,203,s203-rank3,background,1,True,long,False,0.2638750000000001,True
Qwen/ON,s203-rank3-d1-pos3,203,s203-rank3,cooperation,1,True,default,False,-0.11737499999999979,False
Qwen/ON,s203-rank3-d1-pos3,203,s203-rank3,cooperation,1,True,noise01,False,-0.11099999999999999,False
Qwen/ON,s203-rank3-d1-pos3,203,s203-rank3,cooperation,1,True,long,False,-0.04152083333333345,False
Qwen/ON,s203-rank3-d1-pos4,203,s203-rank3,accurate,1,True,default,False,0.07066666666666643,True
Qwen/ON,s203-rank3-d1-pos4,203,s203-rank3,accurate,1,True,noise01,False,0.0637500000000002,True
Qwen/ON,s203-rank3-d1-pos4,203,s203-rank3,accurate,1,True,long,False,0.1292083333333336,True
Qwen/ON,s217-rank6-d0-pos0,217,s217-rank6,accurate,0,True,default,False,0.21729166666666666,True
Qwen/ON,s217-rank6-d0-pos0,217,s217-rank6,accurate,0,True,noise01,False,0.1935,True
Qwen/ON,s217-rank6-d0-pos0,217,s217-rank6,accurate,0,True,long,True,0.0,True
Qwen/ON,s217-rank6-d0-pos1,217,s217-rank6,mismatched,0,True,default,False,0.056208333333333194,False
Qwen/ON,s217-rank6-d0-pos1,217,s217-rank6,mismatched,0,True,noise01,False,0.03529166666666694,False
Qwen/ON,s217-rank6-d0-pos1,217,s217-rank6,mismatched,0,True,long,False,0.11208333333333309,False
Qwen/ON,s217-rank6-d0-pos2,217,s217-rank6,cooperation,0,True,default,False,-0.03475000000000006,False
Qwen/ON,s217-rank6-d0-pos2,217,s217-rank6,cooperation,0,True,noise01,False,-0.018416666666666526,False
Qwen/ON,s217-rank6-d0-pos2,217,s217-rank6,cooperation,0,True,long,True,0.0,False
Qwen/ON,s217-rank6-d0-pos3,217,s217-rank6,background,0,False,default,True,0.0,False
Qwen/ON,s217-rank6-d0-pos3,217,s217-rank6,background,0,False,noise01,True,0.0,False
Qwen/ON,s217-rank6-d0-pos3,217,s217-rank6,background,0,False,long,True,0.0,False
Qwen/ON,s217-rank6-d0-pos4,217,s217-rank6,score,0,True,default,False,-0.03533333333333344,False
Qwen/ON,s217-rank6-d0-pos4,217,s217-rank6,score,0,True,noise01,False,-0.019124999999999837,False
Qwen/ON,s217-rank6-d0-pos4,217,s217-rank6,score,0,True,long,False,0.08437500000000009,False
Qwen/ON,s207-rank6-d0-pos0,207,s207-rank6,cooperation,0,True,default,False,0.020625000000000115,True
Qwen/ON,s207-rank6-d0-pos0,207,s207-rank6,cooperation,0,True,noise01,False,0.02587499999999987,True
Qwen/ON,s207-rank6-d0-pos0,207,s207-rank6,cooperation,0,True,long,False,0.006750000000000256,True
Qwen/ON,s207-rank6-d0-pos1,207,s207-rank6,accurate,0,True,default,False,0.11691666666666678,True
Qwen/ON,s207-rank6-d0-pos1,207,s207-rank6,accurate,0,True,noise01,False,0.16908333333333325,True
Qwen/ON,s207-rank6-d0-pos1,207,s207-rank6,accurate,0,True,long,False,0.07322916666666668,True
Qwen/ON,s207-rank6-d0-pos2,207,s207-rank6,background,0,True,default,False,-0.0764583333333333,True
Qwen/ON,s207-rank6-d0-pos2,207,s207-rank6,background,0,True,noise01,False,-0.01912500000000006,True
Qwen/ON,s207-rank6-d0-pos2,207,s207-rank6,background,0,True,long,False,-0.040000000000000036,True
Qwen/ON,s207-rank6-d0-pos3,207,s207-rank6,score,0,True,default,False,0.03579166666666689,False
Qwen/ON,s207-rank6-d0-pos3,207,s207-rank6,score,0,True,noise01,False,0.054749999999999854,False
Qwen/ON,s207-rank6-d0-pos3,207,s207-rank6,score,0,True,long,False,0.012520833333333314,False
Qwen/ON,s207-rank6-d0-pos4,207,s207-rank6,mismatched,0,True,default,False,0.1621250000000003,False
Qwen/ON,s207-rank6-d0-pos4,207,s207-rank6,mismatched,0,True,noise01,False,0.1585833333333333,False
Qwen/ON,s207-rank6-d0-pos4,207,s207-rank6,mismatched,0,True,long,False,0.13087500000000007,False
Qwen/ON,s217-rank3-d0-pos0,217,s217-rank3,accurate,0,True,default,False,0.2509583333333332,False
Qwen/ON,s217-rank3-d0-pos0,217,s217-rank3,accurate,0,True,noise01,False,0.2180416666666667,False
Qwen/ON,s217-rank3-d0-pos0,217,s217-rank3,accurate,0,True,long,False,0.2377499999999999,False
Qwen/ON,s217-rank3-d0-pos1,217,s217-rank3,mismatched,0,True,default,False,0.0419166666666666,True
Qwen/ON,s217-rank3-d0-pos1,217,s217-rank3,mismatched,0,True,noise01,False,0.060249999999999915,True
Qwen/ON,s217-rank3-d0-pos1,217,s217-rank3,mismatched,0,True,long,False,0.03502083333333328,True
Qwen/ON,s217-rank3-d0-pos2,217,s217-rank3,cooperation,0,True,default,False,-0.026874999999999982,False
Qwen/ON,s217-rank3-d0-pos2,217,s217-rank3,cooperation,0,True,noise01,False,-0.028750000000000053,False
Qwen/ON,s217-rank3-d0-pos2,217,s217-rank3,cooperation,0,True,long,False,-0.020020833333333377,False
Qwen/ON,s217-rank3-d0-pos3,217,s217-rank3,background,0,False,default,True,0.0,False
Qwen/ON,s217-rank3-d0-pos3,217,s217-rank3,background,0,False,noise01,True,0.0,False
Qwen/ON,s217-rank3-d0-pos3,217,s217-rank3,background,0,False,long,True,0.0,False
Qwen/ON,s217-rank3-d0-pos4,217,s217-rank3,score,0,True,default,False,0.14316666666666666,False
Qwen/ON,s217-rank3-d0-pos4,217,s217-rank3,score,0,True,noise01,False,0.1003750000000001,False
Qwen/ON,s217-rank3-d0-pos4,217,s217-rank3,score,0,True,long,False,0.05970833333333325,False
Qwen/ON,s201-rank1-d0-pos0,201,s201-rank1,accurate,0,True,default,False,0.0642083333333332,False
Qwen/ON,s201-rank1-d0-pos0,201,s201-rank1,accurate,0,True,noise01,False,0.06612500000000021,False
Qwen/ON,s201-rank1-d0-pos0,201,s201-rank1,accurate,0,True,long,False,0.011770833333333508,False
Qwen/ON,s201-rank1-d0-pos1,201,s201-rank1,cooperation,0,False,default,True,0.0,False
Qwen/ON,s201-rank1-d0-pos1,201,s201-rank1,cooperation,0,False,noise01,True,0.0,False
Qwen/ON,s201-rank1-d0-pos1,201,s201-rank1,cooperation,0,False,long,True,0.0,False
Qwen/ON,s201-rank1-d0-pos2,201,s201-rank1,score,0,True,default,False,0.010250000000000092,False
Qwen/ON,s201-rank1-d0-pos2,201,s201-rank1,score,0,True,noise01,False,0.023916666666666808,False
Qwen/ON,s201-rank1-d0-pos2,201,s201-rank1,score,0,True,long,False,-0.02489583333333334,False
Qwen/ON,s201-rank1-d0-pos3,201,s201-rank1,mismatched,0,True,default,False,0.01504166666666662,True
Qwen/ON,s201-rank1-d0-pos3,201,s201-rank1,mismatched,0,True,noise01,False,0.008125000000000382,True
Qwen/ON,s201-rank1-d0-pos3,201,s201-rank1,mismatched,0,True,long,False,-0.01949999999999985,True
Qwen/ON,s201-rank1-d0-pos4,201,s201-rank1,background,0,True,default,False,0.16179166666666678,True
Qwen/ON,s201-rank1-d0-pos4,201,s201-rank1,background,0,True,noise01,False,0.1445416666666668,True
Qwen/ON,s201-rank1-d0-pos4,201,s201-rank1,background,0,True,long,False,0.05147916666666652,True
Qwen/ON,s215-rank1-d0-pos0,215,s215-rank1,background,0,True,default,False,0.09487500000000026,False
Qwen/ON,s215-rank1-d0-pos0,215,s215-rank1,background,0,True,noise01,False,0.0648333333333333,False
Qwen/ON,s215-rank1-d0-pos0,215,s215-rank1,background,0,True,long,False,0.01820833333333316,False
Qwen/ON,s215-rank1-d0-pos1,215,s215-rank1,accurate,0,True,default,False,0.029749999999999943,False
Qwen/ON,s215-rank1-d0-pos1,215,s215-rank1,accurate,0,True,noise01,False,0.03383333333333316,False
Qwen/ON,s215-rank1-d0-pos1,215,s215-rank1,accurate,0,True,long,False,-0.0055833333333332735,False
Qwen/ON,s215-rank1-d0-pos2,215,s215-rank1,mismatched,0,True,default,False,0.0804583333333333,False
Qwen/ON,s215-rank1-d0-pos2,215,s215-rank1,mismatched,0,True,noise01,False,0.08574999999999977,False
Qwen/ON,s215-rank1-d0-pos2,215,s215-rank1,mismatched,0,True,long,True,0.0,False
Qwen/ON,s215-rank1-d0-pos3,215,s215-rank1,cooperation,0,True,default,False,0.04966666666666675,True
Qwen/ON,s215-rank1-d0-pos3,215,s215-rank1,cooperation,0,True,noise01,False,0.045208333333333295,True
Qwen/ON,s215-rank1-d0-pos3,215,s215-rank1,cooperation,0,True,long,False,0.034354166666666686,True
Qwen/ON,s215-rank1-d0-pos4,215,s215-rank1,score,0,True,default,False,0.13904166666666673,True
Qwen/ON,s215-rank1-d0-pos4,215,s215-rank1,score,0,True,noise01,False,0.13379166666666653,True
Qwen/ON,s215-rank1-d0-pos4,215,s215-rank1,score,0,True,long,False,0.04499999999999971,True
Qwen/ON,s213-rank6-d0-pos0,213,s213-rank6,accurate,0,True,default,False,0.0031250000000000444,False
Qwen/ON,s213-rank6-d0-pos0,213,s213-rank6,accurate,0,True,noise01,False,-0.0073750000000001315,False
Qwen/ON,s213-rank6-d0-pos0,213,s213-rank6,accurate,0,True,long,True,0.0,False
Qwen/ON,s213-rank6-d0-pos1,213,s213-rank6,cooperation,0,False,default,True,0.0,False
Qwen/ON,s213-rank6-d0-pos1,213,s213-rank6,cooperation,0,False,noise01,True,0.0,False
Qwen/ON,s213-rank6-d0-pos1,213,s213-rank6,cooperation,0,False,long,True,0.0,False
Qwen/ON,s213-rank6-d0-pos2,213,s213-rank6,background,0,False,default,True,0.0,False
Qwen/ON,s213-rank6-d0-pos2,213,s213-rank6,background,0,False,noise01,True,0.0,False
Qwen/ON,s213-rank6-d0-pos2,213,s213-rank6,background,0,False,long,True,0.0,False
Qwen/ON,s213-rank6-d0-pos3,213,s213-rank6,score,0,True,default,False,-0.006666666666666599,False
Qwen/ON,s213-rank6-d0-pos3,213,s213-rank6,score,0,True,noise01,False,-0.02183333333333337,False
Qwen/ON,s213-rank6-d0-pos3,213,s213-rank6,score,0,True,long,False,-0.01674999999999982,False
Qwen/ON,s213-rank6-d0-pos4,213,s213-rank6,mismatched,0,True,default,False,0.049541666666666595,False
Qwen/ON,s213-rank6-d0-pos4,213,s213-rank6,mismatched,0,True,noise01,False,0.034624999999999906,False
Qwen/ON,s213-rank6-d0-pos4,213,s213-rank6,mismatched,0,True,long,False,0.020458333333333467,False
Qwen/ON,s215-rank1-d1-pos0,215,s215-rank1,background,1,True,default,False,0.1875416666666665,True
Qwen/ON,s215-rank1-d1-pos0,215,s215-rank1,background,1,True,noise01,False,0.14949999999999997,True
Qwen/ON,s215-rank1-d1-pos0,215,s215-rank1,background,1,True,long,False,0.061562500000000187,True
Qwen/ON,s215-rank1-d1-pos1,215,s215-rank1,accurate,1,True,default,False,0.15820833333333373,True
Qwen/ON,s215-rank1-d1-pos1,215,s215-rank1,accurate,1,True,noise01,False,0.1795833333333332,True
Qwen/ON,s215-rank1-d1-pos1,215,s215-rank1,accurate,1,True,long,False,0.06333333333333324,True
Qwen/ON,s215-rank1-d1-pos2,215,s215-rank1,mismatched,1,True,default,False,0.20245833333333318,True
Qwen/ON,s215-rank1-d1-pos2,215,s215-rank1,mismatched,1,True,noise01,False,0.18066666666666653,True
Qwen/ON,s215-rank1-d1-pos2,215,s215-rank1,mismatched,1,True,long,False,0.07395833333333335,True
Qwen/ON,s215-rank1-d1-pos3,215,s215-rank1,cooperation,1,True,default,False,0.03212499999999996,False
Qwen/ON,s215-rank1-d1-pos3,215,s215-rank1,cooperation,1,True,noise01,False,0.023583333333333067,False
Qwen/ON,s215-rank1-d1-pos3,215,s215-rank1,cooperation,1,True,long,False,-0.009958333333333291,False
Qwen/ON,s215-rank1-d1-pos4,215,s215-rank1,score,1,True,default,False,0.0862916666666671,False
Qwen/ON,s215-rank1-d1-pos4,215,s215-rank1,score,1,True,noise01,False,0.061291666666666744,False
Qwen/ON,s215-rank1-d1-pos4,215,s215-rank1,score,1,True,long,False,0.019999999999999796,False
Qwen/ON,s212-rank1-d1-pos0,212,s212-rank1,accurate,1,True,default,False,0.18537500000000007,True
Qwen/ON,s212-rank1-d1-pos0,212,s212-rank1,accurate,1,True,noise01,False,0.1906666666666672,True
Qwen/ON,s212-rank1-d1-pos0,212,s212-rank1,accurate,1,True,long,False,0.06781250000000005,True
Qwen/ON,s212-rank1-d1-pos1,212,s212-rank1,score,1,False,default,True,0.0,False
Qwen/ON,s212-rank1-d1-pos1,212,s212-rank1,score,1,False,noise01,True,0.0,False
Qwen/ON,s212-rank1-d1-pos1,212,s212-rank1,score,1,False,long,True,0.0,False
Qwen/ON,s212-rank1-d1-pos2,212,s212-rank1,mismatched,1,True,default,False,0.24012499999999992,True
Qwen/ON,s212-rank1-d1-pos2,212,s212-rank1,mismatched,1,True,noise01,False,0.1454583333333337,True
Qwen/ON,s212-rank1-d1-pos2,212,s212-rank1,mismatched,1,True,long,False,0.08847916666666666,True
Qwen/ON,s212-rank1-d1-pos3,212,s212-rank1,background,1,False,default,True,0.0,False
Qwen/ON,s212-rank1-d1-pos3,212,s212-rank1,background,1,False,noise01,True,0.0,False
Qwen/ON,s212-rank1-d1-pos3,212,s212-rank1,background,1,False,long,True,0.0,False
Qwen/ON,s212-rank1-d1-pos4,212,s212-rank1,cooperation,1,True,default,False,0.23041666666666716,True
Qwen/ON,s212-rank1-d1-pos4,212,s212-rank1,cooperation,1,True,noise01,False,0.21791666666666676,True
Qwen/ON,s212-rank1-d1-pos4,212,s212-rank1,cooperation,1,True,long,False,0.07168750000000035,True
Qwen/ON,s204-rank1-d0-pos0,204,s204-rank1,score,0,True,default,False,0.09937499999999999,False
Qwen/ON,s204-rank1-d0-pos0,204,s204-rank1,score,0,True,noise01,False,0.1064166666666666,False
Qwen/ON,s204-rank1-d0-pos0,204,s204-rank1,score,0,True,long,False,0.18287500000000012,False
Qwen/ON,s204-rank1-d0-pos1,204,s204-rank1,mismatched,0,True,default,False,0.21566666666666712,False
Qwen/ON,s204-rank1-d0-pos1,204,s204-rank1,mismatched,0,True,noise01,False,0.18308333333333326,False
Qwen/ON,s204-rank1-d0-pos1,204,s204-rank1,mismatched,0,True,long,True,0.0,False
Qwen/ON,s204-rank1-d0-pos2,204,s204-rank1,cooperation,0,True,default,False,0.04533333333333345,True
Qwen/ON,s204-rank1-d0-pos2,204,s204-rank1,cooperation,0,True,noise01,False,0.030874999999999986,True
Qwen/ON,s204-rank1-d0-pos2,204,s204-rank1,cooperation,0,True,long,False,0.09779166666666672,True
Qwen/ON,s204-rank1-d0-pos3,204,s204-rank1,accurate,0,False,default,True,0.0,False
Qwen/ON,s204-rank1-d0-pos3,204,s204-rank1,accurate,0,False,noise01,True,0.0,False
Qwen/ON,s204-rank1-d0-pos3,204,s204-rank1,accurate,0,False,long,True,0.0,False
Qwen/ON,s204-rank1-d0-pos4,204,s204-rank1,background,0,False,default,True,0.0,False
Qwen/ON,s204-rank1-d0-pos4,204,s204-rank1,background,0,False,noise01,True,0.0,False
Qwen/ON,s204-rank1-d0-pos4,204,s204-rank1,background,0,False,long,True,0.0,False
Qwen/ON,s210-rank3-d0-pos0,210,s210-rank3,background,0,False,default,True,0.0,False
Qwen/ON,s210-rank3-d0-pos0,210,s210-rank3,background,0,False,noise01,True,0.0,False
Qwen/ON,s210-rank3-d0-pos0,210,s210-rank3,background,0,False,long,True,0.0,False
Qwen/ON,s210-rank3-d0-pos1,210,s210-rank3,score,0,True,default,False,0.28500000000000014,True
Qwen/ON,s210-rank3-d0-pos1,210,s210-rank3,score,0,True,noise01,False,0.31262499999999993,True
Qwen/ON,s210-rank3-d0-pos1,210,s210-rank3,score,0,True,long,False,0.16497916666666668,True
Qwen/ON,s210-rank3-d0-pos2,210,s210-rank3,cooperation,0,True,default,False,0.11012500000000003,True
Qwen/ON,s210-rank3-d0-pos2,210,s210-rank3,cooperation,0,True,noise01,False,0.14450000000000007,True
Qwen/ON,s210-rank3-d0-pos2,210,s210-rank3,cooperation,0,True,long,False,0.06543749999999982,True
Qwen/ON,s210-rank3-d0-pos3,210,s210-rank3,accurate,0,False,default,True,0.0,False
Qwen/ON,s210-rank3-d0-pos3,210,s210-rank3,accurate,0,False,noise01,True,0.0,False
Qwen/ON,s210-rank3-d0-pos3,210,s210-rank3,accurate,0,False,long,True,0.0,False
Qwen/ON,s210-rank3-d0-pos4,210,s210-rank3,mismatched,0,True,default,False,0.09787499999999971,False
Qwen/ON,s210-rank3-d0-pos4,210,s210-rank3,mismatched,0,True,noise01,False,0.15475000000000017,False
Qwen/ON,s210-rank3-d0-pos4,210,s210-rank3,mismatched,0,True,long,False,0.07831250000000001,False
Qwen/ON,s208-rank3-d0-pos0,208,s208-rank3,score,0,True,default,False,-0.0824583333333333,False
Qwen/ON,s208-rank3-d0-pos0,208,s208-rank3,score,0,True,noise01,False,-0.0645,False
Qwen/ON,s208-rank3-d0-pos0,208,s208-rank3,score,0,True,long,False,-0.05322916666666666,False
Qwen/ON,s208-rank3-d0-pos1,208,s208-rank3,background,0,False,default,True,0.0,False
Qwen/ON,s208-rank3-d0-pos1,208,s208-rank3,background,0,False,noise01,True,0.0,False
Qwen/ON,s208-rank3-d0-pos1,208,s208-rank3,background,0,False,long,True,0.0,False
Qwen/ON,s208-rank3-d0-pos2,208,s208-rank3,cooperation,0,True,default,False,0.026374999999999815,True
Qwen/ON,s208-rank3-d0-pos2,208,s208-rank3,cooperation,0,True,noise01,False,0.010000000000000009,True
Qwen/ON,s208-rank3-d0-pos2,208,s208-rank3,cooperation,0,True,long,False,0.013791666666666647,True
Qwen/ON,s208-rank3-d0-pos3,208,s208-rank3,mismatched,0,True,default,False,0.045458333333333156,False
Qwen/ON,s208-rank3-d0-pos3,208,s208-rank3,mismatched,0,True,noise01,False,0.04508333333333314,False
Qwen/ON,s208-rank3-d0-pos3,208,s208-rank3,mismatched,0,True,long,False,0.055062500000000014,False
Qwen/ON,s208-rank3-d0-pos4,208,s208-rank3,accurate,0,True,default,False,0.08887500000000004,True
Qwen/ON,s208-rank3-d0-pos4,208,s208-rank3,accurate,0,True,noise01,False,0.1060000000000001,True
Qwen/ON,s208-rank3-d0-pos4,208,s208-rank3,accurate,0,True,long,True,0.0,True
Qwen/ON,s219-rank1-d0-pos0,219,s219-rank1,accurate,0,False,default,True,0.0,False
Qwen/ON,s219-rank1-d0-pos0,219,s219-rank1,accurate,0,False,noise01,True,0.0,False
Qwen/ON,s219-rank1-d0-pos0,219,s219-rank1,accurate,0,False,long,True,0.0,False
Qwen/ON,s219-rank1-d0-pos1,219,s219-rank1,score,0,True,default,False,0.05820833333333342,True
Qwen/ON,s219-rank1-d0-pos1,219,s219-rank1,score,0,True,noise01,False,0.0731250000000001,True
Qwen/ON,s219-rank1-d0-pos1,219,s219-rank1,score,0,True,long,True,0.0,True
Qwen/ON,s219-rank1-d0-pos2,219,s219-rank1,cooperation,0,True,default,False,0.053041666666666876,False
Qwen/ON,s219-rank1-d0-pos2,219,s219-rank1,cooperation,0,True,noise01,False,0.054791666666667016,False
Qwen/ON,s219-rank1-d0-pos2,219,s219-rank1,cooperation,0,True,long,False,0.007833333333333137,False
Qwen/ON,s219-rank1-d0-pos3,219,s219-rank1,background,0,True,default,False,0.10529166666666678,False
Qwen/ON,s219-rank1-d0-pos3,219,s219-rank1,background,0,True,noise01,False,0.09504166666666691,False
Qwen/ON,s219-rank1-d0-pos3,219,s219-rank1,background,0,True,long,False,0.029270833333333357,False
Qwen/ON,s219-rank1-d0-pos4,219,s219-rank1,mismatched,0,True,default,False,0.028291666666666826,True
Qwen/ON,s219-rank1-d0-pos4,219,s219-rank1,mismatched,0,True,noise01,False,0.012500000000000178,True
Qwen/ON,s219-rank1-d0-pos4,219,s219-rank1,mismatched,0,True,long,False,-0.009208333333333485,True
Qwen/ON,s203-rank3-d0-pos0,203,s203-rank3,score,0,False,default,True,0.0,False
Qwen/ON,s203-rank3-d0-pos0,203,s203-rank3,score,0,False,noise01,True,0.0,False
Qwen/ON,s203-rank3-d0-pos0,203,s203-rank3,score,0,False,long,True,0.0,False
Qwen/ON,s203-rank3-d0-pos1,203,s203-rank3,mismatched,0,True,default,False,0.2685833333333334,True
Qwen/ON,s203-rank3-d0-pos1,203,s203-rank3,mismatched,0,True,noise01,False,0.2497916666666664,True
Qwen/ON,s203-rank3-d0-pos1,203,s203-rank3,mismatched,0,True,long,False,0.2128333333333332,True
Qwen/ON,s203-rank3-d0-pos2,203,s203-rank3,background,0,True,default,False,0.05812499999999998,False
Qwen/ON,s203-rank3-d0-pos2,203,s203-rank3,background,0,True,noise01,False,0.03300000000000014,False
Qwen/ON,s203-rank3-d0-pos2,203,s203-rank3,background,0,True,long,False,0.12295833333333328,False
Qwen/ON,s203-rank3-d0-pos3,203,s203-rank3,cooperation,0,True,default,False,-0.04312500000000008,True
Qwen/ON,s203-rank3-d0-pos3,203,s203-rank3,cooperation,0,True,noise01,False,-0.04291666666666649,True
Qwen/ON,s203-rank3-d0-pos3,203,s203-rank3,cooperation,0,True,long,False,0.08000000000000007,True
Qwen/ON,s203-rank3-d0-pos4,203,s203-rank3,accurate,0,True,default,False,0.009250000000000203,False
Qwen/ON,s203-rank3-d0-pos4,203,s203-rank3,accurate,0,True,noise01,False,0.007583333333333497,False
Qwen/ON,s203-rank3-d0-pos4,203,s203-rank3,accurate,0,True,long,False,0.10175000000000001,False
Qwen/ON,s209-rank6-d1-pos0,209,s209-rank6,mismatched,1,False,default,True,0.0,False
Qwen/ON,s209-rank6-d1-pos0,209,s209-rank6,mismatched,1,False,noise01,True,0.0,False
Qwen/ON,s209-rank6-d1-pos0,209,s209-rank6,mismatched,1,False,long,True,0.0,False
Qwen/ON,s209-rank6-d1-pos1,209,s209-rank6,background,1,True,default,False,-0.01591666666666658,False
Qwen/ON,s209-rank6-d1-pos1,209,s209-rank6,background,1,True,noise01,False,-0.0026250000000000995,False
Qwen/ON,s209-rank6-d1-pos1,209,s209-rank6,background,1,True,long,False,-0.0506249999999997,False
Qwen/ON,s209-rank6-d1-pos2,209,s209-rank6,accurate,1,False,default,True,0.0,False
Qwen/ON,s209-rank6-d1-pos2,209,s209-rank6,accurate,1,False,noise01,True,0.0,False
Qwen/ON,s209-rank6-d1-pos2,209,s209-rank6,accurate,1,False,long,True,0.0,False
Qwen/ON,s209-rank6-d1-pos3,209,s209-rank6,score,1,True,default,False,0.08837500000000009,False
Qwen/ON,s209-rank6-d1-pos3,209,s209-rank6,score,1,True,noise01,False,0.08762499999999984,False
Qwen/ON,s209-rank6-d1-pos3,209,s209-rank6,score,1,True,long,False,0.030062500000000103,False
Qwen/ON,s209-rank6-d1-pos4,209,s209-rank6,cooperation,1,True,default,False,0.017875000000000085,False
Qwen/ON,s209-rank6-d1-pos4,209,s209-rank6,cooperation,1,True,noise01,False,0.029874999999999874,False
Qwen/ON,s209-rank6-d1-pos4,209,s209-rank6,cooperation,1,True,long,False,-0.007291666666666474,False
Qwen/ON,s200-rank6-d0-pos0,200,s200-rank6,mismatched,0,True,default,False,0.21937499999999988,True
Qwen/ON,s200-rank6-d0-pos0,200,s200-rank6,mismatched,0,True,noise01,False,0.17912499999999998,True
Qwen/ON,s200-rank6-d0-pos0,200,s200-rank6,mismatched,0,True,long,False,0.21399999999999952,True
Qwen/ON,s200-rank6-d0-pos1,200,s200-rank6,background,0,True,default,False,0.24812499999999993,True
Qwen/ON,s200-rank6-d0-pos1,200,s200-rank6,background,0,True,noise01,False,0.19899999999999984,True
Qwen/ON,s200-rank6-d0-pos1,200,s200-rank6,background,0,True,long,False,0.18424999999999958,True
Qwen/ON,s200-rank6-d0-pos2,200,s200-rank6,cooperation,0,True,default,False,0.16108333333333302,True
Qwen/ON,s200-rank6-d0-pos2,200,s200-rank6,cooperation,0,True,noise01,False,0.13045833333333334,True
Qwen/ON,s200-rank6-d0-pos2,200,s200-rank6,cooperation,0,True,long,False,0.1221249999999996,True
Qwen/ON,s200-rank6-d0-pos3,200,s200-rank6,accurate,0,True,default,False,0.1925416666666666,True
Qwen/ON,s200-rank6-d0-pos3,200,s200-rank6,accurate,0,True,noise01,False,0.1817916666666668,True
Qwen/ON,s200-rank6-d0-pos3,200,s200-rank6,accurate,0,True,long,False,0.1332291666666665,True
Qwen/ON,s200-rank6-d0-pos4,200,s200-rank6,score,0,True,default,False,0.3348333333333331,True
Qwen/ON,s200-rank6-d0-pos4,200,s200-rank6,score,0,True,noise01,False,0.27941666666666665,True
Qwen/ON,s200-rank6-d0-pos4,200,s200-rank6,score,0,True,long,False,0.2059375000000001,True
Qwen/ON,s207-rank6-d1-pos0,207,s207-rank6,cooperation,1,True,default,False,-0.05874999999999986,False
Qwen/ON,s207-rank6-d1-pos0,207,s207-rank6,cooperation,1,True,noise01,False,-0.023666666666666947,False
Qwen/ON,s207-rank6-d1-pos0,207,s207-rank6,cooperation,1,True,long,False,-0.021999999999999797,False
Qwen/ON,s207-rank6-d1-pos1,207,s207-rank6,accurate,1,True,default,False,0.2103750000000002,False
Qwen/ON,s207-rank6-d1-pos1,207,s207-rank6,accurate,1,True,noise01,False,0.1949583333333329,False
Qwen/ON,s207-rank6-d1-pos1,207,s207-rank6,accurate,1,True,long,False,0.09081250000000018,False
Qwen/ON,s207-rank6-d1-pos2,207,s207-rank6,background,1,False,default,True,0.0,False
Qwen/ON,s207-rank6-d1-pos2,207,s207-rank6,background,1,False,noise01,True,0.0,False
Qwen/ON,s207-rank6-d1-pos2,207,s207-rank6,background,1,False,long,True,0.0,False
Qwen/ON,s207-rank6-d1-pos3,207,s207-rank6,score,1,True,default,False,0.11270833333333363,True
Qwen/ON,s207-rank6-d1-pos3,207,s207-rank6,score,1,True,noise01,False,0.13558333333333317,True
Qwen/ON,s207-rank6-d1-pos3,207,s207-rank6,score,1,True,long,False,0.0500208333333334,True
Qwen/ON,s207-rank6-d1-pos4,207,s207-rank6,mismatched,1,True,default,False,0.24179166666666663,True
Qwen/ON,s207-rank6-d1-pos4,207,s207-rank6,mismatched,1,True,noise01,False,0.2305416666666662,True
Qwen/ON,s207-rank6-d1-pos4,207,s207-rank6,mismatched,1,True,long,False,0.11622916666666683,True
Qwen/ON,s200-rank1-d1-pos0,200,s200-rank1,mismatched,1,True,default,False,0.04200000000000004,False
Qwen/ON,s200-rank1-d1-pos0,200,s200-rank1,mismatched,1,True,noise01,False,0.043208333333333515,False
Qwen/ON,s200-rank1-d1-pos0,200,s200-rank1,mismatched,1,True,long,False,0.020333333333333314,False
Qwen/ON,s200-rank1-d1-pos1,200,s200-rank1,background,1,True,default,False,0.018000000000000016,False
Qwen/ON,s200-rank1-d1-pos1,200,s200-rank1,background,1,True,noise01,False,0.03466666666666662,False
Qwen/ON,s200-rank1-d1-pos1,200,s200-rank1,background,1,True,long,False,0.010583333333333389,False
Qwen/ON,s200-rank1-d1-pos2,200,s200-rank1,cooperation,1,True,default,False,-0.10545833333333321,False
Qwen/ON,s200-rank1-d1-pos2,200,s200-rank1,cooperation,1,True,noise01,False,-0.08954166666666641,False
Qwen/ON,s200-rank1-d1-pos2,200,s200-rank1,cooperation,1,True,long,False,-0.0596458333333334,False
Qwen/ON,s200-rank1-d1-pos3,200,s200-rank1,accurate,1,True,default,False,0.057374999999999954,False
Qwen/ON,s200-rank1-d1-pos3,200,s200-rank1,accurate,1,True,noise01,False,0.083666666666667,False
Qwen/ON,s200-rank1-d1-pos3,200,s200-rank1,accurate,1,True,long,False,0.02489583333333334,False
Qwen/ON,s200-rank1-d1-pos4,200,s200-rank1,score,1,True,default,False,0.12320833333333336,True
Qwen/ON,s200-rank1-d1-pos4,200,s200-rank1,score,1,True,noise01,False,0.09637500000000032,True
Qwen/ON,s200-rank1-d1-pos4,200,s200-rank1,score,1,True,long,True,0.0,True
Qwen/ON,s216-rank3-d1-pos0,216,s216-rank3,mismatched,1,False,default,True,0.0,False
Qwen/ON,s216-rank3-d1-pos0,216,s216-rank3,mismatched,1,False,noise01,True,0.0,False
Qwen/ON,s216-rank3-d1-pos0,216,s216-rank3,mismatched,1,False,long,True,0.0,False
Qwen/ON,s216-rank3-d1-pos1,216,s216-rank3,accurate,1,True,default,False,0.1346666666666667,False
Qwen/ON,s216-rank3-d1-pos1,216,s216-rank3,accurate,1,True,noise01,False,0.12104166666666649,False
Qwen/ON,s216-rank3-d1-pos1,216,s216-rank3,accurate,1,True,long,False,0.05204166666666654,False
Qwen/ON,s216-rank3-d1-pos2,216,s216-rank3,score,1,True,default,False,0.13354166666666667,True
Qwen/ON,s216-rank3-d1-pos2,216,s216-rank3,score,1,True,noise01,False,0.1508333333333336,True
Qwen/ON,s216-rank3-d1-pos2,216,s216-rank3,score,1,True,long,False,0.06158333333333332,True
Qwen/ON,s216-rank3-d1-pos3,216,s216-rank3,background,1,True,default,False,0.13924999999999987,True
Qwen/ON,s216-rank3-d1-pos3,216,s216-rank3,background,1,True,noise01,False,0.08391666666666686,True
Qwen/ON,s216-rank3-d1-pos3,216,s216-rank3,background,1,True,long,False,0.05795833333333311,True
Qwen/ON,s216-rank3-d1-pos4,216,s216-rank3,cooperation,1,True,default,False,-0.05541666666666667,False
Qwen/ON,s216-rank3-d1-pos4,216,s216-rank3,cooperation,1,True,noise01,False,-0.029083333333333128,False
Qwen/ON,s216-rank3-d1-pos4,216,s216-rank3,cooperation,1,True,long,False,-0.1030416666666667,False
Qwen/ON,s210-rank3-d1-pos0,210,s210-rank3,background,1,False,default,True,0.0,False
Qwen/ON,s210-rank3-d1-pos0,210,s210-rank3,background,1,False,noise01,True,0.0,False
Qwen/ON,s210-rank3-d1-pos0,210,s210-rank3,background,1,False,long,True,0.0,False
Qwen/ON,s210-rank3-d1-pos1,210,s210-rank3,score,1,True,default,False,-0.04041666666666699,False
Qwen/ON,s210-rank3-d1-pos1,210,s210-rank3,score,1,True,noise01,False,-8.333333333343518e-05,False
Qwen/ON,s210-rank3-d1-pos1,210,s210-rank3,score,1,True,long,True,0.0,False
Qwen/ON,s210-rank3-d1-pos2,210,s210-rank3,cooperation,1,True,default,False,0.0239999999999998,False
Qwen/ON,s210-rank3-d1-pos2,210,s210-rank3,cooperation,1,True,noise01,False,0.0685416666666665,False
Qwen/ON,s210-rank3-d1-pos2,210,s210-rank3,cooperation,1,True,long,False,0.02937499999999993,False
Qwen/ON,s210-rank3-d1-pos3,210,s210-rank3,accurate,1,True,default,False,0.4312499999999999,True
Qwen/ON,s210-rank3-d1-pos3,210,s210-rank3,accurate,1,True,noise01,False,0.44304166666666656,True
Qwen/ON,s210-rank3-d1-pos3,210,s210-rank3,accurate,1,True,long,False,0.21704166666666658,True
Qwen/ON,s210-rank3-d1-pos4,210,s210-rank3,mismatched,1,True,default,False,0.27583333333333293,True
Qwen/ON,s210-rank3-d1-pos4,210,s210-rank3,mismatched,1,True,noise01,False,0.3092916666666665,True
Qwen/ON,s210-rank3-d1-pos4,210,s210-rank3,mismatched,1,True,long,True,0.0,True
Qwen/ON,s215-rank3-d1-pos0,215,s215-rank3,background,1,True,default,False,0.033833333333333604,False
Qwen/ON,s215-rank3-d1-pos0,215,s215-rank3,background,1,True,noise01,False,0.029666666666666508,False
Qwen/ON,s215-rank3-d1-pos0,215,s215-rank3,background,1,True,long,False,-0.00258333333333316,False
Qwen/ON,s215-rank3-d1-pos1,215,s215-rank3,accurate,1,True,default,False,-0.01645833333333302,False
Qwen/ON,s215-rank3-d1-pos1,215,s215-rank3,accurate,1,True,noise01,False,-0.0012083333333332558,False
Qwen/ON,s215-rank3-d1-pos1,215,s215-rank3,accurate,1,True,long,False,-0.029854166666666737,False
Qwen/ON,s215-rank3-d1-pos2,215,s215-rank3,mismatched,1,True,default,False,0.14716666666666667,True
Qwen/ON,s215-rank3-d1-pos2,215,s215-rank3,mismatched,1,True,noise01,False,0.12733333333333352,True
Qwen/ON,s215-rank3-d1-pos2,215,s215-rank3,mismatched,1,True,long,False,0.12679166666666686,True
Qwen/ON,s215-rank3-d1-pos3,215,s215-rank3,cooperation,1,True,default,False,0.20112500000000022,True
Qwen/ON,s215-rank3-d1-pos3,215,s215-rank3,cooperation,1,True,noise01,False,0.21591666666666676,True
Qwen/ON,s215-rank3-d1-pos3,215,s215-rank3,cooperation,1,True,long,False,0.07562499999999983,True
Qwen/ON,s215-rank3-d1-pos4,215,s215-rank3,score,1,True,default,False,0.08562500000000028,False
Qwen/ON,s215-rank3-d1-pos4,215,s215-rank3,score,1,True,noise01,False,0.06583333333333341,False
Qwen/ON,s215-rank3-d1-pos4,215,s215-rank3,score,1,True,long,False,0.012249999999999872,False
Qwen/ON,s219-rank3-d1-pos0,219,s219-rank3,accurate,1,True,default,False,0.17516666666666647,True
Qwen/ON,s219-rank3-d1-pos0,219,s219-rank3,accurate,1,True,noise01,False,0.14816666666666678,True
Qwen/ON,s219-rank3-d1-pos0,219,s219-rank3,accurate,1,True,long,False,0.06137499999999996,True
Qwen/ON,s219-rank3-d1-pos1,219,s219-rank3,score,1,True,default,False,0.18633333333333346,False
Qwen/ON,s219-rank3-d1-pos1,219,s219-rank3,score,1,True,noise01,False,0.14300000000000002,False
Qwen/ON,s219-rank3-d1-pos1,219,s219-rank3,score,1,True,long,False,0.0674166666666669,False
Qwen/ON,s219-rank3-d1-pos2,219,s219-rank3,cooperation,1,True,default,False,0.20225000000000004,True
Qwen/ON,s219-rank3-d1-pos2,219,s219-rank3,cooperation,1,True,noise01,False,0.1945416666666666,True
Qwen/ON,s219-rank3-d1-pos2,219,s219-rank3,cooperation,1,True,long,False,0.08147916666666655,True
Qwen/ON,s219-rank3-d1-pos3,219,s219-rank3,background,1,True,default,False,0.18266666666666675,True
Qwen/ON,s219-rank3-d1-pos3,219,s219-rank3,background,1,True,noise01,False,0.1721666666666668,True
Qwen/ON,s219-rank3-d1-pos3,219,s219-rank3,background,1,True,long,False,0.06589583333333326,True
Qwen/ON,s219-rank3-d1-pos4,219,s219-rank3,mismatched,1,True,default,False,0.14404166666666662,True
Qwen/ON,s219-rank3-d1-pos4,219,s219-rank3,mismatched,1,True,noise01,False,0.11441666666666683,True
Qwen/ON,s219-rank3-d1-pos4,219,s219-rank3,mismatched,1,True,long,False,0.11845833333333333,True
Qwen/ON,s212-rank3-d0-pos0,212,s212-rank3,accurate,0,True,default,False,0.020999999999999908,False
Qwen/ON,s212-rank3-d0-pos0,212,s212-rank3,accurate,0,True,noise01,False,0.024375000000000036,False
Qwen/ON,s212-rank3-d0-pos0,212,s212-rank3,accurate,0,True,long,False,-0.03581250000000025,False
Qwen/ON,s212-rank3-d0-pos1,212,s212-rank3,score,0,True,default,False,-0.06325000000000025,False
Qwen/ON,s212-rank3-d0-pos1,212,s212-rank3,score,0,True,noise01,False,-0.027374999999999927,False
Qwen/ON,s212-rank3-d0-pos1,212,s212-rank3,score,0,True,long,False,-0.0853333333333337,False
Qwen/ON,s212-rank3-d0-pos2,212,s212-rank3,mismatched,0,True,default,False,0.13099999999999978,True
Qwen/ON,s212-rank3-d0-pos2,212,s212-rank3,mismatched,0,True,noise01,False,0.1352916666666666,True
Qwen/ON,s212-rank3-d0-pos2,212,s212-rank3,mismatched,0,True,long,False,0.06783333333333341,True
Qwen/ON,s212-rank3-d0-pos3,212,s212-rank3,background,0,True,default,False,0.39224999999999977,True
Qwen/ON,s212-rank3-d0-pos3,212,s212-rank3,background,0,True,noise01,False,0.41145833333333326,True
Qwen/ON,s212-rank3-d0-pos3,212,s212-rank3,background,0,True,long,False,0.1497083333333331,True
Qwen/ON,s212-rank3-d0-pos4,212,s212-rank3,cooperation,0,False,default,True,0.0,False
Qwen/ON,s212-rank3-d0-pos4,212,s212-rank3,cooperation,0,False,noise01,True,0.0,False
Qwen/ON,s212-rank3-d0-pos4,212,s212-rank3,cooperation,0,False,long,True,0.0,False
Qwen/ON,s215-rank3-d0-pos0,215,s215-rank3,background,0,True,default,False,0.11575000000000024,True
Qwen/ON,s215-rank3-d0-pos0,215,s215-rank3,background,0,True,noise01,False,0.1333333333333333,True
Qwen/ON,s215-rank3-d0-pos0,215,s215-rank3,background,0,True,long,False,0.03397916666666667,True
Qwen/ON,s215-rank3-d0-pos1,215,s215-rank3,accurate,0,True,default,False,0.24345833333333378,False
Qwen/ON,s215-rank3-d0-pos1,215,s215-rank3,accurate,0,True,noise01,True,0.0,False
Qwen/ON,s215-rank3-d0-pos1,215,s215-rank3,accurate,0,True,long,True,0.0,False
Qwen/ON,s215-rank3-d0-pos2,215,s215-rank3,mismatched,0,True,default,False,0.06075000000000008,False
Qwen/ON,s215-rank3-d0-pos2,215,s215-rank3,mismatched,0,True,noise01,False,0.0767500000000001,False
Qwen/ON,s215-rank3-d0-pos2,215,s215-rank3,mismatched,0,True,long,False,0.009687500000000071,False
Qwen/ON,s215-rank3-d0-pos3,215,s215-rank3,cooperation,0,True,default,False,0.062124999999999986,False
Qwen/ON,s215-rank3-d0-pos3,215,s215-rank3,cooperation,0,True,noise01,False,0.061166666666666814,False
Qwen/ON,s215-rank3-d0-pos3,215,s215-rank3,cooperation,0,True,long,False,-0.0008541666666668224,False
Qwen/ON,s215-rank3-d0-pos4,215,s215-rank3,score,0,True,default,False,0.09416666666666673,True
Qwen/ON,s215-rank3-d0-pos4,215,s215-rank3,score,0,True,noise01,False,0.08087499999999981,True
Qwen/ON,s215-rank3-d0-pos4,215,s215-rank3,score,0,True,long,False,0.018604166666666755,True
Qwen/ON,s208-rank6-d0-pos0,208,s208-rank6,score,0,True,default,False,0.19491666666666663,True
Qwen/ON,s208-rank6-d0-pos0,208,s208-rank6,score,0,True,noise01,False,0.18966666666666687,True
Qwen/ON,s208-rank6-d0-pos0,208,s208-rank6,score,0,True,long,False,0.07929166666666676,True
Qwen/ON,s208-rank6-d0-pos1,208,s208-rank6,background,0,True,default,False,-0.017833333333333368,False
Qwen/ON,s208-rank6-d0-pos1,208,s208-rank6,background,0,True,noise01,False,0.038249999999999895,False
Qwen/ON,s208-rank6-d0-pos1,208,s208-rank6,background,0,True,long,False,0.008270833333333005,False
Qwen/ON,s208-rank6-d0-pos2,208,s208-rank6,cooperation,0,True,default,False,0.04737500000000017,False
Qwen/ON,s208-rank6-d0-pos2,208,s208-rank6,cooperation,0,True,noise01,False,0.05945833333333339,False
Qwen/ON,s208-rank6-d0-pos2,208,s208-rank6,cooperation,0,True,long,False,0.012124999999999941,False
Qwen/ON,s208-rank6-d0-pos3,208,s208-rank6,mismatched,0,True,default,False,0.0977916666666665,True
Qwen/ON,s208-rank6-d0-pos3,208,s208-rank6,mismatched,0,True,noise01,False,0.14220833333333327,True
Qwen/ON,s208-rank6-d0-pos3,208,s208-rank6,mismatched,0,True,long,False,-0.054645833333333504,True
Qwen/ON,s208-rank6-d0-pos4,208,s208-rank6,accurate,0,True,default,False,0.050458333333333494,False
Qwen/ON,s208-rank6-d0-pos4,208,s208-rank6,accurate,0,True,noise01,False,0.05874999999999986,False
Qwen/ON,s208-rank6-d0-pos4,208,s208-rank6,accurate,0,True,long,False,0.032874999999999766,False
Qwen/ON,s209-rank3-d0-pos0,209,s209-rank3,mismatched,0,True,default,False,-0.0009166666666666767,False
Qwen/ON,s209-rank3-d0-pos0,209,s209-rank3,mismatched,0,True,noise01,False,0.01070833333333332,False
Qwen/ON,s209-rank3-d0-pos0,209,s209-rank3,mismatched,0,True,long,False,0.003562500000000357,False
Qwen/ON,s209-rank3-d0-pos1,209,s209-rank3,background,0,True,default,False,0.16441666666666688,True
Qwen/ON,s209-rank3-d0-pos1,209,s209-rank3,background,0,True,noise01,False,0.13812500000000005,True
Qwen/ON,s209-rank3-d0-pos1,209,s209-rank3,background,0,True,long,False,0.14785416666666662,True
Qwen/ON,s209-rank3-d0-pos2,209,s209-rank3,accurate,0,True,default,False,-0.001291666666666691,False
Qwen/ON,s209-rank3-d0-pos2,209,s209-rank3,accurate,0,True,noise01,False,0.004666666666666375,False
Qwen/ON,s209-rank3-d0-pos2,209,s209-rank3,accurate,0,True,long,False,-0.0017916666666664138,False
Qwen/ON,s209-rank3-d0-pos3,209,s209-rank3,score,0,True,default,False,0.21558333333333346,True
Qwen/ON,s209-rank3-d0-pos3,209,s209-rank3,score,0,True,noise01,False,0.18433333333333302,True
Qwen/ON,s209-rank3-d0-pos3,209,s209-rank3,score,0,True,long,False,0.10718749999999999,True
Qwen/ON,s209-rank3-d0-pos4,209,s209-rank3,cooperation,0,True,default,False,0.050750000000000295,True
Qwen/ON,s209-rank3-d0-pos4,209,s209-rank3,cooperation,0,True,noise01,False,0.05799999999999983,True
Qwen/ON,s209-rank3-d0-pos4,209,s209-rank3,cooperation,0,True,long,False,0.028187500000000032,True
Qwen/ON,s211-rank1-d1-pos0,211,s211-rank1,mismatched,1,True,default,False,0.12145833333333345,True
Qwen/ON,s211-rank1-d1-pos0,211,s211-rank1,mismatched,1,True,noise01,False,0.15399999999999991,True
Qwen/ON,s211-rank1-d1-pos0,211,s211-rank1,mismatched,1,True,long,False,0.1230416666666665,True
Qwen/ON,s211-rank1-d1-pos1,211,s211-rank1,accurate,1,True,default,False,0.30145833333333316,True
Qwen/ON,s211-rank1-d1-pos1,211,s211-rank1,accurate,1,True,noise01,False,0.3211250000000003,True
Qwen/ON,s211-rank1-d1-pos1,211,s211-rank1,accurate,1,True,long,False,0.1656458333333335,True
Qwen/ON,s211-rank1-d1-pos2,211,s211-rank1,cooperation,1,True,default,False,0.0032916666666666927,False
Qwen/ON,s211-rank1-d1-pos2,211,s211-rank1,cooperation,1,True,noise01,False,0.05341666666666667,False
Qwen/ON,s211-rank1-d1-pos2,211,s211-rank1,cooperation,1,True,long,False,0.03508333333333358,False
Qwen/ON,s211-rank1-d1-pos3,211,s211-rank1,score,1,True,default,False,0.10579166666666673,True
Qwen/ON,s211-rank1-d1-pos3,211,s211-rank1,score,1,True,noise01,False,0.16145833333333348,True
Qwen/ON,s211-rank1-d1-pos3,211,s211-rank1,score,1,True,long,False,0.14545833333333347,True
Qwen/ON,s211-rank1-d1-pos4,211,s211-rank1,background,1,True,default,False,0.21533333333333315,True
Qwen/ON,s211-rank1-d1-pos4,211,s211-rank1,background,1,True,noise01,False,0.25579166666666664,True
Qwen/ON,s211-rank1-d1-pos4,211,s211-rank1,background,1,True,long,True,0.0,True
Qwen/ON,s218-rank6-d1-pos0,218,s218-rank6,cooperation,1,True,default,False,0.17974999999999985,True
Qwen/ON,s218-rank6-d1-pos0,218,s218-rank6,cooperation,1,True,noise01,False,0.1997083333333336,True
Qwen/ON,s218-rank6-d1-pos0,218,s218-rank6,cooperation,1,True,long,False,0.18025000000000002,True
Qwen/ON,s218-rank6-d1-pos1,218,s218-rank6,accurate,1,True,default,False,0.25616666666666665,True
Qwen/ON,s218-rank6-d1-pos1,218,s218-rank6,accurate,1,True,noise01,False,0.23270833333333352,True
Qwen/ON,s218-rank6-d1-pos1,218,s218-rank6,accurate,1,True,long,False,0.20954166666666696,True
Qwen/ON,s218-rank6-d1-pos2,218,s218-rank6,score,1,True,default,False,0.2918750000000001,True
Qwen/ON,s218-rank6-d1-pos2,218,s218-rank6,score,1,True,noise01,False,0.26779166666666665,True
Qwen/ON,s218-rank6-d1-pos2,218,s218-rank6,score,1,True,long,False,0.22837500000000022,True
Qwen/ON,s218-rank6-d1-pos3,218,s218-rank6,mismatched,1,True,default,False,0.2675416666666668,True
Qwen/ON,s218-rank6-d1-pos3,218,s218-rank6,mismatched,1,True,noise01,False,0.2708750000000002,True
Qwen/ON,s218-rank6-d1-pos3,218,s218-rank6,mismatched,1,True,long,False,0.2122708333333332,True
Qwen/ON,s218-rank6-d1-pos4,218,s218-rank6,background,1,True,default,False,0.17962500000000015,True
Qwen/ON,s218-rank6-d1-pos4,218,s218-rank6,background,1,True,noise01,False,0.15704166666666675,True
Qwen/ON,s218-rank6-d1-pos4,218,s218-rank6,background,1,True,long,False,0.17495833333333333,True
Qwen/ON,s216-rank6-d0-pos0,216,s216-rank6,mismatched,0,True,default,False,0.09095833333333325,False
Qwen/ON,s216-rank6-d0-pos0,216,s216-rank6,mismatched,0,True,noise01,False,0.09912500000000013,False
Qwen/ON,s216-rank6-d0-pos0,216,s216-rank6,mismatched,0,True,long,False,0.08762499999999984,False
Qwen/ON,s216-rank6-d0-pos1,216,s216-rank6,accurate,0,True,default,False,0.06125000000000003,False
Qwen/ON,s216-rank6-d0-pos1,216,s216-rank6,accurate,0,True,noise01,False,0.0763750000000003,False
Qwen/ON,s216-rank6-d0-pos1,216,s216-rank6,accurate,0,True,long,False,0.07485416666666644,False
Qwen/ON,s216-rank6-d0-pos2,216,s216-rank6,score,0,True,default,False,0.36704166666666693,True
Qwen/ON,s216-rank6-d0-pos2,216,s216-rank6,score,0,True,noise01,False,0.3432916666666668,True
Qwen/ON,s216-rank6-d0-pos2,216,s216-rank6,score,0,True,long,False,0.22043749999999984,True
Qwen/ON,s216-rank6-d0-pos3,216,s216-rank6,background,0,True,default,False,0.14470833333333322,True
Qwen/ON,s216-rank6-d0-pos3,216,s216-rank6,background,0,True,noise01,False,0.14208333333333356,True
Qwen/ON,s216-rank6-d0-pos3,216,s216-rank6,background,0,True,long,False,0.10595833333333338,True
Qwen/ON,s216-rank6-d0-pos4,216,s216-rank6,cooperation,0,True,default,False,0.1901666666666666,True
Qwen/ON,s216-rank6-d0-pos4,216,s216-rank6,cooperation,0,True,noise01,False,0.19625000000000026,True
Qwen/ON,s216-rank6-d0-pos4,216,s216-rank6,cooperation,0,True,long,False,0.1208958333333332,True
Qwen/ON,s210-rank1-d1-pos0,210,s210-rank1,background,1,True,default,False,0.012916666666666687,False
Qwen/ON,s210-rank1-d1-pos0,210,s210-rank1,background,1,True,noise01,False,0.02170833333333344,False
Qwen/ON,s210-rank1-d1-pos0,210,s210-rank1,background,1,True,long,False,-0.008104166666666579,False
Qwen/ON,s210-rank1-d1-pos1,210,s210-rank1,score,1,True,default,False,0.21033333333333326,True
Qwen/ON,s210-rank1-d1-pos1,210,s210-rank1,score,1,True,noise01,False,0.18529166666666685,True
Qwen/ON,s210-rank1-d1-pos1,210,s210-rank1,score,1,True,long,True,0.0,True
Qwen/ON,s210-rank1-d1-pos2,210,s210-rank1,cooperation,1,False,default,True,0.0,False
Qwen/ON,s210-rank1-d1-pos2,210,s210-rank1,cooperation,1,False,noise01,True,0.0,False
Qwen/ON,s210-rank1-d1-pos2,210,s210-rank1,cooperation,1,False,long,True,0.0,False
Qwen/ON,s210-rank1-d1-pos3,210,s210-rank1,accurate,1,True,default,False,0.029041666666666632,False
Qwen/ON,s210-rank1-d1-pos3,210,s210-rank1,accurate,1,True,noise01,False,0.024958333333333416,False
Qwen/ON,s210-rank1-d1-pos3,210,s210-rank1,accurate,1,True,long,False,-0.008874999999999744,False
Qwen/ON,s210-rank1-d1-pos4,210,s210-rank1,mismatched,1,True,default,False,-0.0030416666666668313,False
Qwen/ON,s210-rank1-d1-pos4,210,s210-rank1,mismatched,1,True,noise01,False,-0.0083749999999998,False
Qwen/ON,s210-rank1-d1-pos4,210,s210-rank1,mismatched,1,True,long,False,-0.012937499999999824,False
Qwen/ON,s211-rank3-d0-pos0,211,s211-rank3,mismatched,0,True,default,False,0.2326250000000003,True
Qwen/ON,s211-rank3-d0-pos0,211,s211-rank3,mismatched,0,True,noise01,False,0.25683333333333325,True
Qwen/ON,s211-rank3-d0-pos0,211,s211-rank3,mismatched,0,True,long,False,0.1381874999999999,True
Qwen/ON,s211-rank3-d0-pos1,211,s211-rank3,accurate,0,True,default,False,0.0022499999999998632,False
Qwen/ON,s211-rank3-d0-pos1,211,s211-rank3,accurate,0,True,noise01,False,0.05062499999999992,False
Qwen/ON,s211-rank3-d0-pos1,211,s211-rank3,accurate,0,True,long,False,0.024916666666666476,False
Qwen/ON,s211-rank3-d0-pos2,211,s211-rank3,cooperation,0,True,default,False,0.06304166666666666,True
Qwen/ON,s211-rank3-d0-pos2,211,s211-rank3,cooperation,0,True,noise01,False,0.11091666666666677,True
Qwen/ON,s211-rank3-d0-pos2,211,s211-rank3,cooperation,0,True,long,False,0.05506249999999979,True
Qwen/ON,s211-rank3-d0-pos3,211,s211-rank3,score,0,True,default,False,0.028124999999999956,False
Qwen/ON,s211-rank3-d0-pos3,211,s211-rank3,score,0,True,noise01,False,0.06954166666666683,False
Qwen/ON,s211-rank3-d0-pos3,211,s211-rank3,score,0,True,long,False,0.04814583333333333,False
Qwen/ON,s211-rank3-d0-pos4,211,s211-rank3,background,0,False,default,True,0.0,False
Qwen/ON,s211-rank3-d0-pos4,211,s211-rank3,background,0,False,noise01,True,0.0,False
Qwen/ON,s211-rank3-d0-pos4,211,s211-rank3,background,0,False,long,True,0.0,False
Qwen/ON,s204-rank3-d1-pos0,204,s204-rank3,score,1,False,default,True,0.0,False
Qwen/ON,s204-rank3-d1-pos0,204,s204-rank3,score,1,False,noise01,True,0.0,False
Qwen/ON,s204-rank3-d1-pos0,204,s204-rank3,score,1,False,long,True,0.0,False
Qwen/ON,s204-rank3-d1-pos1,204,s204-rank3,mismatched,1,True,default,False,0.00491666666666668,True
Qwen/ON,s204-rank3-d1-pos1,204,s204-rank3,mismatched,1,True,noise01,False,0.03504166666666686,True
Qwen/ON,s204-rank3-d1-pos1,204,s204-rank3,mismatched,1,True,long,False,0.0028333333333334654,True
Qwen/ON,s204-rank3-d1-pos2,204,s204-rank3,cooperation,1,True,default,False,0.021624999999999783,True
Qwen/ON,s204-rank3-d1-pos2,204,s204-rank3,cooperation,1,True,noise01,False,0.02120833333333305,True
Qwen/ON,s204-rank3-d1-pos2,204,s204-rank3,cooperation,1,True,long,False,0.020583333333333398,True
Qwen/ON,s204-rank3-d1-pos3,204,s204-rank3,accurate,1,True,default,False,0.039541666666666586,False
Qwen/ON,s204-rank3-d1-pos3,204,s204-rank3,accurate,1,True,noise01,False,0.05704166666666666,False
Qwen/ON,s204-rank3-d1-pos3,204,s204-rank3,accurate,1,True,long,False,-0.06508333333333316,False
Qwen/ON,s204-rank3-d1-pos4,204,s204-rank3,background,1,False,default,True,0.0,False
Qwen/ON,s204-rank3-d1-pos4,204,s204-rank3,background,1,False,noise01,True,0.0,False
Qwen/ON,s204-rank3-d1-pos4,204,s204-rank3,background,1,False,long,True,0.0,False
Qwen/ON,s217-rank6-d1-pos0,217,s217-rank6,accurate,1,True,default,False,0.027000000000000135,False
Qwen/ON,s217-rank6-d1-pos0,217,s217-rank6,accurate,1,True,noise01,False,-0.004583333333333384,False
Qwen/ON,s217-rank6-d1-pos0,217,s217-rank6,accurate,1,True,long,False,0.09510416666666655,False
Qwen/ON,s217-rank6-d1-pos1,217,s217-rank6,mismatched,1,True,default,False,0.1353749999999998,True
Qwen/ON,s217-rank6-d1-pos1,217,s217-rank6,mismatched,1,True,noise01,False,0.10550000000000037,True
Qwen/ON,s217-rank6-d1-pos1,217,s217-rank6,mismatched,1,True,long,False,0.15424999999999978,True
Qwen/ON,s217-rank6-d1-pos2,217,s217-rank6,cooperation,1,True,default,False,0.08358333333333334,True
Qwen/ON,s217-rank6-d1-pos2,217,s217-rank6,cooperation,1,True,noise01,False,0.039583333333333526,True
Qwen/ON,s217-rank6-d1-pos2,217,s217-rank6,cooperation,1,True,long,False,0.12627083333333333,True
Qwen/ON,s217-rank6-d1-pos3,217,s217-rank6,background,1,True,default,False,-0.02066666666666661,True
Qwen/ON,s217-rank6-d1-pos3,217,s217-rank6,background,1,True,noise01,False,-0.02879166666666655,True
Qwen/ON,s217-rank6-d1-pos3,217,s217-rank6,background,1,True,long,False,0.06968749999999968,True
Qwen/ON,s217-rank6-d1-pos4,217,s217-rank6,score,1,True,default,False,-0.08833333333333315,False
Qwen/ON,s217-rank6-d1-pos4,217,s217-rank6,score,1,True,noise01,False,-0.05666666666666642,False
Qwen/ON,s217-rank6-d1-pos4,217,s217-rank6,score,1,True,long,False,0.07997916666666649,False
Qwen/ON,s215-rank6-d0-pos0,215,s215-rank6,background,0,True,default,False,0.30887500000000023,True
Qwen/ON,s215-rank6-d0-pos0,215,s215-rank6,background,0,True,noise01,False,0.3182499999999997,True
Qwen/ON,s215-rank6-d0-pos0,215,s215-rank6,background,0,True,long,False,0.3069791666666666,True
Qwen/ON,s215-rank6-d0-pos1,215,s215-rank6,accurate,0,True,default,False,0.20845833333333363,True
Qwen/ON,s215-rank6-d0-pos1,215,s215-rank6,accurate,0,True,noise01,False,0.20516666666666672,True
Qwen/ON,s215-rank6-d0-pos1,215,s215-rank6,accurate,0,True,long,False,0.18508333333333327,True
Qwen/ON,s215-rank6-d0-pos2,215,s215-rank6,mismatched,0,True,default,False,0.2612083333333335,False
Qwen/ON,s215-rank6-d0-pos2,215,s215-rank6,mismatched,0,True,noise01,False,0.2582916666666668,False
Qwen/ON,s215-rank6-d0-pos2,215,s215-rank6,mismatched,0,True,long,False,0.20629166666666676,False
Qwen/ON,s215-rank6-d0-pos3,215,s215-rank6,cooperation,0,True,default,False,0.12645833333333334,False
Qwen/ON,s215-rank6-d0-pos3,215,s215-rank6,cooperation,0,True,noise01,False,0.19191666666666674,False
Qwen/ON,s215-rank6-d0-pos3,215,s215-rank6,cooperation,0,True,long,False,0.09699999999999998,False
Qwen/ON,s215-rank6-d0-pos4,215,s215-rank6,score,0,True,default,False,0.3254583333333334,True
Qwen/ON,s215-rank6-d0-pos4,215,s215-rank6,score,0,True,noise01,False,0.3121666666666669,True
Qwen/ON,s215-rank6-d0-pos4,215,s215-rank6,score,0,True,long,False,0.2338958333333332,True
Qwen/ON,s200-rank1-d0-pos0,200,s200-rank1,mismatched,0,True,default,False,0.12733333333333352,True
Qwen/ON,s200-rank1-d0-pos0,200,s200-rank1,mismatched,0,True,noise01,False,0.13141666666666674,True
Qwen/ON,s200-rank1-d0-pos0,200,s200-rank1,mismatched,0,True,long,False,0.05181250000000004,True
Qwen/ON,s200-rank1-d0-pos1,200,s200-rank1,background,0,True,default,False,0.11012500000000003,True
Qwen/ON,s200-rank1-d0-pos1,200,s200-rank1,background,0,True,noise01,False,0.11870833333333386,True
Qwen/ON,s200-rank1-d0-pos1,200,s200-rank1,background,0,True,long,False,0.04847916666666663,True
Qwen/ON,s200-rank1-d0-pos2,200,s200-rank1,cooperation,0,True,default,False,0.011500000000000066,True
Qwen/ON,s200-rank1-d0-pos2,200,s200-rank1,cooperation,0,True,noise01,False,0.004375000000000018,True
Qwen/ON,s200-rank1-d0-pos2,200,s200-rank1,cooperation,0,True,long,False,-0.017145833333333194,True
Qwen/ON,s200-rank1-d0-pos3,200,s200-rank1,accurate,0,True,default,False,0.1800833333333336,True
Qwen/ON,s200-rank1-d0-pos3,200,s200-rank1,accurate,0,True,noise01,False,0.09979166666666672,True
Qwen/ON,s200-rank1-d0-pos3,200,s200-rank1,accurate,0,True,long,False,0.16560416666666677,True
Qwen/ON,s200-rank1-d0-pos4,200,s200-rank1,score,0,True,default,False,0.0778749999999997,False
Qwen/ON,s200-rank1-d0-pos4,200,s200-rank1,score,0,True,noise01,False,0.048875000000000224,False
Qwen/ON,s200-rank1-d0-pos4,200,s200-rank1,score,0,True,long,False,0.03397916666666667,False
Qwen/ON,s218-rank1-d0-pos0,218,s218-rank1,cooperation,0,True,default,False,0.057375000000000176,True
Qwen/ON,s218-rank1-d0-pos0,218,s218-rank1,cooperation,0,True,noise01,False,0.05341666666666667,True
Qwen/ON,s218-rank1-d0-pos0,218,s218-rank1,cooperation,0,True,long,False,0.11624999999999996,True
Qwen/ON,s218-rank1-d0-pos1,218,s218-rank1,accurate,0,True,default,False,0.0034166666666668455,False
Qwen/ON,s218-rank1-d0-pos1,218,s218-rank1,accurate,0,True,noise01,False,0.011833333333333584,False
Qwen/ON,s218-rank1-d0-pos1,218,s218-rank1,accurate,0,True,long,False,0.08664583333333353,False
Qwen/ON,s218-rank1-d0-pos2,218,s218-rank1,score,0,True,default,False,0.018166666666666664,True
Qwen/ON,s218-rank1-d0-pos2,218,s218-rank1,score,0,True,noise01,False,0.006541666666666668,True
Qwen/ON,s218-rank1-d0-pos2,218,s218-rank1,score,0,True,long,False,0.09389583333333351,True
Qwen/ON,s218-rank1-d0-pos3,218,s218-rank1,mismatched,0,False,default,True,0.0,False
Qwen/ON,s218-rank1-d0-pos3,218,s218-rank1,mismatched,0,False,noise01,True,0.0,False
Qwen/ON,s218-rank1-d0-pos3,218,s218-rank1,mismatched,0,False,long,True,0.0,False
Qwen/ON,s218-rank1-d0-pos4,218,s218-rank1,background,0,True,default,False,0.11250000000000004,True
Qwen/ON,s218-rank1-d0-pos4,218,s218-rank1,background,0,True,noise01,False,0.10775000000000023,True
Qwen/ON,s218-rank1-d0-pos4,218,s218-rank1,background,0,True,long,False,0.15327083333333347,True
Qwen/ON,s219-rank1-d1-pos0,219,s219-rank1,accurate,1,True,default,False,0.09554166666666686,True
Qwen/ON,s219-rank1-d1-pos0,219,s219-rank1,accurate,1,True,noise01,False,0.11833333333333362,True
Qwen/ON,s219-rank1-d1-pos0,219,s219-rank1,accurate,1,True,long,False,0.026999999999999913,True
Qwen/ON,s219-rank1-d1-pos1,219,s219-rank1,score,1,False,default,True,0.0,False
Qwen/ON,s219-rank1-d1-pos1,219,s219-rank1,score,1,False,noise01,True,0.0,False
Qwen/ON,s219-rank1-d1-pos1,219,s219-rank1,score,1,False,long,True,0.0,False
Qwen/ON,s219-rank1-d1-pos2,219,s219-rank1,cooperation,1,True,default,False,0.05787500000000034,True
Qwen/ON,s219-rank1-d1-pos2,219,s219-rank1,cooperation,1,True,noise01,False,0.07758333333333356,True
Qwen/ON,s219-rank1-d1-pos2,219,s219-rank1,cooperation,1,True,long,False,0.01706249999999998,True
Qwen/ON,s219-rank1-d1-pos3,219,s219-rank1,background,1,True,default,False,0.08929166666666677,True
Qwen/ON,s219-rank1-d1-pos3,219,s219-rank1,background,1,True,noise01,False,0.07791666666666686,True
Qwen/ON,s219-rank1-d1-pos3,219,s219-rank1,background,1,True,long,False,0.02560416666666665,True
Qwen/ON,s219-rank1-d1-pos4,219,s219-rank1,mismatched,1,False,default,True,0.0,False
Qwen/ON,s219-rank1-d1-pos4,219,s219-rank1,mismatched,1,False,noise01,True,0.0,False
Qwen/ON,s219-rank1-d1-pos4,219,s219-rank1,mismatched,1,False,long,True,0.0,False
Qwen/ON,s214-rank3-d1-pos0,214,s214-rank3,mismatched,1,True,default,False,0.12295833333333328,True
Qwen/ON,s214-rank3-d1-pos0,214,s214-rank3,mismatched,1,True,noise01,False,0.12433333333333363,True
Qwen/ON,s214-rank3-d1-pos0,214,s214-rank3,mismatched,1,True,long,True,0.0,True
Qwen/ON,s214-rank3-d1-pos1,214,s214-rank3,background,1,True,default,False,0.17779166666666657,True
Qwen/ON,s214-rank3-d1-pos1,214,s214-rank3,background,1,True,noise01,False,0.17995833333333366,True
Qwen/ON,s214-rank3-d1-pos1,214,s214-rank3,background,1,True,long,False,0.04660416666666656,True
Qwen/ON,s214-rank3-d1-pos2,214,s214-rank3,accurate,1,True,default,False,0.03533333333333322,False
Qwen/ON,s214-rank3-d1-pos2,214,s214-rank3,accurate,1,True,noise01,False,0.028291666666666604,False
Qwen/ON,s214-rank3-d1-pos2,214,s214-rank3,accurate,1,True,long,False,-0.04141666666666666,False
Qwen/ON,s214-rank3-d1-pos3,214,s214-rank3,score,1,False,default,True,0.0,False
Qwen/ON,s214-rank3-d1-pos3,214,s214-rank3,score,1,False,noise01,True,0.0,False
Qwen/ON,s214-rank3-d1-pos3,214,s214-rank3,score,1,False,long,True,0.0,False
Qwen/ON,s214-rank3-d1-pos4,214,s214-rank3,cooperation,1,True,default,False,0.12079166666666663,True
Qwen/ON,s214-rank3-d1-pos4,214,s214-rank3,cooperation,1,True,noise01,False,0.14300000000000002,True
Qwen/ON,s214-rank3-d1-pos4,214,s214-rank3,cooperation,1,True,long,False,0.08235416666666673,True
Qwen/ON,s219-rank3-d0-pos0,219,s219-rank3,accurate,0,True,default,False,0.01737499999999992,False
Qwen/ON,s219-rank3-d0-pos0,219,s219-rank3,accurate,0,True,noise01,False,-0.002000000000000224,False
Qwen/ON,s219-rank3-d0-pos0,219,s219-rank3,accurate,0,True,long,False,-0.01966666666666672,False
Qwen/ON,s219-rank3-d0-pos1,219,s219-rank3,score,0,True,default,False,0.17441666666666644,True
Qwen/ON,s219-rank3-d0-pos1,219,s219-rank3,score,0,True,noise01,False,0.15108333333333301,True
Qwen/ON,s219-rank3-d0-pos1,219,s219-rank3,score,0,True,long,False,0.050187500000000274,True
Qwen/ON,s219-rank3-d0-pos2,219,s219-rank3,cooperation,0,True,default,False,0.038541666666666474,False
Qwen/ON,s219-rank3-d0-pos2,219,s219-rank3,cooperation,0,True,noise01,False,0.03920833333333307,False
Qwen/ON,s219-rank3-d0-pos2,219,s219-rank3,cooperation,0,True,long,False,-0.010270833333333451,False
Qwen/ON,s219-rank3-d0-pos3,219,s219-rank3,background,0,True,default,False,0.0239999999999998,False
Qwen/ON,s219-rank3-d0-pos3,219,s219-rank3,background,0,True,noise01,False,0.022916666666666474,False
Qwen/ON,s219-rank3-d0-pos3,219,s219-rank3,background,0,True,long,False,-0.01504166666666662,False
Qwen/ON,s219-rank3-d0-pos4,219,s219-rank3,mismatched,0,True,default,False,0.04641666666666633,False
Qwen/ON,s219-rank3-d0-pos4,219,s219-rank3,mismatched,0,True,noise01,False,0.04962500000000003,False
Qwen/ON,s219-rank3-d0-pos4,219,s219-rank3,mismatched,0,True,long,False,-0.005270833333333336,False
Qwen/ON,s216-rank1-d1-pos0,216,s216-rank1,mismatched,1,True,default,False,0.05341666666666667,False
Qwen/ON,s216-rank1-d1-pos0,216,s216-rank1,mismatched,1,True,noise01,False,0.033625000000000016,False
Qwen/ON,s216-rank1-d1-pos0,216,s216-rank1,mismatched,1,True,long,False,0.02545833333333336,False
Qwen/ON,s216-rank1-d1-pos1,216,s216-rank1,accurate,1,True,default,False,0.15916666666666712,False
Qwen/ON,s216-rank1-d1-pos1,216,s216-rank1,accurate,1,True,noise01,False,0.18454166666666683,False
Qwen/ON,s216-rank1-d1-pos1,216,s216-rank1,accurate,1,True,long,False,0.0896041666666667,False
Qwen/ON,s216-rank1-d1-pos2,216,s216-rank1,score,1,False,default,True,0.0,False
Qwen/ON,s216-rank1-d1-pos2,216,s216-rank1,score,1,False,noise01,True,0.0,False
Qwen/ON,s216-rank1-d1-pos2,216,s216-rank1,score,1,False,long,True,0.0,False
Qwen/ON,s216-rank1-d1-pos3,216,s216-rank1,background,1,True,default,False,0.019208333333333272,False
Qwen/ON,s216-rank1-d1-pos3,216,s216-rank1,background,1,True,noise01,False,0.020291666666666597,False
Qwen/ON,s216-rank1-d1-pos3,216,s216-rank1,background,1,True,long,False,0.014145833333333524,False
Qwen/ON,s216-rank1-d1-pos4,216,s216-rank1,cooperation,1,True,default,False,0.02708333333333357,True
Qwen/ON,s216-rank1-d1-pos4,216,s216-rank1,cooperation,1,True,noise01,False,0.025333333333333208,True
Qwen/ON,s216-rank1-d1-pos4,216,s216-rank1,cooperation,1,True,long,False,0.023333333333333428,True
Qwen/ON,s201-rank6-d1-pos0,201,s201-rank6,accurate,1,True,default,False,0.15566666666666684,False
Qwen/ON,s201-rank6-d1-pos0,201,s201-rank6,accurate,1,True,noise01,False,0.14416666666666633,False
Qwen/ON,s201-rank6-d1-pos0,201,s201-rank6,accurate,1,True,long,False,0.09456249999999988,False
Qwen/ON,s201-rank6-d1-pos1,201,s201-rank6,cooperation,1,True,default,False,0.21812500000000012,True
Qwen/ON,s201-rank6-d1-pos1,201,s201-rank6,cooperation,1,True,noise01,False,0.17987499999999979,True
Qwen/ON,s201-rank6-d1-pos1,201,s201-rank6,cooperation,1,True,long,False,0.11772916666666644,True
Qwen/ON,s201-rank6-d1-pos2,201,s201-rank6,score,1,True,default,False,0.07220833333333321,False
Qwen/ON,s201-rank6-d1-pos2,201,s201-rank6,score,1,True,noise01,False,0.08624999999999994,False
Qwen/ON,s201-rank6-d1-pos2,201,s201-rank6,score,1,True,long,False,0.06047916666666642,False
Qwen/ON,s201-rank6-d1-pos3,201,s201-rank6,mismatched,1,True,default,False,0.16308333333333325,False
Qwen/ON,s201-rank6-d1-pos3,201,s201-rank6,mismatched,1,True,noise01,False,0.13558333333333317,False
Qwen/ON,s201-rank6-d1-pos3,201,s201-rank6,mismatched,1,True,long,False,0.09822916666666659,False
Qwen/ON,s201-rank6-d1-pos4,201,s201-rank6,background,1,True,default,False,0.005708333333333426,True
Qwen/ON,s201-rank6-d1-pos4,201,s201-rank6,background,1,True,noise01,False,0.03895833333333343,True
Qwen/ON,s201-rank6-d1-pos4,201,s201-rank6,background,1,True,long,False,0.033791666666666664,True
Qwen/ON,s204-rank6-d1-pos0,204,s204-rank6,score,1,False,default,True,0.0,False
Qwen/ON,s204-rank6-d1-pos0,204,s204-rank6,score,1,False,noise01,True,0.0,False
Qwen/ON,s204-rank6-d1-pos0,204,s204-rank6,score,1,False,long,True,0.0,False
Qwen/ON,s204-rank6-d1-pos1,204,s204-rank6,mismatched,1,True,default,False,0.23304166666666637,False
Qwen/ON,s204-rank6-d1-pos1,204,s204-rank6,mismatched,1,True,noise01,False,0.2651666666666668,False
Qwen/ON,s204-rank6-d1-pos1,204,s204-rank6,mismatched,1,True,long,False,0.1680625,False
Qwen/ON,s204-rank6-d1-pos2,204,s204-rank6,cooperation,1,True,default,False,0.18179166666666635,True
Qwen/ON,s204-rank6-d1-pos2,204,s204-rank6,cooperation,1,True,noise01,False,0.17300000000000026,True
Qwen/ON,s204-rank6-d1-pos2,204,s204-rank6,cooperation,1,True,long,False,0.1280625000000002,True
Qwen/ON,s204-rank6-d1-pos3,204,s204-rank6,accurate,1,True,default,False,0.1905833333333331,False
Qwen/ON,s204-rank6-d1-pos3,204,s204-rank6,accurate,1,True,noise01,False,0.1784166666666669,False
Qwen/ON,s204-rank6-d1-pos3,204,s204-rank6,accurate,1,True,long,False,0.14583333333333348,False
Qwen/ON,s204-rank6-d1-pos4,204,s204-rank6,background,1,True,default,False,0.0954999999999997,False
Qwen/ON,s204-rank6-d1-pos4,204,s204-rank6,background,1,True,noise01,False,0.10091666666666677,False
Qwen/ON,s204-rank6-d1-pos4,204,s204-rank6,background,1,True,long,False,0.09531250000000013,False
Qwen/ON,s205-rank6-d1-pos0,205,s205-rank6,mismatched,1,True,default,False,0.037666666666666515,True
Qwen/ON,s205-rank6-d1-pos0,205,s205-rank6,mismatched,1,True,noise01,False,0.06329166666666675,True
Qwen/ON,s205-rank6-d1-pos0,205,s205-rank6,mismatched,1,True,long,False,-0.016833333333333478,True
Qwen/ON,s205-rank6-d1-pos1,205,s205-rank6,score,1,True,default,False,-0.11841666666666684,False
Qwen/ON,s205-rank6-d1-pos1,205,s205-rank6,score,1,True,noise01,False,-0.0778333333333332,False
Qwen/ON,s205-rank6-d1-pos1,205,s205-rank6,score,1,True,long,False,-0.10033333333333339,False
Qwen/ON,s205-rank6-d1-pos2,205,s205-rank6,background,1,True,default,False,-0.003375000000000128,False
Qwen/ON,s205-rank6-d1-pos2,205,s205-rank6,background,1,True,noise01,False,0.0009999999999998899,False
Qwen/ON,s205-rank6-d1-pos2,205,s205-rank6,background,1,True,long,False,-0.03735416666666658,False
Qwen/ON,s205-rank6-d1-pos3,205,s205-rank6,accurate,1,True,default,False,-0.0019166666666667886,False
Qwen/ON,s205-rank6-d1-pos3,205,s205-rank6,accurate,1,True,noise01,False,0.011125000000000274,False
Qwen/ON,s205-rank6-d1-pos3,205,s205-rank6,accurate,1,True,long,False,-0.034833333333333494,False
Qwen/ON,s205-rank6-d1-pos4,205,s205-rank6,cooperation,1,True,default,False,0.036333333333332885,False
Qwen/ON,s205-rank6-d1-pos4,205,s205-rank6,cooperation,1,True,noise01,False,0.054208333333333414,False
Qwen/ON,s205-rank6-d1-pos4,205,s205-rank6,cooperation,1,True,long,False,-0.014062500000000089,False
Qwen/ON,s205-rank1-d1-pos0,205,s205-rank1,mismatched,1,True,default,False,0.010166666666666435,True
Qwen/ON,s205-rank1-d1-pos0,205,s205-rank1,mismatched,1,True,noise01,False,-0.006041666666666723,True
Qwen/ON,s205-rank1-d1-pos0,205,s205-rank1,mismatched,1,True,long,False,-0.026145833333333313,True
Qwen/ON,s205-rank1-d1-pos1,205,s205-rank1,score,1,True,default,False,-0.07591666666666663,False
Qwen/ON,s205-rank1-d1-pos1,205,s205-rank1,score,1,True,noise01,False,-0.07254166666666673,False
Qwen/ON,s205-rank1-d1-pos1,205,s205-rank1,score,1,True,long,False,-0.05800000000000005,False
Qwen/ON,s205-rank1-d1-pos2,205,s205-rank1,background,1,True,default,False,-0.12512500000000015,False
Qwen/ON,s205-rank1-d1-pos2,205,s205-rank1,background,1,True,noise01,False,-0.08291666666666653,False
Qwen/ON,s205-rank1-d1-pos2,205,s205-rank1,background,1,True,long,False,-0.144625,False
Qwen/ON,s205-rank1-d1-pos3,205,s205-rank1,accurate,1,True,default,False,0.12141666666666628,True
Qwen/ON,s205-rank1-d1-pos3,205,s205-rank1,accurate,1,True,noise01,False,0.10341666666666671,True
Qwen/ON,s205-rank1-d1-pos3,205,s205-rank1,accurate,1,True,long,False,0.04245833333333349,True
Qwen/ON,s205-rank1-d1-pos4,205,s205-rank1,cooperation,1,True,default,False,0.037958333333333094,True
Qwen/ON,s205-rank1-d1-pos4,205,s205-rank1,cooperation,1,True,noise01,False,0.04004166666666653,True
Qwen/ON,s205-rank1-d1-pos4,205,s205-rank1,cooperation,1,True,long,False,-0.0025208333333333055,True
Qwen/ON,s206-rank1-d1-pos0,206,s206-rank1,cooperation,1,True,default,False,0.09741666666666693,False
Qwen/ON,s206-rank1-d1-pos0,206,s206-rank1,cooperation,1,True,noise01,False,0.05833333333333335,False
Qwen/ON,s206-rank1-d1-pos0,206,s206-rank1,cooperation,1,True,long,False,0.12497916666666686,False
Qwen/ON,s206-rank1-d1-pos1,206,s206-rank1,background,1,True,default,False,0.0996250000000003,True
Qwen/ON,s206-rank1-d1-pos1,206,s206-rank1,background,1,True,noise01,False,0.07216666666666671,True
Qwen/ON,s206-rank1-d1-pos1,206,s206-rank1,background,1,True,long,False,0.03993750000000018,True
Qwen/ON,s206-rank1-d1-pos2,206,s206-rank1,accurate,1,True,default,False,0.1372500000000001,False
Qwen/ON,s206-rank1-d1-pos2,206,s206-rank1,accurate,1,True,noise01,False,0.1319999999999999,False
Qwen/ON,s206-rank1-d1-pos2,206,s206-rank1,accurate,1,True,long,False,0.12156250000000002,False
Qwen/ON,s206-rank1-d1-pos3,206,s206-rank1,mismatched,1,True,default,False,0.05833333333333335,False
Qwen/ON,s206-rank1-d1-pos3,206,s206-rank1,mismatched,1,True,noise01,False,0.04904166666666687,False
Qwen/ON,s206-rank1-d1-pos3,206,s206-rank1,mismatched,1,True,long,True,0.0,False
Qwen/ON,s206-rank1-d1-pos4,206,s206-rank1,score,1,True,default,False,0.1509166666666666,True
Qwen/ON,s206-rank1-d1-pos4,206,s206-rank1,score,1,True,noise01,False,0.13879166666666687,True
Qwen/ON,s206-rank1-d1-pos4,206,s206-rank1,score,1,True,long,False,0.10812500000000025,True
Qwen/ON,s212-rank6-d1-pos0,212,s212-rank6,accurate,1,True,default,False,0.25050000000000017,True
Qwen/ON,s212-rank6-d1-pos0,212,s212-rank6,accurate,1,True,noise01,False,0.2654583333333336,True
Qwen/ON,s212-rank6-d1-pos0,212,s212-rank6,accurate,1,True,long,False,0.09314583333333326,True
Qwen/ON,s212-rank6-d1-pos1,212,s212-rank6,score,1,True,default,False,0.022916666666666696,False
Qwen/ON,s212-rank6-d1-pos1,212,s212-rank6,score,1,True,noise01,False,0.02720833333333328,False
Qwen/ON,s212-rank6-d1-pos1,212,s212-rank6,score,1,True,long,False,-0.030750000000000055,False
Qwen/ON,s212-rank6-d1-pos2,212,s212-rank6,mismatched,1,True,default,False,0.029875000000000096,True
Qwen/ON,s212-rank6-d1-pos2,212,s212-rank6,mismatched,1,True,noise01,False,0.056541666666666934,True
Qwen/ON,s212-rank6-d1-pos2,212,s212-rank6,mismatched,1,True,long,False,-0.025333333333333208,True
Qwen/ON,s212-rank6-d1-pos3,212,s212-rank6,background,1,True,default,False,-0.09562499999999985,False
Qwen/ON,s212-rank6-d1-pos3,212,s212-rank6,background,1,True,noise01,False,-0.06279166666666658,False
Qwen/ON,s212-rank6-d1-pos3,212,s212-rank6,background,1,True,long,False,-0.08120833333333333,False
Qwen/ON,s212-rank6-d1-pos4,212,s212-rank6,cooperation,1,True,default,False,0.05445833333333372,True
Qwen/ON,s212-rank6-d1-pos4,212,s212-rank6,cooperation,1,True,noise01,False,0.07516666666666705,True
Qwen/ON,s212-rank6-d1-pos4,212,s212-rank6,cooperation,1,True,long,False,-0.018312500000000176,True
Qwen/ON,s217-rank1-d1-pos0,217,s217-rank1,accurate,1,True,default,False,0.0063749999999997975,False
Qwen/ON,s217-rank1-d1-pos0,217,s217-rank1,accurate,1,True,noise01,False,-0.0036249999999999893,False
Qwen/ON,s217-rank1-d1-pos0,217,s217-rank1,accurate,1,True,long,False,0.0013958333333332629,False
Qwen/ON,s217-rank1-d1-pos1,217,s217-rank1,mismatched,1,True,default,False,0.027499999999999858,True
Qwen/ON,s217-rank1-d1-pos1,217,s217-rank1,mismatched,1,True,noise01,False,0.019124999999999837,True
Qwen/ON,s217-rank1-d1-pos1,217,s217-rank1,mismatched,1,True,long,False,0.011083333333333334,True
Qwen/ON,s217-rank1-d1-pos2,217,s217-rank1,cooperation,1,True,default,False,-0.044500000000000206,False
Qwen/ON,s217-rank1-d1-pos2,217,s217-rank1,cooperation,1,True,noise01,False,-0.049000000000000155,False
Qwen/ON,s217-rank1-d1-pos2,217,s217-rank1,cooperation,1,True,long,False,-0.014291666666666814,False
Qwen/ON,s217-rank1-d1-pos3,217,s217-rank1,background,1,True,default,False,-0.04095833333333321,False
Qwen/ON,s217-rank1-d1-pos3,217,s217-rank1,background,1,True,noise01,False,-0.04154166666666681,False
Qwen/ON,s217-rank1-d1-pos3,217,s217-rank1,background,1,True,long,False,-0.018291666666666817,False
Qwen/ON,s217-rank1-d1-pos4,217,s217-rank1,score,1,True,default,False,-0.007541666666666558,False
Qwen/ON,s217-rank1-d1-pos4,217,s217-rank1,score,1,True,noise01,False,-0.005166666666666764,False
Qwen/ON,s217-rank1-d1-pos4,217,s217-rank1,score,1,True,long,False,-0.0002500000000000835,False
Qwen/ON,s214-rank6-d0-pos0,214,s214-rank6,mismatched,0,True,default,False,0.08508333333333318,True
Qwen/ON,s214-rank6-d0-pos0,214,s214-rank6,mismatched,0,True,noise01,False,0.09229166666666644,True
Qwen/ON,s214-rank6-d0-pos0,214,s214-rank6,mismatched,0,True,long,False,0.05968749999999989,True
Qwen/ON,s214-rank6-d0-pos1,214,s214-rank6,background,0,False,default,True,0.0,False
Qwen/ON,s214-rank6-d0-pos1,214,s214-rank6,background,0,False,noise01,True,0.0,False
Qwen/ON,s214-rank6-d0-pos1,214,s214-rank6,background,0,False,long,True,0.0,False
Qwen/ON,s214-rank6-d0-pos2,214,s214-rank6,accurate,0,True,default,False,0.1590833333333337,False
Qwen/ON,s214-rank6-d0-pos2,214,s214-rank6,accurate,0,True,noise01,False,0.13991666666666647,False
Qwen/ON,s214-rank6-d0-pos2,214,s214-rank6,accurate,0,True,long,False,0.10562499999999986,False
Qwen/ON,s214-rank6-d0-pos3,214,s214-rank6,score,0,False,default,True,0.0,False
Qwen/ON,s214-rank6-d0-pos3,214,s214-rank6,score,0,False,noise01,True,0.0,False
Qwen/ON,s214-rank6-d0-pos3,214,s214-rank6,score,0,False,long,True,0.0,False
Qwen/ON,s214-rank6-d0-pos4,214,s214-rank6,cooperation,0,True,default,False,0.2124999999999999,True
Qwen/ON,s214-rank6-d0-pos4,214,s214-rank6,cooperation,0,True,noise01,False,0.2101666666666666,True
Qwen/ON,s214-rank6-d0-pos4,214,s214-rank6,cooperation,0,True,long,False,0.26554166666666656,True
Qwen/ON,s214-rank1-d0-pos0,214,s214-rank1,mismatched,0,True,default,False,0.15466666666666673,True
Qwen/ON,s214-rank1-d0-pos0,214,s214-rank1,mismatched,0,True,noise01,False,0.13508333333333322,True
Qwen/ON,s214-rank1-d0-pos0,214,s214-rank1,mismatched,0,True,long,False,0.03945833333333337,True
Qwen/ON,s214-rank1-d0-pos1,214,s214-rank1,background,0,False,default,True,0.0,False
Qwen/ON,s214-rank1-d0-pos1,214,s214-rank1,background,0,False,noise01,True,0.0,False
Qwen/ON,s214-rank1-d0-pos1,214,s214-rank1,background,0,False,long,True,0.0,False
Qwen/ON,s214-rank1-d0-pos2,214,s214-rank1,accurate,0,True,default,False,0.054041666666666766,True
Qwen/ON,s214-rank1-d0-pos2,214,s214-rank1,accurate,0,True,noise01,False,0.051124999999999865,True
Qwen/ON,s214-rank1-d0-pos2,214,s214-rank1,accurate,0,True,long,False,-0.00016666666666687036,True
Qwen/ON,s214-rank1-d0-pos3,214,s214-rank1,score,0,False,default,True,0.0,False
Qwen/ON,s214-rank1-d0-pos3,214,s214-rank1,score,0,False,noise01,True,0.0,False
Qwen/ON,s214-rank1-d0-pos3,214,s214-rank1,score,0,False,long,True,0.0,False
Qwen/ON,s214-rank1-d0-pos4,214,s214-rank1,cooperation,0,True,default,False,0.15137500000000004,True
Qwen/ON,s214-rank1-d0-pos4,214,s214-rank1,cooperation,0,True,noise01,False,0.13175000000000026,True
Qwen/ON,s214-rank1-d0-pos4,214,s214-rank1,cooperation,0,True,long,False,0.12502083333333336,True
